ano,orgao_cod,orgao_nome_sigla,uo_cod,uo_nome_sigla,funcao_cod,subfuncao_cod,programa_cod,ident_projativ,proj_ativ,acao_cod,subprojeto_cod,categoria_cod,grupo_cod,fonte_cod,ipu_cod,iag_cod,programa_desc,acao_desc,vlr_loa_desp_ano0,vlr_loa_desp_ano1,vlr_loa_desp_ano2,vlr_loa_desp_ano3
2025,1010,ASSEMBLEIA LEGISLATIVA DO ESTADO DE MINAS GERAIS - ALMG,1011,ASSEMBLEIA LEGISLATIVA DO ESTADO DE MINAS GERAIS - ALMG,1,31,729,4,239,4239,1,3,1,10,1,0,PROCESSO LEGISLATIVO,ELABORAÇÃO LEGISLATIVA E ACOMPANHAMENTO DAS POLÍTICAS PÚBLICAS,1172392600,1243200923,1314492665,1388376614
2025,1010,ASSEMBLEIA LEGISLATIVA DO ESTADO DE MINAS GERAIS - ALMG,1011,ASSEMBLEIA LEGISLATIVA DO ESTADO DE MINAS GERAIS - ALMG,1,31,729,4,239,4239,1,3,3,10,1,0,PROCESSO LEGISLATIVO,ELABORAÇÃO LEGISLATIVA E ACOMPANHAMENTO DAS POLÍTICAS PÚBLICAS,257815000,273232000,288752000,304835000
2025,1010,ASSEMBLEIA LEGISLATIVA DO ESTADO DE MINAS GERAIS - ALMG,1011,ASSEMBLEIA LEGISLATIVA DO ESTADO DE MINAS GERAIS - ALMG,1,31,729,4,239,4239,1,3,3,10,7,0,PROCESSO LEGISLATIVO,ELABORAÇÃO LEGISLATIVA E ACOMPANHAMENTO DAS POLÍTICAS PÚBLICAS,64697000,68566000,72461000,76497000
2025,1010,ASSEMBLEIA LEGISLATIVA DO ESTADO DE MINAS GERAIS - ALMG,1011,ASSEMBLEIA LEGISLATIVA DO ESTADO DE MINAS GERAIS - ALMG,1,31,729,4,239,4239,1,3,3,60,1,0,PROCESSO LEGISLATIVO,ELABORAÇÃO LEGISLATIVA E ACOMPANHAMENTO DAS POLÍTICAS PÚBLICAS,21898400,23224000,24543000,25910000
2025,1010,ASSEMBLEIA LEGISLATIVA DO ESTADO DE MINAS GERAIS - ALMG,1011,ASSEMBLEIA LEGISLATIVA DO ESTADO DE MINAS GERAIS - ALMG,1,31,729,4,239,4239,1,4,4,10,1,0,PROCESSO LEGISLATIVO,ELABORAÇÃO LEGISLATIVA E ACOMPANHAMENTO DAS POLÍTICAS PÚBLICAS,11226000,11897000,12573000,13273000
2025,1010,ASSEMBLEIA LEGISLATIVA DO ESTADO DE MINAS GERAIS - ALMG,1011,ASSEMBLEIA LEGISLATIVA DO ESTADO DE MINAS GERAIS - ALMG,1,31,729,4,239,4239,1,4,5,10,1,0,PROCESSO LEGISLATIVO,ELABORAÇÃO LEGISLATIVA E ACOMPANHAMENTO DAS POLÍTICAS PÚBLICAS,11953000,11953000,11953000,11953000
2025,1010,ASSEMBLEIA LEGISLATIVA DO ESTADO DE MINAS GERAIS - ALMG,1011,ASSEMBLEIA LEGISLATIVA DO ESTADO DE MINAS GERAIS - ALMG,9,272,705,7,6,7006,1,3,1,10,1,0,APOIO ÀS POLÍTICAS PÚBLICAS,PROVENTOS DE INATIVOS CIVIS E PENSIONISTAS,1610000,1706000,1803000,1903000
2025,1010,ASSEMBLEIA LEGISLATIVA DO ESTADO DE MINAS GERAIS - ALMG,1011,ASSEMBLEIA LEGISLATIVA DO ESTADO DE MINAS GERAIS - ALMG,9,272,705,7,6,7006,1,3,1,10,5,0,APOIO ÀS POLÍTICAS PÚBLICAS,PROVENTOS DE INATIVOS CIVIS E PENSIONISTAS,352279000,373346234,394552539,416530000
2025,1010,ASSEMBLEIA LEGISLATIVA DO ESTADO DE MINAS GERAIS - ALMG,1011,ASSEMBLEIA LEGISLATIVA DO ESTADO DE MINAS GERAIS - ALMG,9,272,705,7,6,7006,1,3,1,42,5,0,APOIO ÀS POLÍTICAS PÚBLICAS,PROVENTOS DE INATIVOS CIVIS E PENSIONISTAS,103400000,109583000,115807000,122257000
2025,1010,ASSEMBLEIA LEGISLATIVA DO ESTADO DE MINAS GERAIS - ALMG,1011,ASSEMBLEIA LEGISLATIVA DO ESTADO DE MINAS GERAIS - ALMG,9,272,705,7,6,7006,1,3,1,43,5,0,APOIO ÀS POLÍTICAS PÚBLICAS,PROVENTOS DE INATIVOS CIVIS E PENSIONISTAS,120240000,127430000,134668000,142169000
2025,1010,ASSEMBLEIA LEGISLATIVA DO ESTADO DE MINAS GERAIS - ALMG,1011,ASSEMBLEIA LEGISLATIVA DO ESTADO DE MINAS GERAIS - ALMG,28,846,705,7,4,7004,1,3,1,10,9,0,APOIO ÀS POLÍTICAS PÚBLICAS,PRECATÓRIOS E SENTENÇAS JUDICIÁRIAS,1970000,2089600,2209993,2334760
2025,1010,ASSEMBLEIA LEGISLATIVA DO ESTADO DE MINAS GERAIS - ALMG,1011,ASSEMBLEIA LEGISLATIVA DO ESTADO DE MINAS GERAIS - ALMG,28,846,705,7,4,7004,1,3,3,10,9,0,APOIO ÀS POLÍTICAS PÚBLICAS,PRECATÓRIOS E SENTENÇAS JUDICIÁRIAS,30000,30000,30000,30000
2025,1010,ASSEMBLEIA LEGISLATIVA DO ESTADO DE MINAS GERAIS - ALMG,4121,FUNDO DE APOIO HABITACIONAL DA ASSEMBLEIA LEGISLATIVA DE MINAS GERAIS - FUNDHAB,10,302,764,4,539,4539,1,3,3,60,1,0,ASSISTÊNCIA COMPLEMENTAR,ASSISTÊNCIA COMPLEMENTAR,1000,1000,1000,1000
2025,1010,ASSEMBLEIA LEGISLATIVA DO ESTADO DE MINAS GERAIS - ALMG,4121,FUNDO DE APOIO HABITACIONAL DA ASSEMBLEIA LEGISLATIVA DE MINAS GERAIS - FUNDHAB,16,482,765,4,84,4084,1,4,5,60,1,0,APOIO HABITACIONAL,FINANCIAMENTO HABITACIONAL AOS SERVIDORES DA ASSEMBLEIA LEGISLATIVA,17999000,14999000,11999000,9999000
2025,1190,SECRETARIA DE ESTADO DE FAZENDA - SEF,4621,FUNDO DE INVESTIMENTO DO ESTADO DE MINAS GERAIS - MG INVESTE,22,661,20,4,444,4444,1,4,5,60,1,0,FOMENTO E INCENTIVO DE INVESTIMENTOS,MG INVESTE,2000,2000,2000,2000
2025,1220,SECRETARIA DE ESTADO DE DESENVOLVIMENTO ECONÔMICO - SEDE,4111,FUNDO DE FOMENTO E DESENVOLVIMENTO SOCIOECONÔMICO DO ESTADO DE MINAS GERAIS - FUNDESE,23,691,24,4,41,4041,1,4,5,60,1,0,DESENVOLVIMENTO SOCIOECONÔMICO,FUNDESE GERAMINAS,1000,1000,1000,1000
2025,1220,SECRETARIA DE ESTADO DE DESENVOLVIMENTO ECONÔMICO - SEDE,4111,FUNDO DE FOMENTO E DESENVOLVIMENTO SOCIOECONÔMICO DO ESTADO DE MINAS GERAIS - FUNDESE,23,691,24,4,42,4042,1,4,5,60,1,0,DESENVOLVIMENTO SOCIOECONÔMICO,FUNDESE EMPRESA MINEIRA COMPETITIVA,1000,1000,1000,1000
2025,1220,SECRETARIA DE ESTADO DE DESENVOLVIMENTO ECONÔMICO - SEDE,4111,FUNDO DE FOMENTO E DESENVOLVIMENTO SOCIOECONÔMICO DO ESTADO DE MINAS GERAIS - FUNDESE,23,691,24,4,43,4043,1,4,5,60,1,0,DESENVOLVIMENTO SOCIOECONÔMICO,FUNDESE BASE TECNOLOGICA,1000,1000,1000,1000
2025,1230,"SECRETARIA DE ESTADO DE AGRICULTURA, PECUÁRIA E ABASTECIMENTO - SEAPA",3051,EMPRESA DE PESQUISA AGROPECUÁRIA DE MINAS GERAIS - EPAMIG,19,571,16,4,18,4018,1,3,3,60,1,0,INOVAÇÕES E SOLUÇÕES TECNOLÓGICAS PARA A AGROPECUÁRIA E A AGROINDÚSTRIA,DESENVOLVIMENTO DE PESQUISA AGROPECUÁRIA E AGROINDUSTRIAL,1000,0,0,0
2025,1250,POLÍCIA MILITAR DO ESTADO DE MINAS GERAIS - PMMG,2121,INSTITUTO DE PREVIDÊNCIA DOS SERVIDORES MILITARES DO ESTADO DE MINAS GERAIS - IPSM,28,846,705,7,4,7004,1,3,1,60,9,0,APOIO ÀS POLÍTICAS PÚBLICAS,PRECATÓRIOS E SENTENÇAS JUDICIÁRIAS,16602877,0,0,0
2025,1250,POLÍCIA MILITAR DO ESTADO DE MINAS GERAIS - PMMG,2121,INSTITUTO DE PREVIDÊNCIA DOS SERVIDORES MILITARES DO ESTADO DE MINAS GERAIS - IPSM,28,846,705,7,4,7004,1,3,3,60,9,0,APOIO ÀS POLÍTICAS PÚBLICAS,PRECATÓRIOS E SENTENÇAS JUDICIÁRIAS,101935,0,0,0
2025,1260,SECRETARIA DE ESTADO DE EDUCAÇÃO - SEE,2311,UNIVERSIDADE ESTADUAL DE MONTES CLAROS - UNIMONTES,12,364,7,4,550,4550,1,3,3,60,1,0,EDUCAÇÃO SUPERIOR,FORNECIMENTO DE REFEIÇÕES NA UNIVERSIDADE,9893249,0,0,0
2025,1260,SECRETARIA DE ESTADO DE EDUCAÇÃO - SEE,2311,UNIVERSIDADE ESTADUAL DE MONTES CLAROS - UNIMONTES,28,846,705,7,4,7004,1,3,1,60,9,0,APOIO ÀS POLÍTICAS PÚBLICAS,PRECATÓRIOS E SENTENÇAS JUDICIÁRIAS,1560220,0,0,0
2025,1260,SECRETARIA DE ESTADO DE EDUCAÇÃO - SEE,2311,UNIVERSIDADE ESTADUAL DE MONTES CLAROS - UNIMONTES,28,846,705,7,4,7004,1,3,3,60,9,0,APOIO ÀS POLÍTICAS PÚBLICAS,PRECATÓRIOS E SENTENÇAS JUDICIÁRIAS,1040146,0,0,0
2025,1270,SECRETARIA DE ESTADO DE CULTURA E TURISMO - SECULT,2201,INSTITUTO ESTADUAL DO PATRIMÔNIO HISTÓRICO E ARTÍSTICO DE MINAS GERAIS - IEPHA,4,122,705,2,500,2500,1,3,3,9,1,0,APOIO ÀS POLÍTICAS PÚBLICAS,ASSESSORAMENTO E GERENCIAMENTO DE POLÍTICAS PÚBLICAS,180536,0,0,0
2025,1270,SECRETARIA DE ESTADO DE CULTURA E TURISMO - SECULT,2201,INSTITUTO ESTADUAL DO PATRIMÔNIO HISTÓRICO E ARTÍSTICO DE MINAS GERAIS - IEPHA,4,122,705,2,500,2500,1,3,3,60,1,0,APOIO ÀS POLÍTICAS PÚBLICAS,ASSESSORAMENTO E GERENCIAMENTO DE POLÍTICAS PÚBLICAS,10680,0,0,0
2025,1270,SECRETARIA DE ESTADO DE CULTURA E TURISMO - SECULT,2201,INSTITUTO ESTADUAL DO PATRIMÔNIO HISTÓRICO E ARTÍSTICO DE MINAS GERAIS - IEPHA,4,122,705,2,500,2500,1,4,4,9,1,0,APOIO ÀS POLÍTICAS PÚBLICAS,ASSESSORAMENTO E GERENCIAMENTO DE POLÍTICAS PÚBLICAS,980000,0,0,0
2025,1270,SECRETARIA DE ESTADO DE CULTURA E TURISMO - SECULT,2201,INSTITUTO ESTADUAL DO PATRIMÔNIO HISTÓRICO E ARTÍSTICO DE MINAS GERAIS - IEPHA,13,391,106,4,278,4278,1,3,3,1,1,0,PROTEÇÃO E SALVAGUARDA DE ACERVOS E BENS CULTURAIS,PROTEÇÃO DO PATRIMÔNIO CULTURAL,473331,0,0,0
2025,1270,SECRETARIA DE ESTADO DE CULTURA E TURISMO - SECULT,2201,INSTITUTO ESTADUAL DO PATRIMÔNIO HISTÓRICO E ARTÍSTICO DE MINAS GERAIS - IEPHA,13,391,106,4,278,4278,1,3,3,24,1,0,PROTEÇÃO E SALVAGUARDA DE ACERVOS E BENS CULTURAIS,PROTEÇÃO DO PATRIMÔNIO CULTURAL,343000,0,0,0
2025,1270,SECRETARIA DE ESTADO DE CULTURA E TURISMO - SECULT,2201,INSTITUTO ESTADUAL DO PATRIMÔNIO HISTÓRICO E ARTÍSTICO DE MINAS GERAIS - IEPHA,13,391,106,4,279,4279,1,3,3,1,1,0,PROTEÇÃO E SALVAGUARDA DE ACERVOS E BENS CULTURAIS,CONSERVAÇÃO E RESTAURAÇÃO DO PATRIMÔNIO CULTURAL PROTEGIDO,87800,0,0,0
2025,1270,SECRETARIA DE ESTADO DE CULTURA E TURISMO - SECULT,2201,INSTITUTO ESTADUAL DO PATRIMÔNIO HISTÓRICO E ARTÍSTICO DE MINAS GERAIS - IEPHA,13,391,106,4,279,4279,1,3,3,24,1,0,PROTEÇÃO E SALVAGUARDA DE ACERVOS E BENS CULTURAIS,CONSERVAÇÃO E RESTAURAÇÃO DO PATRIMÔNIO CULTURAL PROTEGIDO,2000,0,0,0
2025,1270,SECRETARIA DE ESTADO DE CULTURA E TURISMO - SECULT,2201,INSTITUTO ESTADUAL DO PATRIMÔNIO HISTÓRICO E ARTÍSTICO DE MINAS GERAIS - IEPHA,13,391,106,4,279,4279,1,3,3,45,1,0,PROTEÇÃO E SALVAGUARDA DE ACERVOS E BENS CULTURAIS,CONSERVAÇÃO E RESTAURAÇÃO DO PATRIMÔNIO CULTURAL PROTEGIDO,1057792,0,0,0
2025,1270,SECRETARIA DE ESTADO DE CULTURA E TURISMO - SECULT,2201,INSTITUTO ESTADUAL DO PATRIMÔNIO HISTÓRICO E ARTÍSTICO DE MINAS GERAIS - IEPHA,13,391,106,4,279,4279,1,4,4,1,1,0,PROTEÇÃO E SALVAGUARDA DE ACERVOS E BENS CULTURAIS,CONSERVAÇÃO E RESTAURAÇÃO DO PATRIMÔNIO CULTURAL PROTEGIDO,250000,0,0,0
2025,1270,SECRETARIA DE ESTADO DE CULTURA E TURISMO - SECULT,2201,INSTITUTO ESTADUAL DO PATRIMÔNIO HISTÓRICO E ARTÍSTICO DE MINAS GERAIS - IEPHA,13,391,106,4,279,4279,1,4,4,24,1,0,PROTEÇÃO E SALVAGUARDA DE ACERVOS E BENS CULTURAIS,CONSERVAÇÃO E RESTAURAÇÃO DO PATRIMÔNIO CULTURAL PROTEGIDO,650000,0,0,0
2025,1320,SECRETARIA DE ESTADO DE SAÚDE - SES,2321,FUNDAÇÃO CENTRO DE HEMATOLOGIA E HEMOTERAPIA DE MINAS GERAIS - HEMOMINAS,28,846,705,7,4,7004,1,3,1,60,9,0,APOIO ÀS POLÍTICAS PÚBLICAS,PRECATÓRIOS E SENTENÇAS JUDICIÁRIAS,1938170,0,0,0
2025,1450,SECRETARIA DE ESTADO DE JUSTIÇA E SEGURANÇA PÚBLICA - SEJUSP,4141,FUNDO PENITENCIÁRIO ESTADUAL - FPE,6,421,128,1,46,1046,1,3,3,39,1,0,PROGRAMA DE APOIO A AMPLIAÇÃO E A MELHORIA DOS SISTEMAS PRISIONAL E SOCIOEDUCATIVO,APOIO À ESTRUTURAÇÃO E AO REAPARELHAMENTO DE UNIDADES PRISIONAIS E SOCIOEDUCATIVAS,5920000,0,0,0
2025,1450,SECRETARIA DE ESTADO DE JUSTIÇA E SEGURANÇA PÚBLICA - SEJUSP,4141,FUNDO PENITENCIÁRIO ESTADUAL - FPE,6,421,128,1,46,1046,1,3,3,57,1,0,PROGRAMA DE APOIO A AMPLIAÇÃO E A MELHORIA DOS SISTEMAS PRISIONAL E SOCIOEDUCATIVO,APOIO À ESTRUTURAÇÃO E AO REAPARELHAMENTO DE UNIDADES PRISIONAIS E SOCIOEDUCATIVAS,996034,0,0,0
2025,1450,SECRETARIA DE ESTADO DE JUSTIÇA E SEGURANÇA PÚBLICA - SEJUSP,4141,FUNDO PENITENCIÁRIO ESTADUAL - FPE,6,421,128,1,46,1046,1,4,4,57,1,0,PROGRAMA DE APOIO A AMPLIAÇÃO E A MELHORIA DOS SISTEMAS PRISIONAL E SOCIOEDUCATIVO,APOIO À ESTRUTURAÇÃO E AO REAPARELHAMENTO DE UNIDADES PRISIONAIS E SOCIOEDUCATIVAS,8723497,0,0,0
2025,1450,SECRETARIA DE ESTADO DE JUSTIÇA E SEGURANÇA PÚBLICA - SEJUSP,4691,FUNDO ESTADUAL DE SEGURANÇA PÚBLICA DE MINAS GERAIS - FESP-MG,6,123,134,2,71,2071,1,3,3,57,1,0,GESTÃO INTEGRADA DE SEGURANÇA PÚBLICA,APOIO ÀS AÇÕES DO FUNDO DE ESTADUAL DE SEGURANÇA PÚBLICA,34781860,0,0,0
2025,1450,SECRETARIA DE ESTADO DE JUSTIÇA E SEGURANÇA PÚBLICA - SEJUSP,4691,FUNDO ESTADUAL DE SEGURANÇA PÚBLICA DE MINAS GERAIS - FESP-MG,6,123,134,2,71,2071,1,4,4,57,1,0,GESTÃO INTEGRADA DE SEGURANÇA PÚBLICA,APOIO ÀS AÇÕES DO FUNDO DE ESTADUAL DE SEGURANÇA PÚBLICA,58154341,0,0,0
