uo_cod,funcao_cod,subfuncao_cod,programa_cod,acao_cod,subprojeto_subatividade_cod,iag_cod,numero_da_obra_sisor,numero_da_obra_siad,descricao_da_obra,status_da_obra,unidade_de_medida_da_obra,quantidade,alterar_unidade_de_medida_da_obra,regiao_geografica_intermediaria,municipio,vlr_tesouro_ano0,vlr_outros_ano0,vlr_tesouro_ano1,vlr_outros_ano1,vlr_tesouro_ano2,vlr_outros_ano2,vlr_tesouro_ano3,vlr_outros_ano3
1071,6,182,48,4356,1,0,44,,"PROJETO DE PREVENÇÃO CONTRA INCÊNDIO E PÂNICO E EXECUÇÃO COM LIBERAÇÃO DE AVCB (AUTO DE VISTORIA DE AQUISIÇÃO E INSTALAÇÃO DE ESTRUTURA DE PREVENÇÃO A INCENDIO EM UMA ÁREA TOTAL DE 2.592,82 M² (EXCETUANDO AMPLIAÇÕES)",INICIANDO,UNIDADE,1,Sim,Região Intermediária de Belo Horizonte,BELO HORIZONTE,400000.00,0.00,0.00,0.00,0.00,0.00,0.00,0.00
1251,10,302,135,2060,1,0,89,,Reforma das instalações do NAIS/9ª RPM,INICIANDO,PORCENTAGEM DE OBRA REALIZADA,1669663,Sim,Região Intermediária de Uberlândia,UBERLÂNDIA,0.00,400000.00,0.00,400000.00,0.00,400000.00,0.00,400000.00
1251,10,302,135,2060,1,0,90,,Reforma das instalações do SAS/53º BPM - 9ª RPM,INICIANDO,PORCENTAGEM DE OBRA REALIZADA,1,Sim,Região Intermediária de Uberlândia,UBERLÂNDIA,0.00,50000.00,0.00,50000.00,0.00,50000.00,0.00,50000.00
1251,10,302,135,2060,1,0,91,,reforma do consultório médico da SAS do 43 BPM,INICIANDO,PORCENTAGEM DE OBRA REALIZADA,1,Sim,Região Intermediária de Pouso Alegre,POÇOS DE CALDAS,0.00,33000.00,0.00,33000.00,0.00,33000.00,0.00,33000.00
1401,6,182,52,4120,1,0,101,12495,CONSTRUÇÃO DA SEDE DA 6ª CIA IND,INICIANDO,UNIDADE,1,Sim,Região Intermediária de Teófilo Otoni,DIAMANTINA,0.00,5100000.00,0.00,3100000.00,0.00,0.00,0.00,0.00
1501,4,122,147,4476,1,0,56,,"A OBRA PREVISTA CONTEMPLA A REFORMA DE INSTALAÇÕES FÍSICAS DAS UNIDADES DA PERÍCIA MÉDICA, SENDO NECESSÁRIOS REPAROS PARA GARANTIR CONSIDÇÕES DE TRABALHO E PRESTAÇÃO DE SERVIÇO.",INICIANDO,PORCENTAGEM DE OBRA REALIZADA,100,Sim,Região Intermediária de Belo Horizonte,BELO HORIZONTE,150000.00,0.00,0.00,0.00,0.00,0.00,0.00,0.00
1501,4,122,156,4465,1,0,55,,OBRAS E PROJETOS QUE CONTEMPLAM A IMPERMEABILIZAÇÃO DA LAJE DO SUBSOLO DO PRÉDIO ALTEROSAS E A CONSTRUÇÃO DO ABRIGO DE RESÍDUOS SÓLIDOS E ABRIGOS DE SEGURANÇAS NA CIDADE ADMINISTRATIVA.,INICIANDO,INTERVENÇÃO,2,Sim,Região Intermediária de Belo Horizonte,BELO HORIZONTE,225000.00,0.00,0.00,0.00,0.00,0.00,0.00,0.00
1511,6,181,32,4060,1,0,76,,RESTRUTURAÇÃO DAS UNIDADES POLICIAIS,INICIANDO,UNIDADE,1,Sim,Estadual,DIVERSOS MUNICÍPIOS - ESTADUAL,125000.00,0.00,0.00,0.00,0.00,0.00,0.00,0.00
2091,18,543,40,4070,1,0,102,,OBRA DE DESCONTAMINAÇÃO DE MERCURIO NA SERRA DE DE,INICIANDO,UNIDADE,18,Não,Região Intermediária de Juíz de Fora,DESCOBERTO,0.00,2094968.00,0.00,2094968.00,0.00,2094968.00,0.00,2094968.00
2101,18,541,31,4059,1,0,87,,OBRAS DE ESTRUTURAÇÃO DO PE PICO DO ITAMBÉ,INICIANDO,UNIDADE,1,Sim,Região Intermediária de Teófilo Otoni,SANTO ANTÔNIO DO ITAMBÉ,0.00,1500000.00,0.00,1500000.00,0.00,1500000.00,0.00,1500000.00
2101,18,541,31,4059,1,0,88,,OBRAS PE SERRA NEGRA DA MANTIQUEIRA,INICIANDO,UNIDADE,1,Sim,Região Intermediária de Juíz de Fora,OLARIA,0.00,527132.00,0.00,0.00,0.00,0.00,0.00,0.00
2281,12,363,67,4300,1,0,48,12215,"ELABORAÇÃO DE PROJETOS EXECUTIVOS PARA A REFORMA DOS PRÉDIOS QUE COMPÕEM A UTRAMIG - FUNDAÇÃO DE EDUCAÇÃO PARA O TRABALHO DE MINAS GERAIS, INSTITUIÇÃO LOCALIZADA NO MUNICÍPIO DE BELO HORIZONTE",INICIANDO,ALUNO,265,Não,Estadual,DIVERSOS MUNICÍPIOS - ESTADUAL,50000.00,0.00,50000.00,0.00,50000.00,0.00,50000.00,0.00
2301,26,782,81,4272,1,0,95,,"PONTE RIO JEQUITINHONHA, TRECHO DIAMANTINA - MILHO VERDE, NA LMG-735",INICIANDO,OBRA,5,Não,Estadual,DIVERSOS MUNICÍPIOS - ESTADUAL,0.00,10604913.00,0.00,0.00,0.00,0.00,0.00,0.00
2301,26,782,81,4275,1,0,83,,"INTERSEÇÃO PARA PATROCÍNIO - TREVO DE ENXÓ, NA MG-230",INICIANDO,QUILÔMETRO,10,Sim,Estadual,DIVERSOS MUNICÍPIOS - ESTADUAL,3612000.00,0.00,0.00,0.00,0.00,0.00,0.00,0.00
2301,26,782,81,4275,1,0,92,,CONTORNO SUL DE UBERLÂNDIA (COMPLEMENTAÇÃO),INICIANDO,QUILÔMETRO,10,Sim,Estadual,DIVERSOS MUNICÍPIOS - ESTADUAL,0.00,1100000.00,0.00,0.00,0.00,0.00,0.00,0.00
2301,26,782,81,4275,1,0,93,,ANEL VIÁRIO DE SETE LAGOAS (COMPLEMENTAÇÃO),INICIANDO,QUILÔMETRO,10,Sim,Estadual,DIVERSOS MUNICÍPIOS - ESTADUAL,0.00,26000.00,0.00,0.00,0.00,0.00,0.00,0.00
2301,26,782,81,4287,1,0,84,,"MARLIÉRIA - ENTR. LMG-760 (PARQUE ESTADUAL RIO DOCE) E SÃO JOSÉ DO GOIABAL (ENTR. BR-262) - PARQUE ESTADUAL RIO DOCE - CAVA GRANDE (TIMÓTEO), NA LMG-760",INICIANDO,UNIDADE,1,Não,Região Intermediária de Juíz de Fora,RIO DOCE,0.00,20400000.00,0.00,0.00,0.00,0.00,0.00,0.00
2301,26,782,81,4288,1,0,85,,"ACORDO JUDICIAL PARA REPARAÇÃO INTEGRAL RELATIVA AO ROMPIMENTO DAS BARRAGENS B-I, B-IV E B-IV",INICIANDO,QUILÔMETRO,27,Não,Região Intermediária de Belo Horizonte,BRUMADINHO,0.00,5000000.00,0.00,0.00,0.00,0.00,0.00,0.00
2301,26,782,81,4289,1,0,98,,"ACORDO JUDICIAL PARA REPARAÇÃO INTEGRAL RELATIVA AO ROMPIMENTO DAS BARRAGENS B-I, B-IV E B-IV",INICIANDO,UNIDADE,1,Não,Região Intermediária de Belo Horizonte,BRUMADINHO,0.00,186139750.00,0.00,0.00,0.00,0.00,0.00,0.00
3051,12,364,15,4016,1,0,99,,CONSTRUÇÃO E MODIFICAÇÕES NECESSÁRIAS À MANUTENÇÃO DA ATIVIDADE DE ENSINO SUPERIOR EM AGROPECUÁRIA DE PRECISÃO.,INICIANDO,UNIDADE,1,Sim,Região Intermediária de Divinópolis,PITANGUI,8293093.00,0.00,0.00,0.00,0.00,0.00,0.00,0.00
3051,12,364,15,4016,1,0,100,,CONSTRUÇÃO E MODIFICAÇÕES NECESSÁRIAS À MANUTENÇÃO DA ATIVIDADE DE ENSINO SUPERIOR EM LATICÍCINIOS.,INICIANDO,UNIDADE,1,Sim,Região Intermediária de Juíz de Fora,JUIZ DE FORA,1418986.00,0.00,0.00,0.00,0.00,0.00,0.00,0.00
3051,19,571,16,4018,1,0,77,,INVESTIMENTO EM MELHORIAS DA INFRAESTUTURA DE PESQUISA AGROPECUÁRIA.,INICIANDO,UNIDADE,1,Sim,Região Intermediária de Belo Horizonte,BELO HORIZONTE,0.00,1365100.00,0.00,0.00,0.00,0.00,0.00,0.00
3051,19,571,16,4018,1,0,103,,OBRAS DE MELHORIAS DA INFRAESTRUTURA DA PESQUISA AGROPECUÁRIA.,INICIANDO,UNIDADE,1,Sim,Região Intermediária de Pouso Alegre,MARIA DA FÉ,0.00,393453.00,0.00,0.00,0.00,0.00,0.00,0.00
3051,19,571,16,4018,1,0,104,,OBRAS PARA MELHORIA DA INFRAESTRUTURA DE PESQUISA AGROPECUÁRIA.,INICIANDO,UNIDADE,1,Sim,Região Intermediária de Pouso Alegre,CALDAS,0.00,1362002.00,0.00,0.00,0.00,0.00,0.00,0.00
5031,19,572,133,3015,0,0,4,,ARAXÁ,INICIANDO,UNIDADE,1,Não,Região Intermediária de Uberaba,ARAXÁ,0.00,6380000.00,0.00,0.00,0.00,0.00,0.00,0.00
5141,4,126,30,6006,0,0,51,,"ELABORAÇÃO E EXECUÇÃO DE PROJETOS RELACIONADOS À REFORMA, MODERNIZAÇÃO E ADEQUAÇÃO DAS INSTALAÇÕES PREDIAIS DA COMPANHIA.",INICIANDO,PERCENTUAL,100,Não,Estadual,DIVERSOS MUNICÍPIOS - ESTADUAL,0.00,13233200.00,0.00,6250000.00,0.00,3250000.00,0.00,3250000.00
5251,25,121,133,3018,0,0,3,,"EXPANSÃO DA INFRAESTRUTURA DE DISTRIBUIÇÃO DE GÁS NATURAL, EM GASODUTOS VIRTUAIS E PRIMÁRIOS, EM MINAS GERAIS.",INICIANDO,AÇÃO,163,Não,Região Intermediária de Belo Horizonte,BELO HORIZONTE,285487805.00,285487805.00,192101111.00,192101111.00,279542051.00,279542051.00,393567557.00,393567557.00
5391,25,752,92,3004,0,0,20,,EXPANSÃO E AQUISIÇÃO DO SISTEMA DE TRANSMISSÃO,INICIANDO,UNIDADE,1,Não,Região Intermediária de Barbacena,DIVERSOS MUNICÍPIOS - REGIÃO INTERMEDIÁRIA DE BARBACENA,0.00,2755.00,0.00,0.00,0.00,0.00,0.00,0.00
5391,25,752,92,3004,0,0,21,,EXPANSÃO E AQUISIÇÃO DO SISTEMA DE TRANSMISSÃO,INICIANDO,UNIDADE,5,Não,Região Intermediária de Belo Horizonte,DIVERSOS MUNICÍPIOS - REGIÃO INTERMEDIÁRIA DE BELO HORIZONTE,0.00,16917549.00,0.00,371590.00,0.00,0.00,0.00,0.00
5391,25,752,92,3004,0,0,22,,EXPANSÃO E AQUISIÇÃO DO SISTEMA DE TRANSMISSÃO,INICIANDO,UNIDADE,3,Não,Região Intermediária de Divinópolis,DIVERSOS MUNICÍPIOS - REGIÃO INTERMEDIÁRIA DE DIVINÓPOLIS,0.00,62676806.00,0.00,115118832.00,0.00,79688927.00,0.00,283680.00
5391,25,752,92,3004,0,0,23,,EXPANSÃO E AQUISIÇÃO DO SISTEMA DE TRANSMISSÃO,INICIANDO,UNIDADE,1,Não,Região Intermediária de Governador Valadares,DIVERSOS MUNICÍPIOS - REGIÃO INTERMEDIÁRIA DE GOVERNADOR VALADARES,0.00,20902948.00,0.00,69651136.00,0.00,0.00,0.00,0.00
5391,25,752,92,3004,0,0,24,,EXPANSÃO E AQUISIÇÃO DO SISTEMA DE TRANSMISSÃO,INICIANDO,UNIDADE,2,Não,Região Intermediária de Ipatinga,DIVERSOS MUNICÍPIOS - REGIÃO INTERMEDIÁRIA DE IPATINGA,0.00,7399783.00,0.00,8267000.00,0.00,0.00,0.00,0.00
5391,25,752,92,3004,0,0,25,,EXPANSÃO E AQUISIÇÃO DO SISTEMA DE TRANSMISSÃO,INICIANDO,UNIDADE,1,Não,Região Intermediária de Juíz de Fora,DIVERSOS MUNICÍPIOS - REGIÃO INTERMEDIÁRIA DE JUÍZ DE FORA,0.00,9324503.00,0.00,2680463.00,0.00,664998.00,0.00,504320.00
5391,25,752,92,3004,0,0,26,,EXPANSÃO E AQUISIÇÃO DO SISTEMA DE TRANSMISSÃO,INICIANDO,UNIDADE,1,Não,Região Intermediária de Montes Claros,DIVERSOS MUNICÍPIOS - REGIÃO INTERMEDIÁRIA DE MONTES CLAROS,0.00,56185150.00,0.00,0.00,0.00,0.00,0.00,0.00
5391,25,752,92,3004,0,0,27,,EXPANSÃO E AQUISIÇÃO DO SISTEMA DE TRANSMISSÃO,INICIANDO,UNIDADE,1,Não,Região Intermediária de Pouso Alegre,DIVERSOS MUNICÍPIOS - REGIÃO INTERMEDIÁRIA DE POUSO ALEGRE,0.00,1975648.00,0.00,0.00,0.00,0.00,0.00,0.00
5391,25,752,92,3004,0,0,28,,EXPANSÃO E AQUISIÇÃO DO SISTEMA DE TRANSMISSÃO,INICIANDO,UNIDADE,1,Não,Região Intermediária de Uberaba,DIVERSOS MUNICÍPIOS - REGIÃO INTERMEDIÁRIA DE UBERABA,0.00,45823571.00,0.00,0.00,0.00,0.00,0.00,0.00
5391,25,752,92,3004,0,0,29,,EXPANSÃO E AQUISIÇÃO DO SISTEMA DE TRANSMISSÃO,INICIANDO,UNIDADE,1,Não,Região Intermediária de Uberlândia,DIVERSOS MUNICÍPIOS - REGIÃO INTERMEDIÁRIA DE UBERLÂNDIA,0.00,10027160.00,0.00,23136628.00,0.00,0.00,0.00,0.00
5391,25,752,92,3004,0,0,30,,EXPANSÃO E AQUISIÇÃO DO SISTEMA DE TRANSMISSÃO,INICIANDO,UNIDADE,1,Não,Região Intermediária de Varginha,DIVERSOS MUNICÍPIOS - REGIÃO INTERMEDIÁRIA DE VARGINHA,0.00,100000.00,0.00,141077.00,0.00,30479075.00,0.00,0.00
5391,25,752,92,3004,0,0,31,,EXPANSÃO E AQUISIÇÃO DO SISTEMA DE TRANSMISSÃO,INICIANDO,UNIDADE,1,Não,Estadual,DIVERSOS MUNICÍPIOS - ESTADUAL,0.00,204104.00,0.00,147245000.00,0.00,123727000.00,0.00,82310000.00
5391,25,752,92,3005,0,0,32,,REFORMAS DE SUBESTAÇÕES E LINHAS DE TRANSMISSÃO,INICIANDO,UNIDADE,1,Não,Região Intermediária de Barbacena,DIVERSOS MUNICÍPIOS - REGIÃO INTERMEDIÁRIA DE BARBACENA,0.00,2560929.00,0.00,0.00,0.00,0.00,0.00,0.00
5391,25,752,92,3005,0,0,33,,REFORMAS DE SUBESTAÇÕES E LINHAS DE TRANSMISSÃO,INICIANDO,UNIDADE,5,Não,Região Intermediária de Belo Horizonte,DIVERSOS MUNICÍPIOS - REGIÃO INTERMEDIÁRIA DE BELO HORIZONTE,0.00,43838882.00,0.00,2914709.00,0.00,0.00,0.00,0.00
5391,25,752,92,3005,0,0,34,,REFORMAS DE SUBESTAÇÕES E LINHAS DE TRANSMISSÃO,INICIANDO,UNIDADE,3,Não,Região Intermediária de Divinópolis,DIVERSOS MUNICÍPIOS - REGIÃO INTERMEDIÁRIA DE DIVINÓPOLIS,0.00,38083472.00,0.00,57130830.00,0.00,25124121.00,0.00,8632550.00
5391,25,752,92,3005,0,0,35,,REFORMAS DE SUBESTAÇÕES E LINHAS DE TRANSMISSÃO,INICIANDO,UNIDADE,2,Não,Região Intermediária de Governador Valadares,DIVERSOS MUNICÍPIOS - REGIÃO INTERMEDIÁRIA DE GOVERNADOR VALADARES,0.00,7630637.00,0.00,0.00,0.00,0.00,0.00,0.00
5391,25,752,92,3005,0,0,36,,REFORMAS DE SUBESTAÇÕES E LINHAS DE TRANSMISSÃO,INICIANDO,UNIDADE,4,Não,Região Intermediária de Ipatinga,DIVERSOS MUNICÍPIOS - REGIÃO INTERMEDIÁRIA DE IPATINGA,0.00,8681251.00,0.00,0.00,0.00,0.00,0.00,0.00
5391,25,752,92,3005,0,0,37,,REFORMAS DE SUBESTAÇÕES E LINHAS DE TRANSMISSÃO,INICIANDO,UNIDADE,1,Não,Região Intermediária de Juíz de Fora,DIVERSOS MUNICÍPIOS - REGIÃO INTERMEDIÁRIA DE JUÍZ DE FORA,0.00,8252326.00,0.00,6265962.00,0.00,0.00,0.00,0.00
5391,25,752,92,3005,0,0,38,,REFORMAS DE SUBESTAÇÕES E LINHAS DE TRANSMISSÃO,INICIANDO,UNIDADE,2,Não,Região Intermediária de Montes Claros,DIVERSOS MUNICÍPIOS - REGIÃO INTERMEDIÁRIA DE MONTES CLAROS,0.00,9495682.00,0.00,0.00,0.00,0.00,0.00,0.00
5391,25,752,92,3005,0,0,39,,REFORMAS DE SUBESTAÇÕES E LINHAS DE TRANSMISSÃO,INICIANDO,UNIDADE,3,Não,Região Intermediária de Uberaba,DIVERSOS MUNICÍPIOS - REGIÃO INTERMEDIÁRIA DE UBERABA,0.00,35366196.00,0.00,6763231.00,0.00,0.00,0.00,0.00
5391,25,752,92,3005,0,0,40,,REFORMAS DE SUBESTAÇÕES E LINHAS DE TRANSMISSÃO,INICIANDO,UNIDADE,2,Não,Região Intermediária de Uberlândia,DIVERSOS MUNICÍPIOS - REGIÃO INTERMEDIÁRIA DE UBERLÂNDIA,0.00,25085657.00,0.00,34647084.00,0.00,31299410.00,0.00,16001800.00
5391,25,752,92,3005,0,0,41,,REFORMAS DE SUBESTAÇÕES E LINHAS DE TRANSMISSÃO,INICIANDO,UNIDADE,1,Não,Região Intermediária de Varginha,DIVERSOS MUNICÍPIOS - REGIÃO INTERMEDIÁRIA DE VARGINHA,0.00,10474907.00,0.00,24818124.00,0.00,28169469.00,0.00,17475650.00
5391,25,752,92,3005,0,0,42,,REFORMAS DE SUBESTAÇÕES E LINHAS DE TRANSMISSÃO,INICIANDO,UNIDADE,1,Não,Estadual,DIVERSOS MUNICÍPIOS - ESTADUAL,0.00,27143828.00,0.00,730599807.00,0.00,584970561.00,0.00,439221764.00
5391,25,752,94,3001,0,0,43,,EXPANSÃO DO SISTEMA DE GERAÇÃO,INICIANDO,UNIDADE,1,Não,Região Intermediária de Belo Horizonte,DIVERSOS MUNICÍPIOS - REGIÃO INTERMEDIÁRIA DE BELO HORIZONTE,0.00,100000.00,0.00,338387000.00,0.00,416585000.00,0.00,149872000.00
5401,25,752,72,3002,0,0,5,,EXECUÇÃO DO PLANO DE DESENVOLVIMENTO DA DISTRIBUIDORA (PDD),INICIANDO,UNIDADE,30,Não,Região Intermediária de Barbacena,DIVERSOS MUNICÍPIOS - REGIÃO INTERMEDIÁRIA DE BARBACENA,0.00,173325517.00,0.00,175158242.00,0.00,156313303.00,0.00,237240548.00
5401,25,752,72,3002,0,0,6,,EXECUÇÃO DO PLANO DE DESENVOLVIMENTO DA DISTRIBUIDORA (PDD),INICIANDO,UNIDADE,40,Não,Região Intermediária de Belo Horizonte,DIVERSOS MUNICÍPIOS - REGIÃO INTERMEDIÁRIA DE BELO HORIZONTE,0.00,1120942874.00,0.00,1139053548.00,0.00,1044251133.00,0.00,929396291.00
5401,25,752,72,3002,0,0,7,,EXECUÇÃO DO PLANO DE DESENVOLVIMENTO DA DISTRIBUIDORA (PDD),INICIANDO,UNIDADE,186,Não,Região Intermediária de Divinópolis,DIVERSOS MUNICÍPIOS - REGIÃO INTERMEDIÁRIA DE DIVINÓPOLIS,0.00,490941164.00,0.00,490336380.00,0.00,768797092.00,0.00,598706756.00
5401,25,752,72,3002,0,0,8,,EXECUÇÃO DO PLANO DE DESENVOLVIMENTO DA DISTRIBUIDORA (PDD),INICIANDO,UNIDADE,15,Não,Região Intermediária de Governador Valadares,DIVERSOS MUNICÍPIOS - REGIÃO INTERMEDIÁRIA DE GOVERNADOR VALADARES,0.00,186072723.00,0.00,344516295.00,0.00,161000776.00,0.00,187736103.00
5401,25,752,72,3002,0,0,9,,EXECUÇÃO DO PLANO DE DESENVOLVIMENTO DA DISTRIBUIDORA (PDD),INICIANDO,UNIDADE,1,Não,Região Intermediária de Ipatinga,DIVERSOS MUNICÍPIOS - REGIÃO INTERMEDIÁRIA DE IPATINGA,0.00,163742706.00,0.00,235942789.00,0.00,277257526.00,0.00,184594645.00
5401,25,752,72,3002,0,0,10,,EXECUÇÃO DO PLANO DE DESENVOLVIMENTO DA DISTRIBUIDORA (PDD),INICIANDO,UNIDADE,26,Não,Região Intermediária de Juíz de Fora,DIVERSOS MUNICÍPIOS - REGIÃO INTERMEDIÁRIA DE JUÍZ DE FORA,0.00,174469498.00,0.00,179457178.00,0.00,172873473.00,0.00,185947905.00
5401,25,752,72,3002,0,0,11,,EXECUÇÃO DO PLANO DE DESENVOLVIMENTO DA DISTRIBUIDORA (PDD),INICIANDO,UNIDADE,73,Não,Região Intermediária de Montes Claros,DIVERSOS MUNICÍPIOS - REGIÃO INTERMEDIÁRIA DE MONTES CLAROS,0.00,465051090.00,0.00,426001328.00,0.00,406601466.00,0.00,522438700.00
5401,25,752,72,3002,0,0,12,,EXECUÇÃO DO PLANO DE DESENVOLVIMENTO DA DISTRIBUIDORA (PDD),INICIANDO,UNIDADE,190,Não,Região Intermediária de Patos de Minas,DIVERSOS MUNICÍPIOS - REGIÃO INTERMEDIÁRIA DE PATOS DE MINAS,0.00,307578393.00,0.00,396019699.00,0.00,186433355.00,0.00,280209020.00
5401,25,752,72,3002,0,0,13,,EXECUÇÃO DO PLANO DE DESENVOLVIMENTO DA DISTRIBUIDORA (PDD),INICIANDO,UNIDADE,65,Não,Região Intermediária de Pouso Alegre,DIVERSOS MUNICÍPIOS - REGIÃO INTERMEDIÁRIA DE POUSO ALEGRE,0.00,163826695.00,0.00,138339062.00,0.00,145444243.00,0.00,177988747.00
5401,25,752,72,3002,0,0,14,,EXECUÇÃO DO PLANO DE DESENVOLVIMENTO DA DISTRIBUIDORA (PDD),INICIANDO,UNIDADE,28,Não,Região Intermediária de Teófilo Otoni,DIVERSOS MUNICÍPIOS - REGIÃO INTERMEDIÁRIA DE TEÓFILO OTONI,0.00,313867376.00,0.00,460495100.00,0.00,395179068.00,0.00,316117306.00
5401,25,752,72,3002,0,0,15,,EXECUÇÃO DO PLANO DE DESENVOLVIMENTO DA DISTRIBUIDORA (PDD),INICIANDO,UNIDADE,76,Não,Região Intermediária de Uberaba,DIVERSOS MUNICÍPIOS - REGIÃO INTERMEDIÁRIA DE UBERABA,0.00,248524996.00,0.00,127122707.00,0.00,130234154.00,0.00,170876115.00
5401,25,752,72,3002,0,0,16,,EXECUÇÃO DO PLANO DE DESENVOLVIMENTO DA DISTRIBUIDORA (PDD),INICIANDO,UNIDADE,74,Não,Região Intermediária de Uberlândia,DIVERSOS MUNICÍPIOS - REGIÃO INTERMEDIÁRIA DE UBERLÂNDIA,0.00,225931007.00,0.00,166159583.00,0.00,152518141.00,0.00,236932823.00
5401,25,752,72,3002,0,0,17,,EXECUÇÃO DO PLANO DE DESENVOLVIMENTO DA DISTRIBUIDORA (PDD),INICIANDO,UNIDADE,15,Não,Região Intermediária de Varginha,DIVERSOS MUNICÍPIOS - REGIÃO INTERMEDIÁRIA DE VARGINHA,0.00,354935944.00,0.00,451276526.00,0.00,277910526.00,0.00,343154711.00
5401,25,752,72,3002,0,0,18,,EXECUÇÃO DO PLANO DE DESENVOLVIMENTO DA DISTRIBUIDORA (PDD),INICIANDO,UNIDADE,1,Não,Estadual,DIVERSOS MUNICÍPIOS - ESTADUAL,0.00,332667205.00,0.00,342708994.00,0.00,506294167.00,0.00,234441655.00
