orgao_cod,orgao_nome_sigla,uo_cod,uo_nome_sigla,funcao_cod,subfuncao_cod,programa_cod,identificador_tipo_acao_cod,projeto_atividade_cod,acao_cod,subprojeto_subatividade_cod,categoria_cod,grupo_cod,modalidade_cod,elemento_cod,item_cod,fonte_cod,ipu_cod,iag_cod,acao_desc,vlr_loa_desp
1010,ASSEMBLEIA LEGISLATIVA DO ESTADO DE MINAS GERAIS - ALMG,1011,ASSEMBLEIA LEGISLATIVA DO ESTADO DE MINAS GERAIS - ALMG,1,31,729,4,239,4239,1,3,1,90,7,1,10,1,0,ELABORAÇÃO LEGISLATIVA E ACOMPANHAMENTO DAS POLÍTICAS PÚBLICAS,1747000
1010,ASSEMBLEIA LEGISLATIVA DO ESTADO DE MINAS GERAIS - ALMG,1011,ASSEMBLEIA LEGISLATIVA DO ESTADO DE MINAS GERAIS - ALMG,1,31,729,4,239,4239,1,3,1,90,11,1,10,1,0,ELABORAÇÃO LEGISLATIVA E ACOMPANHAMENTO DAS POLÍTICAS PÚBLICAS,650379300
1010,ASSEMBLEIA LEGISLATIVA DO ESTADO DE MINAS GERAIS - ALMG,1011,ASSEMBLEIA LEGISLATIVA DO ESTADO DE MINAS GERAIS - ALMG,1,31,729,4,239,4239,1,3,1,90,11,3,10,1,0,ELABORAÇÃO LEGISLATIVA E ACOMPANHAMENTO DAS POLÍTICAS PÚBLICAS,106872800
1010,ASSEMBLEIA LEGISLATIVA DO ESTADO DE MINAS GERAIS - ALMG,1011,ASSEMBLEIA LEGISLATIVA DO ESTADO DE MINAS GERAIS - ALMG,1,31,729,4,239,4239,1,3,1,90,11,17,10,1,0,ELABORAÇÃO LEGISLATIVA E ACOMPANHAMENTO DAS POLÍTICAS PÚBLICAS,6565100
1010,ASSEMBLEIA LEGISLATIVA DO ESTADO DE MINAS GERAIS - ALMG,1011,ASSEMBLEIA LEGISLATIVA DO ESTADO DE MINAS GERAIS - ALMG,1,31,729,4,239,4239,1,3,1,90,11,19,10,1,0,ELABORAÇÃO LEGISLATIVA E ACOMPANHAMENTO DAS POLÍTICAS PÚBLICAS,5668000
1010,ASSEMBLEIA LEGISLATIVA DO ESTADO DE MINAS GERAIS - ALMG,1011,ASSEMBLEIA LEGISLATIVA DO ESTADO DE MINAS GERAIS - ALMG,1,31,729,4,239,4239,1,3,1,90,11,21,10,1,0,ELABORAÇÃO LEGISLATIVA E ACOMPANHAMENTO DAS POLÍTICAS PÚBLICAS,31076500
1010,ASSEMBLEIA LEGISLATIVA DO ESTADO DE MINAS GERAIS - ALMG,1011,ASSEMBLEIA LEGISLATIVA DO ESTADO DE MINAS GERAIS - ALMG,1,31,729,4,239,4239,1,3,1,90,11,22,10,1,0,ELABORAÇÃO LEGISLATIVA E ACOMPANHAMENTO DAS POLÍTICAS PÚBLICAS,38139600
1010,ASSEMBLEIA LEGISLATIVA DO ESTADO DE MINAS GERAIS - ALMG,1011,ASSEMBLEIA LEGISLATIVA DO ESTADO DE MINAS GERAIS - ALMG,1,31,729,4,239,4239,1,3,1,90,11,23,10,1,0,ELABORAÇÃO LEGISLATIVA E ACOMPANHAMENTO DAS POLÍTICAS PÚBLICAS,939200
1010,ASSEMBLEIA LEGISLATIVA DO ESTADO DE MINAS GERAIS - ALMG,1011,ASSEMBLEIA LEGISLATIVA DO ESTADO DE MINAS GERAIS - ALMG,1,31,729,4,239,4239,1,3,1,90,11,27,10,1,0,ELABORAÇÃO LEGISLATIVA E ACOMPANHAMENTO DAS POLÍTICAS PÚBLICAS,81800
1010,ASSEMBLEIA LEGISLATIVA DO ESTADO DE MINAS GERAIS - ALMG,1011,ASSEMBLEIA LEGISLATIVA DO ESTADO DE MINAS GERAIS - ALMG,1,31,729,4,239,4239,1,3,1,90,11,28,10,1,0,ELABORAÇÃO LEGISLATIVA E ACOMPANHAMENTO DAS POLÍTICAS PÚBLICAS,4048000
1010,ASSEMBLEIA LEGISLATIVA DO ESTADO DE MINAS GERAIS - ALMG,1011,ASSEMBLEIA LEGISLATIVA DO ESTADO DE MINAS GERAIS - ALMG,1,31,729,4,239,4239,1,3,1,90,11,29,10,1,0,ELABORAÇÃO LEGISLATIVA E ACOMPANHAMENTO DAS POLÍTICAS PÚBLICAS,2075100
1010,ASSEMBLEIA LEGISLATIVA DO ESTADO DE MINAS GERAIS - ALMG,1011,ASSEMBLEIA LEGISLATIVA DO ESTADO DE MINAS GERAIS - ALMG,1,31,729,4,239,4239,1,3,1,90,11,43,10,1,0,ELABORAÇÃO LEGISLATIVA E ACOMPANHAMENTO DAS POLÍTICAS PÚBLICAS,666800
1010,ASSEMBLEIA LEGISLATIVA DO ESTADO DE MINAS GERAIS - ALMG,1011,ASSEMBLEIA LEGISLATIVA DO ESTADO DE MINAS GERAIS - ALMG,1,31,729,4,239,4239,1,3,1,90,11,44,10,1,0,ELABORAÇÃO LEGISLATIVA E ACOMPANHAMENTO DAS POLÍTICAS PÚBLICAS,15682000
1010,ASSEMBLEIA LEGISLATIVA DO ESTADO DE MINAS GERAIS - ALMG,1011,ASSEMBLEIA LEGISLATIVA DO ESTADO DE MINAS GERAIS - ALMG,1,31,729,4,239,4239,1,3,1,90,11,48,10,1,0,ELABORAÇÃO LEGISLATIVA E ACOMPANHAMENTO DAS POLÍTICAS PÚBLICAS,27439700
1010,ASSEMBLEIA LEGISLATIVA DO ESTADO DE MINAS GERAIS - ALMG,1011,ASSEMBLEIA LEGISLATIVA DO ESTADO DE MINAS GERAIS - ALMG,1,31,729,4,239,4239,1,3,1,90,11,49,10,1,0,ELABORAÇÃO LEGISLATIVA E ACOMPANHAMENTO DAS POLÍTICAS PÚBLICAS,2207500
1010,ASSEMBLEIA LEGISLATIVA DO ESTADO DE MINAS GERAIS - ALMG,1011,ASSEMBLEIA LEGISLATIVA DO ESTADO DE MINAS GERAIS - ALMG,1,31,729,4,239,4239,1,3,1,90,11,99,10,1,0,ELABORAÇÃO LEGISLATIVA E ACOMPANHAMENTO DAS POLÍTICAS PÚBLICAS,12000000
1010,ASSEMBLEIA LEGISLATIVA DO ESTADO DE MINAS GERAIS - ALMG,1011,ASSEMBLEIA LEGISLATIVA DO ESTADO DE MINAS GERAIS - ALMG,1,31,729,4,239,4239,1,3,1,90,13,4,10,1,0,ELABORAÇÃO LEGISLATIVA E ACOMPANHAMENTO DAS POLÍTICAS PÚBLICAS,81600000
1010,ASSEMBLEIA LEGISLATIVA DO ESTADO DE MINAS GERAIS - ALMG,1011,ASSEMBLEIA LEGISLATIVA DO ESTADO DE MINAS GERAIS - ALMG,1,31,729,4,239,4239,1,3,1,90,13,5,10,1,0,ELABORAÇÃO LEGISLATIVA E ACOMPANHAMENTO DAS POLÍTICAS PÚBLICAS,382100
1010,ASSEMBLEIA LEGISLATIVA DO ESTADO DE MINAS GERAIS - ALMG,1011,ASSEMBLEIA LEGISLATIVA DO ESTADO DE MINAS GERAIS - ALMG,1,31,729,4,239,4239,1,3,1,90,16,1,10,1,0,ELABORAÇÃO LEGISLATIVA E ACOMPANHAMENTO DAS POLÍTICAS PÚBLICAS,515000
1010,ASSEMBLEIA LEGISLATIVA DO ESTADO DE MINAS GERAIS - ALMG,1011,ASSEMBLEIA LEGISLATIVA DO ESTADO DE MINAS GERAIS - ALMG,1,31,729,4,239,4239,1,3,1,90,16,4,10,1,0,ELABORAÇÃO LEGISLATIVA E ACOMPANHAMENTO DAS POLÍTICAS PÚBLICAS,43791000
1010,ASSEMBLEIA LEGISLATIVA DO ESTADO DE MINAS GERAIS - ALMG,1011,ASSEMBLEIA LEGISLATIVA DO ESTADO DE MINAS GERAIS - ALMG,1,31,729,4,239,4239,1,3,1,90,16,5,10,1,0,ELABORAÇÃO LEGISLATIVA E ACOMPANHAMENTO DAS POLÍTICAS PÚBLICAS,540600
1010,ASSEMBLEIA LEGISLATIVA DO ESTADO DE MINAS GERAIS - ALMG,1011,ASSEMBLEIA LEGISLATIVA DO ESTADO DE MINAS GERAIS - ALMG,1,31,729,4,239,4239,1,3,1,90,17,1,10,1,0,ELABORAÇÃO LEGISLATIVA E ACOMPANHAMENTO DAS POLÍTICAS PÚBLICAS,647500
1010,ASSEMBLEIA LEGISLATIVA DO ESTADO DE MINAS GERAIS - ALMG,1011,ASSEMBLEIA LEGISLATIVA DO ESTADO DE MINAS GERAIS - ALMG,1,31,729,4,239,4239,1,3,1,90,92,1,10,1,0,ELABORAÇÃO LEGISLATIVA E ACOMPANHAMENTO DAS POLÍTICAS PÚBLICAS,30000000
1010,ASSEMBLEIA LEGISLATIVA DO ESTADO DE MINAS GERAIS - ALMG,1011,ASSEMBLEIA LEGISLATIVA DO ESTADO DE MINAS GERAIS - ALMG,1,31,729,4,239,4239,1,3,1,90,94,1,10,1,0,ELABORAÇÃO LEGISLATIVA E ACOMPANHAMENTO DAS POLÍTICAS PÚBLICAS,2802600
1010,ASSEMBLEIA LEGISLATIVA DO ESTADO DE MINAS GERAIS - ALMG,1011,ASSEMBLEIA LEGISLATIVA DO ESTADO DE MINAS GERAIS - ALMG,1,31,729,4,239,4239,1,3,1,91,13,5,10,1,0,ELABORAÇÃO LEGISLATIVA E ACOMPANHAMENTO DAS POLÍTICAS PÚBLICAS,106490400
1010,ASSEMBLEIA LEGISLATIVA DO ESTADO DE MINAS GERAIS - ALMG,1011,ASSEMBLEIA LEGISLATIVA DO ESTADO DE MINAS GERAIS - ALMG,1,31,729,4,239,4239,1,3,1,91,13,21,10,1,0,ELABORAÇÃO LEGISLATIVA E ACOMPANHAMENTO DAS POLÍTICAS PÚBLICAS,35000
1010,ASSEMBLEIA LEGISLATIVA DO ESTADO DE MINAS GERAIS - ALMG,1011,ASSEMBLEIA LEGISLATIVA DO ESTADO DE MINAS GERAIS - ALMG,1,31,729,4,239,4239,1,3,3,90,8,3,10,1,0,ELABORAÇÃO LEGISLATIVA E ACOMPANHAMENTO DAS POLÍTICAS PÚBLICAS,15701100
1010,ASSEMBLEIA LEGISLATIVA DO ESTADO DE MINAS GERAIS - ALMG,1011,ASSEMBLEIA LEGISLATIVA DO ESTADO DE MINAS GERAIS - ALMG,1,31,729,4,239,4239,1,3,3,90,8,10,10,1,0,ELABORAÇÃO LEGISLATIVA E ACOMPANHAMENTO DAS POLÍTICAS PÚBLICAS,14800
1010,ASSEMBLEIA LEGISLATIVA DO ESTADO DE MINAS GERAIS - ALMG,1011,ASSEMBLEIA LEGISLATIVA DO ESTADO DE MINAS GERAIS - ALMG,1,31,729,4,239,4239,1,3,3,90,8,99,10,1,0,ELABORAÇÃO LEGISLATIVA E ACOMPANHAMENTO DAS POLÍTICAS PÚBLICAS,4791700
1010,ASSEMBLEIA LEGISLATIVA DO ESTADO DE MINAS GERAIS - ALMG,1011,ASSEMBLEIA LEGISLATIVA DO ESTADO DE MINAS GERAIS - ALMG,1,31,729,4,239,4239,1,3,3,90,8,2,10,7,0,ELABORAÇÃO LEGISLATIVA E ACOMPANHAMENTO DAS POLÍTICAS PÚBLICAS,1014900
1010,ASSEMBLEIA LEGISLATIVA DO ESTADO DE MINAS GERAIS - ALMG,1011,ASSEMBLEIA LEGISLATIVA DO ESTADO DE MINAS GERAIS - ALMG,1,31,729,4,239,4239,1,3,3,90,13,14,10,1,0,ELABORAÇÃO LEGISLATIVA E ACOMPANHAMENTO DAS POLÍTICAS PÚBLICAS,3916700
1010,ASSEMBLEIA LEGISLATIVA DO ESTADO DE MINAS GERAIS - ALMG,1011,ASSEMBLEIA LEGISLATIVA DO ESTADO DE MINAS GERAIS - ALMG,1,31,729,4,239,4239,1,3,3,90,13,17,10,1,0,ELABORAÇÃO LEGISLATIVA E ACOMPANHAMENTO DAS POLÍTICAS PÚBLICAS,46600
1010,ASSEMBLEIA LEGISLATIVA DO ESTADO DE MINAS GERAIS - ALMG,1011,ASSEMBLEIA LEGISLATIVA DO ESTADO DE MINAS GERAIS - ALMG,1,31,729,4,239,4239,1,3,3,90,14,1,10,1,0,ELABORAÇÃO LEGISLATIVA E ACOMPANHAMENTO DAS POLÍTICAS PÚBLICAS,13200400
1010,ASSEMBLEIA LEGISLATIVA DO ESTADO DE MINAS GERAIS - ALMG,1011,ASSEMBLEIA LEGISLATIVA DO ESTADO DE MINAS GERAIS - ALMG,1,31,729,4,239,4239,1,3,3,90,30,1,10,1,0,ELABORAÇÃO LEGISLATIVA E ACOMPANHAMENTO DAS POLÍTICAS PÚBLICAS,1300
1010,ASSEMBLEIA LEGISLATIVA DO ESTADO DE MINAS GERAIS - ALMG,1011,ASSEMBLEIA LEGISLATIVA DO ESTADO DE MINAS GERAIS - ALMG,1,31,729,4,239,4239,1,3,3,90,30,3,10,1,0,ELABORAÇÃO LEGISLATIVA E ACOMPANHAMENTO DAS POLÍTICAS PÚBLICAS,98800
1010,ASSEMBLEIA LEGISLATIVA DO ESTADO DE MINAS GERAIS - ALMG,1011,ASSEMBLEIA LEGISLATIVA DO ESTADO DE MINAS GERAIS - ALMG,1,31,729,4,239,4239,1,3,3,90,30,4,10,1,0,ELABORAÇÃO LEGISLATIVA E ACOMPANHAMENTO DAS POLÍTICAS PÚBLICAS,114400
1010,ASSEMBLEIA LEGISLATIVA DO ESTADO DE MINAS GERAIS - ALMG,1011,ASSEMBLEIA LEGISLATIVA DO ESTADO DE MINAS GERAIS - ALMG,1,31,729,4,239,4239,1,3,3,90,30,5,10,1,0,ELABORAÇÃO LEGISLATIVA E ACOMPANHAMENTO DAS POLÍTICAS PÚBLICAS,123100
1010,ASSEMBLEIA LEGISLATIVA DO ESTADO DE MINAS GERAIS - ALMG,1011,ASSEMBLEIA LEGISLATIVA DO ESTADO DE MINAS GERAIS - ALMG,1,31,729,4,239,4239,1,3,3,90,30,8,10,1,0,ELABORAÇÃO LEGISLATIVA E ACOMPANHAMENTO DAS POLÍTICAS PÚBLICAS,107000
1010,ASSEMBLEIA LEGISLATIVA DO ESTADO DE MINAS GERAIS - ALMG,1011,ASSEMBLEIA LEGISLATIVA DO ESTADO DE MINAS GERAIS - ALMG,1,31,729,4,239,4239,1,3,3,90,30,10,10,1,0,ELABORAÇÃO LEGISLATIVA E ACOMPANHAMENTO DAS POLÍTICAS PÚBLICAS,19500
1010,ASSEMBLEIA LEGISLATIVA DO ESTADO DE MINAS GERAIS - ALMG,1011,ASSEMBLEIA LEGISLATIVA DO ESTADO DE MINAS GERAIS - ALMG,1,31,729,4,239,4239,1,3,3,90,30,12,10,1,0,ELABORAÇÃO LEGISLATIVA E ACOMPANHAMENTO DAS POLÍTICAS PÚBLICAS,113600
1010,ASSEMBLEIA LEGISLATIVA DO ESTADO DE MINAS GERAIS - ALMG,1011,ASSEMBLEIA LEGISLATIVA DO ESTADO DE MINAS GERAIS - ALMG,1,31,729,4,239,4239,1,3,3,90,30,13,10,1,0,ELABORAÇÃO LEGISLATIVA E ACOMPANHAMENTO DAS POLÍTICAS PÚBLICAS,5800
1010,ASSEMBLEIA LEGISLATIVA DO ESTADO DE MINAS GERAIS - ALMG,1011,ASSEMBLEIA LEGISLATIVA DO ESTADO DE MINAS GERAIS - ALMG,1,31,729,4,239,4239,1,3,3,90,30,15,10,1,0,ELABORAÇÃO LEGISLATIVA E ACOMPANHAMENTO DAS POLÍTICAS PÚBLICAS,138600
1010,ASSEMBLEIA LEGISLATIVA DO ESTADO DE MINAS GERAIS - ALMG,1011,ASSEMBLEIA LEGISLATIVA DO ESTADO DE MINAS GERAIS - ALMG,1,31,729,4,239,4239,1,3,3,90,30,16,10,1,0,ELABORAÇÃO LEGISLATIVA E ACOMPANHAMENTO DAS POLÍTICAS PÚBLICAS,1073500
1010,ASSEMBLEIA LEGISLATIVA DO ESTADO DE MINAS GERAIS - ALMG,1011,ASSEMBLEIA LEGISLATIVA DO ESTADO DE MINAS GERAIS - ALMG,1,31,729,4,239,4239,1,3,3,90,30,17,10,1,0,ELABORAÇÃO LEGISLATIVA E ACOMPANHAMENTO DAS POLÍTICAS PÚBLICAS,18200
1010,ASSEMBLEIA LEGISLATIVA DO ESTADO DE MINAS GERAIS - ALMG,1011,ASSEMBLEIA LEGISLATIVA DO ESTADO DE MINAS GERAIS - ALMG,1,31,729,4,239,4239,1,3,3,90,30,18,10,1,0,ELABORAÇÃO LEGISLATIVA E ACOMPANHAMENTO DAS POLÍTICAS PÚBLICAS,1100
1010,ASSEMBLEIA LEGISLATIVA DO ESTADO DE MINAS GERAIS - ALMG,1011,ASSEMBLEIA LEGISLATIVA DO ESTADO DE MINAS GERAIS - ALMG,1,31,729,4,239,4239,1,3,3,90,30,19,10,1,0,ELABORAÇÃO LEGISLATIVA E ACOMPANHAMENTO DAS POLÍTICAS PÚBLICAS,816300
1010,ASSEMBLEIA LEGISLATIVA DO ESTADO DE MINAS GERAIS - ALMG,1011,ASSEMBLEIA LEGISLATIVA DO ESTADO DE MINAS GERAIS - ALMG,1,31,729,4,239,4239,1,3,3,90,30,20,10,1,0,ELABORAÇÃO LEGISLATIVA E ACOMPANHAMENTO DAS POLÍTICAS PÚBLICAS,543000
1010,ASSEMBLEIA LEGISLATIVA DO ESTADO DE MINAS GERAIS - ALMG,1011,ASSEMBLEIA LEGISLATIVA DO ESTADO DE MINAS GERAIS - ALMG,1,31,729,4,239,4239,1,3,3,90,30,22,10,1,0,ELABORAÇÃO LEGISLATIVA E ACOMPANHAMENTO DAS POLÍTICAS PÚBLICAS,84100
1010,ASSEMBLEIA LEGISLATIVA DO ESTADO DE MINAS GERAIS - ALMG,1011,ASSEMBLEIA LEGISLATIVA DO ESTADO DE MINAS GERAIS - ALMG,1,31,729,4,239,4239,1,3,3,90,30,23,10,1,0,ELABORAÇÃO LEGISLATIVA E ACOMPANHAMENTO DAS POLÍTICAS PÚBLICAS,20100
1010,ASSEMBLEIA LEGISLATIVA DO ESTADO DE MINAS GERAIS - ALMG,1011,ASSEMBLEIA LEGISLATIVA DO ESTADO DE MINAS GERAIS - ALMG,1,31,729,4,239,4239,1,3,3,90,30,24,10,1,0,ELABORAÇÃO LEGISLATIVA E ACOMPANHAMENTO DAS POLÍTICAS PÚBLICAS,58300
1010,ASSEMBLEIA LEGISLATIVA DO ESTADO DE MINAS GERAIS - ALMG,1011,ASSEMBLEIA LEGISLATIVA DO ESTADO DE MINAS GERAIS - ALMG,1,31,729,4,239,4239,1,3,3,90,30,25,10,1,0,ELABORAÇÃO LEGISLATIVA E ACOMPANHAMENTO DAS POLÍTICAS PÚBLICAS,93700
1010,ASSEMBLEIA LEGISLATIVA DO ESTADO DE MINAS GERAIS - ALMG,1011,ASSEMBLEIA LEGISLATIVA DO ESTADO DE MINAS GERAIS - ALMG,1,31,729,4,239,4239,1,3,3,90,30,26,10,1,0,ELABORAÇÃO LEGISLATIVA E ACOMPANHAMENTO DAS POLÍTICAS PÚBLICAS,24800
1010,ASSEMBLEIA LEGISLATIVA DO ESTADO DE MINAS GERAIS - ALMG,1011,ASSEMBLEIA LEGISLATIVA DO ESTADO DE MINAS GERAIS - ALMG,1,31,729,4,239,4239,1,3,3,90,30,27,10,1,0,ELABORAÇÃO LEGISLATIVA E ACOMPANHAMENTO DAS POLÍTICAS PÚBLICAS,500
1010,ASSEMBLEIA LEGISLATIVA DO ESTADO DE MINAS GERAIS - ALMG,1011,ASSEMBLEIA LEGISLATIVA DO ESTADO DE MINAS GERAIS - ALMG,1,31,729,4,239,4239,1,3,3,90,30,29,10,1,0,ELABORAÇÃO LEGISLATIVA E ACOMPANHAMENTO DAS POLÍTICAS PÚBLICAS,20900
1010,ASSEMBLEIA LEGISLATIVA DO ESTADO DE MINAS GERAIS - ALMG,1011,ASSEMBLEIA LEGISLATIVA DO ESTADO DE MINAS GERAIS - ALMG,1,31,729,4,239,4239,1,3,3,90,30,30,10,1,0,ELABORAÇÃO LEGISLATIVA E ACOMPANHAMENTO DAS POLÍTICAS PÚBLICAS,20300
1010,ASSEMBLEIA LEGISLATIVA DO ESTADO DE MINAS GERAIS - ALMG,1011,ASSEMBLEIA LEGISLATIVA DO ESTADO DE MINAS GERAIS - ALMG,1,31,729,4,239,4239,1,3,3,90,31,1,10,1,0,ELABORAÇÃO LEGISLATIVA E ACOMPANHAMENTO DAS POLÍTICAS PÚBLICAS,99300
1010,ASSEMBLEIA LEGISLATIVA DO ESTADO DE MINAS GERAIS - ALMG,1011,ASSEMBLEIA LEGISLATIVA DO ESTADO DE MINAS GERAIS - ALMG,1,31,729,4,239,4239,1,3,3,90,33,4,10,1,0,ELABORAÇÃO LEGISLATIVA E ACOMPANHAMENTO DAS POLÍTICAS PÚBLICAS,3708900
1010,ASSEMBLEIA LEGISLATIVA DO ESTADO DE MINAS GERAIS - ALMG,1011,ASSEMBLEIA LEGISLATIVA DO ESTADO DE MINAS GERAIS - ALMG,1,31,729,4,239,4239,1,3,3,90,33,5,10,1,0,ELABORAÇÃO LEGISLATIVA E ACOMPANHAMENTO DAS POLÍTICAS PÚBLICAS,1083400
1010,ASSEMBLEIA LEGISLATIVA DO ESTADO DE MINAS GERAIS - ALMG,1011,ASSEMBLEIA LEGISLATIVA DO ESTADO DE MINAS GERAIS - ALMG,1,31,729,4,239,4239,1,3,3,90,35,1,10,1,0,ELABORAÇÃO LEGISLATIVA E ACOMPANHAMENTO DAS POLÍTICAS PÚBLICAS,39800
1010,ASSEMBLEIA LEGISLATIVA DO ESTADO DE MINAS GERAIS - ALMG,1011,ASSEMBLEIA LEGISLATIVA DO ESTADO DE MINAS GERAIS - ALMG,1,31,729,4,239,4239,1,3,3,90,35,2,10,1,0,ELABORAÇÃO LEGISLATIVA E ACOMPANHAMENTO DAS POLÍTICAS PÚBLICAS,384300
1010,ASSEMBLEIA LEGISLATIVA DO ESTADO DE MINAS GERAIS - ALMG,1011,ASSEMBLEIA LEGISLATIVA DO ESTADO DE MINAS GERAIS - ALMG,1,31,729,4,239,4239,1,3,3,90,36,1,10,1,0,ELABORAÇÃO LEGISLATIVA E ACOMPANHAMENTO DAS POLÍTICAS PÚBLICAS,6723200
1010,ASSEMBLEIA LEGISLATIVA DO ESTADO DE MINAS GERAIS - ALMG,1011,ASSEMBLEIA LEGISLATIVA DO ESTADO DE MINAS GERAIS - ALMG,1,31,729,4,239,4239,1,3,3,90,36,4,10,1,0,ELABORAÇÃO LEGISLATIVA E ACOMPANHAMENTO DAS POLÍTICAS PÚBLICAS,12100
1010,ASSEMBLEIA LEGISLATIVA DO ESTADO DE MINAS GERAIS - ALMG,1011,ASSEMBLEIA LEGISLATIVA DO ESTADO DE MINAS GERAIS - ALMG,1,31,729,4,239,4239,1,3,3,90,36,12,10,1,0,ELABORAÇÃO LEGISLATIVA E ACOMPANHAMENTO DAS POLÍTICAS PÚBLICAS,368800
1010,ASSEMBLEIA LEGISLATIVA DO ESTADO DE MINAS GERAIS - ALMG,1011,ASSEMBLEIA LEGISLATIVA DO ESTADO DE MINAS GERAIS - ALMG,1,31,729,4,239,4239,1,3,3,90,36,14,10,1,0,ELABORAÇÃO LEGISLATIVA E ACOMPANHAMENTO DAS POLÍTICAS PÚBLICAS,1600
1010,ASSEMBLEIA LEGISLATIVA DO ESTADO DE MINAS GERAIS - ALMG,1011,ASSEMBLEIA LEGISLATIVA DO ESTADO DE MINAS GERAIS - ALMG,1,31,729,4,239,4239,1,3,3,90,36,19,10,1,0,ELABORAÇÃO LEGISLATIVA E ACOMPANHAMENTO DAS POLÍTICAS PÚBLICAS,109000
1010,ASSEMBLEIA LEGISLATIVA DO ESTADO DE MINAS GERAIS - ALMG,1011,ASSEMBLEIA LEGISLATIVA DO ESTADO DE MINAS GERAIS - ALMG,1,31,729,4,239,4239,1,3,3,90,36,25,10,1,0,ELABORAÇÃO LEGISLATIVA E ACOMPANHAMENTO DAS POLÍTICAS PÚBLICAS,48700
1010,ASSEMBLEIA LEGISLATIVA DO ESTADO DE MINAS GERAIS - ALMG,1011,ASSEMBLEIA LEGISLATIVA DO ESTADO DE MINAS GERAIS - ALMG,1,31,729,4,239,4239,1,3,3,90,36,31,10,1,0,ELABORAÇÃO LEGISLATIVA E ACOMPANHAMENTO DAS POLÍTICAS PÚBLICAS,33700
1010,ASSEMBLEIA LEGISLATIVA DO ESTADO DE MINAS GERAIS - ALMG,1011,ASSEMBLEIA LEGISLATIVA DO ESTADO DE MINAS GERAIS - ALMG,1,31,729,4,239,4239,1,3,3,90,37,1,10,1,0,ELABORAÇÃO LEGISLATIVA E ACOMPANHAMENTO DAS POLÍTICAS PÚBLICAS,9246500
1010,ASSEMBLEIA LEGISLATIVA DO ESTADO DE MINAS GERAIS - ALMG,1011,ASSEMBLEIA LEGISLATIVA DO ESTADO DE MINAS GERAIS - ALMG,1,31,729,4,239,4239,1,3,3,90,37,2,10,1,0,ELABORAÇÃO LEGISLATIVA E ACOMPANHAMENTO DAS POLÍTICAS PÚBLICAS,35829700
1010,ASSEMBLEIA LEGISLATIVA DO ESTADO DE MINAS GERAIS - ALMG,1011,ASSEMBLEIA LEGISLATIVA DO ESTADO DE MINAS GERAIS - ALMG,1,31,729,4,239,4239,1,3,3,90,39,3,10,1,0,ELABORAÇÃO LEGISLATIVA E ACOMPANHAMENTO DAS POLÍTICAS PÚBLICAS,658400
1010,ASSEMBLEIA LEGISLATIVA DO ESTADO DE MINAS GERAIS - ALMG,1011,ASSEMBLEIA LEGISLATIVA DO ESTADO DE MINAS GERAIS - ALMG,1,31,729,4,239,4239,1,3,3,90,39,6,10,1,0,ELABORAÇÃO LEGISLATIVA E ACOMPANHAMENTO DAS POLÍTICAS PÚBLICAS,3100
1010,ASSEMBLEIA LEGISLATIVA DO ESTADO DE MINAS GERAIS - ALMG,1011,ASSEMBLEIA LEGISLATIVA DO ESTADO DE MINAS GERAIS - ALMG,1,31,729,4,239,4239,1,3,3,90,39,9,10,1,0,ELABORAÇÃO LEGISLATIVA E ACOMPANHAMENTO DAS POLÍTICAS PÚBLICAS,54900000
1010,ASSEMBLEIA LEGISLATIVA DO ESTADO DE MINAS GERAIS - ALMG,1011,ASSEMBLEIA LEGISLATIVA DO ESTADO DE MINAS GERAIS - ALMG,1,31,729,4,239,4239,1,3,3,90,39,10,10,1,0,ELABORAÇÃO LEGISLATIVA E ACOMPANHAMENTO DAS POLÍTICAS PÚBLICAS,149100
1010,ASSEMBLEIA LEGISLATIVA DO ESTADO DE MINAS GERAIS - ALMG,1011,ASSEMBLEIA LEGISLATIVA DO ESTADO DE MINAS GERAIS - ALMG,1,31,729,4,239,4239,1,3,3,90,39,11,10,1,0,ELABORAÇÃO LEGISLATIVA E ACOMPANHAMENTO DAS POLÍTICAS PÚBLICAS,167600
1010,ASSEMBLEIA LEGISLATIVA DO ESTADO DE MINAS GERAIS - ALMG,1011,ASSEMBLEIA LEGISLATIVA DO ESTADO DE MINAS GERAIS - ALMG,1,31,729,4,239,4239,1,3,3,90,39,12,10,1,0,ELABORAÇÃO LEGISLATIVA E ACOMPANHAMENTO DAS POLÍTICAS PÚBLICAS,231700
1010,ASSEMBLEIA LEGISLATIVA DO ESTADO DE MINAS GERAIS - ALMG,1011,ASSEMBLEIA LEGISLATIVA DO ESTADO DE MINAS GERAIS - ALMG,1,31,729,4,239,4239,1,3,3,90,39,13,10,1,0,ELABORAÇÃO LEGISLATIVA E ACOMPANHAMENTO DAS POLÍTICAS PÚBLICAS,1105100
1010,ASSEMBLEIA LEGISLATIVA DO ESTADO DE MINAS GERAIS - ALMG,1011,ASSEMBLEIA LEGISLATIVA DO ESTADO DE MINAS GERAIS - ALMG,1,31,729,4,239,4239,1,3,3,90,39,15,10,1,0,ELABORAÇÃO LEGISLATIVA E ACOMPANHAMENTO DAS POLÍTICAS PÚBLICAS,660000
1010,ASSEMBLEIA LEGISLATIVA DO ESTADO DE MINAS GERAIS - ALMG,1011,ASSEMBLEIA LEGISLATIVA DO ESTADO DE MINAS GERAIS - ALMG,1,31,729,4,239,4239,1,3,3,90,39,16,10,1,0,ELABORAÇÃO LEGISLATIVA E ACOMPANHAMENTO DAS POLÍTICAS PÚBLICAS,176300
1010,ASSEMBLEIA LEGISLATIVA DO ESTADO DE MINAS GERAIS - ALMG,1011,ASSEMBLEIA LEGISLATIVA DO ESTADO DE MINAS GERAIS - ALMG,1,31,729,4,239,4239,1,3,3,90,39,17,10,1,0,ELABORAÇÃO LEGISLATIVA E ACOMPANHAMENTO DAS POLÍTICAS PÚBLICAS,4400
1010,ASSEMBLEIA LEGISLATIVA DO ESTADO DE MINAS GERAIS - ALMG,1011,ASSEMBLEIA LEGISLATIVA DO ESTADO DE MINAS GERAIS - ALMG,1,31,729,4,239,4239,1,3,3,90,39,18,10,1,0,ELABORAÇÃO LEGISLATIVA E ACOMPANHAMENTO DAS POLÍTICAS PÚBLICAS,1400
1010,ASSEMBLEIA LEGISLATIVA DO ESTADO DE MINAS GERAIS - ALMG,1011,ASSEMBLEIA LEGISLATIVA DO ESTADO DE MINAS GERAIS - ALMG,1,31,729,4,239,4239,1,3,3,90,39,19,10,1,0,ELABORAÇÃO LEGISLATIVA E ACOMPANHAMENTO DAS POLÍTICAS PÚBLICAS,3212200
1010,ASSEMBLEIA LEGISLATIVA DO ESTADO DE MINAS GERAIS - ALMG,1011,ASSEMBLEIA LEGISLATIVA DO ESTADO DE MINAS GERAIS - ALMG,1,31,729,4,239,4239,1,3,3,90,39,20,10,1,0,ELABORAÇÃO LEGISLATIVA E ACOMPANHAMENTO DAS POLÍTICAS PÚBLICAS,938600
1010,ASSEMBLEIA LEGISLATIVA DO ESTADO DE MINAS GERAIS - ALMG,1011,ASSEMBLEIA LEGISLATIVA DO ESTADO DE MINAS GERAIS - ALMG,1,31,729,4,239,4239,1,3,3,90,39,21,10,1,0,ELABORAÇÃO LEGISLATIVA E ACOMPANHAMENTO DAS POLÍTICAS PÚBLICAS,2733100
1010,ASSEMBLEIA LEGISLATIVA DO ESTADO DE MINAS GERAIS - ALMG,1011,ASSEMBLEIA LEGISLATIVA DO ESTADO DE MINAS GERAIS - ALMG,1,31,729,4,239,4239,1,3,3,90,39,22,10,1,0,ELABORAÇÃO LEGISLATIVA E ACOMPANHAMENTO DAS POLÍTICAS PÚBLICAS,13941800
1010,ASSEMBLEIA LEGISLATIVA DO ESTADO DE MINAS GERAIS - ALMG,1011,ASSEMBLEIA LEGISLATIVA DO ESTADO DE MINAS GERAIS - ALMG,1,31,729,4,239,4239,1,3,3,90,39,23,10,1,0,ELABORAÇÃO LEGISLATIVA E ACOMPANHAMENTO DAS POLÍTICAS PÚBLICAS,24700
1010,ASSEMBLEIA LEGISLATIVA DO ESTADO DE MINAS GERAIS - ALMG,1011,ASSEMBLEIA LEGISLATIVA DO ESTADO DE MINAS GERAIS - ALMG,1,31,729,4,239,4239,1,3,3,90,39,24,10,1,0,ELABORAÇÃO LEGISLATIVA E ACOMPANHAMENTO DAS POLÍTICAS PÚBLICAS,79200
1010,ASSEMBLEIA LEGISLATIVA DO ESTADO DE MINAS GERAIS - ALMG,1011,ASSEMBLEIA LEGISLATIVA DO ESTADO DE MINAS GERAIS - ALMG,1,31,729,4,239,4239,1,3,3,90,39,26,10,1,0,ELABORAÇÃO LEGISLATIVA E ACOMPANHAMENTO DAS POLÍTICAS PÚBLICAS,1586600
1010,ASSEMBLEIA LEGISLATIVA DO ESTADO DE MINAS GERAIS - ALMG,1011,ASSEMBLEIA LEGISLATIVA DO ESTADO DE MINAS GERAIS - ALMG,1,31,729,4,239,4239,1,3,3,90,39,29,10,1,0,ELABORAÇÃO LEGISLATIVA E ACOMPANHAMENTO DAS POLÍTICAS PÚBLICAS,7548800
1010,ASSEMBLEIA LEGISLATIVA DO ESTADO DE MINAS GERAIS - ALMG,1011,ASSEMBLEIA LEGISLATIVA DO ESTADO DE MINAS GERAIS - ALMG,1,31,729,4,239,4239,1,3,3,90,39,39,10,1,0,ELABORAÇÃO LEGISLATIVA E ACOMPANHAMENTO DAS POLÍTICAS PÚBLICAS,15300
1010,ASSEMBLEIA LEGISLATIVA DO ESTADO DE MINAS GERAIS - ALMG,1011,ASSEMBLEIA LEGISLATIVA DO ESTADO DE MINAS GERAIS - ALMG,1,31,729,4,239,4239,1,3,3,90,39,41,10,1,0,ELABORAÇÃO LEGISLATIVA E ACOMPANHAMENTO DAS POLÍTICAS PÚBLICAS,69000
1010,ASSEMBLEIA LEGISLATIVA DO ESTADO DE MINAS GERAIS - ALMG,1011,ASSEMBLEIA LEGISLATIVA DO ESTADO DE MINAS GERAIS - ALMG,1,31,729,4,239,4239,1,3,3,90,39,48,10,1,0,ELABORAÇÃO LEGISLATIVA E ACOMPANHAMENTO DAS POLÍTICAS PÚBLICAS,11400
1010,ASSEMBLEIA LEGISLATIVA DO ESTADO DE MINAS GERAIS - ALMG,1011,ASSEMBLEIA LEGISLATIVA DO ESTADO DE MINAS GERAIS - ALMG,1,31,729,4,239,4239,1,3,3,90,39,50,10,1,0,ELABORAÇÃO LEGISLATIVA E ACOMPANHAMENTO DAS POLÍTICAS PÚBLICAS,1212200
1010,ASSEMBLEIA LEGISLATIVA DO ESTADO DE MINAS GERAIS - ALMG,1011,ASSEMBLEIA LEGISLATIVA DO ESTADO DE MINAS GERAIS - ALMG,1,31,729,4,239,4239,1,3,3,90,39,55,10,1,0,ELABORAÇÃO LEGISLATIVA E ACOMPANHAMENTO DAS POLÍTICAS PÚBLICAS,1794100
1010,ASSEMBLEIA LEGISLATIVA DO ESTADO DE MINAS GERAIS - ALMG,1011,ASSEMBLEIA LEGISLATIVA DO ESTADO DE MINAS GERAIS - ALMG,1,31,729,4,239,4239,1,3,3,90,39,56,10,1,0,ELABORAÇÃO LEGISLATIVA E ACOMPANHAMENTO DAS POLÍTICAS PÚBLICAS,34800
1010,ASSEMBLEIA LEGISLATIVA DO ESTADO DE MINAS GERAIS - ALMG,1011,ASSEMBLEIA LEGISLATIVA DO ESTADO DE MINAS GERAIS - ALMG,1,31,729,4,239,4239,1,3,3,90,39,59,10,1,0,ELABORAÇÃO LEGISLATIVA E ACOMPANHAMENTO DAS POLÍTICAS PÚBLICAS,14600
1010,ASSEMBLEIA LEGISLATIVA DO ESTADO DE MINAS GERAIS - ALMG,1011,ASSEMBLEIA LEGISLATIVA DO ESTADO DE MINAS GERAIS - ALMG,1,31,729,4,239,4239,1,3,3,90,39,61,10,1,0,ELABORAÇÃO LEGISLATIVA E ACOMPANHAMENTO DAS POLÍTICAS PÚBLICAS,57600
1010,ASSEMBLEIA LEGISLATIVA DO ESTADO DE MINAS GERAIS - ALMG,1011,ASSEMBLEIA LEGISLATIVA DO ESTADO DE MINAS GERAIS - ALMG,1,31,729,4,239,4239,1,3,3,90,39,68,10,1,0,ELABORAÇÃO LEGISLATIVA E ACOMPANHAMENTO DAS POLÍTICAS PÚBLICAS,27900
1010,ASSEMBLEIA LEGISLATIVA DO ESTADO DE MINAS GERAIS - ALMG,1011,ASSEMBLEIA LEGISLATIVA DO ESTADO DE MINAS GERAIS - ALMG,1,31,729,4,239,4239,1,3,3,90,39,69,10,1,0,ELABORAÇÃO LEGISLATIVA E ACOMPANHAMENTO DAS POLÍTICAS PÚBLICAS,3621700
1010,ASSEMBLEIA LEGISLATIVA DO ESTADO DE MINAS GERAIS - ALMG,1011,ASSEMBLEIA LEGISLATIVA DO ESTADO DE MINAS GERAIS - ALMG,1,31,729,4,239,4239,1,3,3,90,39,86,10,1,0,ELABORAÇÃO LEGISLATIVA E ACOMPANHAMENTO DAS POLÍTICAS PÚBLICAS,160200
1010,ASSEMBLEIA LEGISLATIVA DO ESTADO DE MINAS GERAIS - ALMG,1011,ASSEMBLEIA LEGISLATIVA DO ESTADO DE MINAS GERAIS - ALMG,1,31,729,4,239,4239,1,3,3,90,39,87,10,1,0,ELABORAÇÃO LEGISLATIVA E ACOMPANHAMENTO DAS POLÍTICAS PÚBLICAS,14500
1010,ASSEMBLEIA LEGISLATIVA DO ESTADO DE MINAS GERAIS - ALMG,1011,ASSEMBLEIA LEGISLATIVA DO ESTADO DE MINAS GERAIS - ALMG,1,31,729,4,239,4239,1,3,3,90,39,91,10,1,0,ELABORAÇÃO LEGISLATIVA E ACOMPANHAMENTO DAS POLÍTICAS PÚBLICAS,81800
1010,ASSEMBLEIA LEGISLATIVA DO ESTADO DE MINAS GERAIS - ALMG,1011,ASSEMBLEIA LEGISLATIVA DO ESTADO DE MINAS GERAIS - ALMG,1,31,729,4,239,4239,1,3,3,90,39,98,10,1,0,ELABORAÇÃO LEGISLATIVA E ACOMPANHAMENTO DAS POLÍTICAS PÚBLICAS,46879600
1010,ASSEMBLEIA LEGISLATIVA DO ESTADO DE MINAS GERAIS - ALMG,1011,ASSEMBLEIA LEGISLATIVA DO ESTADO DE MINAS GERAIS - ALMG,1,31,729,4,239,4239,1,3,3,90,39,99,10,1,0,ELABORAÇÃO LEGISLATIVA E ACOMPANHAMENTO DAS POLÍTICAS PÚBLICAS,181500
1010,ASSEMBLEIA LEGISLATIVA DO ESTADO DE MINAS GERAIS - ALMG,1011,ASSEMBLEIA LEGISLATIVA DO ESTADO DE MINAS GERAIS - ALMG,1,31,729,4,239,4239,1,3,3,90,40,2,10,1,0,ELABORAÇÃO LEGISLATIVA E ACOMPANHAMENTO DAS POLÍTICAS PÚBLICAS,5733000
1010,ASSEMBLEIA LEGISLATIVA DO ESTADO DE MINAS GERAIS - ALMG,1011,ASSEMBLEIA LEGISLATIVA DO ESTADO DE MINAS GERAIS - ALMG,1,31,729,4,239,4239,1,3,3,90,40,3,10,1,0,ELABORAÇÃO LEGISLATIVA E ACOMPANHAMENTO DAS POLÍTICAS PÚBLICAS,135600
1010,ASSEMBLEIA LEGISLATIVA DO ESTADO DE MINAS GERAIS - ALMG,1011,ASSEMBLEIA LEGISLATIVA DO ESTADO DE MINAS GERAIS - ALMG,1,31,729,4,239,4239,1,3,3,90,40,4,10,1,0,ELABORAÇÃO LEGISLATIVA E ACOMPANHAMENTO DAS POLÍTICAS PÚBLICAS,1238600
1010,ASSEMBLEIA LEGISLATIVA DO ESTADO DE MINAS GERAIS - ALMG,1011,ASSEMBLEIA LEGISLATIVA DO ESTADO DE MINAS GERAIS - ALMG,1,31,729,4,239,4239,1,3,3,90,40,5,10,1,0,ELABORAÇÃO LEGISLATIVA E ACOMPANHAMENTO DAS POLÍTICAS PÚBLICAS,6800
1010,ASSEMBLEIA LEGISLATIVA DO ESTADO DE MINAS GERAIS - ALMG,1011,ASSEMBLEIA LEGISLATIVA DO ESTADO DE MINAS GERAIS - ALMG,1,31,729,4,239,4239,1,3,3,90,41,1,10,1,0,ELABORAÇÃO LEGISLATIVA E ACOMPANHAMENTO DAS POLÍTICAS PÚBLICAS,548600
1010,ASSEMBLEIA LEGISLATIVA DO ESTADO DE MINAS GERAIS - ALMG,1011,ASSEMBLEIA LEGISLATIVA DO ESTADO DE MINAS GERAIS - ALMG,1,31,729,4,239,4239,1,3,3,90,46,1,10,7,0,ELABORAÇÃO LEGISLATIVA E ACOMPANHAMENTO DAS POLÍTICAS PÚBLICAS,41596600
1010,ASSEMBLEIA LEGISLATIVA DO ESTADO DE MINAS GERAIS - ALMG,1011,ASSEMBLEIA LEGISLATIVA DO ESTADO DE MINAS GERAIS - ALMG,1,31,729,4,239,4239,1,3,3,90,47,3,10,1,0,ELABORAÇÃO LEGISLATIVA E ACOMPANHAMENTO DAS POLÍTICAS PÚBLICAS,108500
1010,ASSEMBLEIA LEGISLATIVA DO ESTADO DE MINAS GERAIS - ALMG,1011,ASSEMBLEIA LEGISLATIVA DO ESTADO DE MINAS GERAIS - ALMG,1,31,729,4,239,4239,1,3,3,90,47,7,10,1,0,ELABORAÇÃO LEGISLATIVA E ACOMPANHAMENTO DAS POLÍTICAS PÚBLICAS,23000
1010,ASSEMBLEIA LEGISLATIVA DO ESTADO DE MINAS GERAIS - ALMG,1011,ASSEMBLEIA LEGISLATIVA DO ESTADO DE MINAS GERAIS - ALMG,1,31,729,4,239,4239,1,3,3,90,47,99,10,1,0,ELABORAÇÃO LEGISLATIVA E ACOMPANHAMENTO DAS POLÍTICAS PÚBLICAS,28200
1010,ASSEMBLEIA LEGISLATIVA DO ESTADO DE MINAS GERAIS - ALMG,1011,ASSEMBLEIA LEGISLATIVA DO ESTADO DE MINAS GERAIS - ALMG,1,31,729,4,239,4239,1,3,3,90,49,2,10,7,0,ELABORAÇÃO LEGISLATIVA E ACOMPANHAMENTO DAS POLÍTICAS PÚBLICAS,20089600
1010,ASSEMBLEIA LEGISLATIVA DO ESTADO DE MINAS GERAIS - ALMG,1011,ASSEMBLEIA LEGISLATIVA DO ESTADO DE MINAS GERAIS - ALMG,1,31,729,4,239,4239,1,3,3,90,49,5,10,7,0,ELABORAÇÃO LEGISLATIVA E ACOMPANHAMENTO DAS POLÍTICAS PÚBLICAS,1995900
1010,ASSEMBLEIA LEGISLATIVA DO ESTADO DE MINAS GERAIS - ALMG,1011,ASSEMBLEIA LEGISLATIVA DO ESTADO DE MINAS GERAIS - ALMG,1,31,729,4,239,4239,1,3,3,90,93,1,10,1,0,ELABORAÇÃO LEGISLATIVA E ACOMPANHAMENTO DAS POLÍTICAS PÚBLICAS,120900
1010,ASSEMBLEIA LEGISLATIVA DO ESTADO DE MINAS GERAIS - ALMG,1011,ASSEMBLEIA LEGISLATIVA DO ESTADO DE MINAS GERAIS - ALMG,1,31,729,4,239,4239,1,3,3,90,93,8,10,1,0,ELABORAÇÃO LEGISLATIVA E ACOMPANHAMENTO DAS POLÍTICAS PÚBLICAS,5742700
1010,ASSEMBLEIA LEGISLATIVA DO ESTADO DE MINAS GERAIS - ALMG,1011,ASSEMBLEIA LEGISLATIVA DO ESTADO DE MINAS GERAIS - ALMG,1,31,729,4,239,4239,1,3,3,90,93,18,10,1,0,ELABORAÇÃO LEGISLATIVA E ACOMPANHAMENTO DAS POLÍTICAS PÚBLICAS,2771200
1010,ASSEMBLEIA LEGISLATIVA DO ESTADO DE MINAS GERAIS - ALMG,1011,ASSEMBLEIA LEGISLATIVA DO ESTADO DE MINAS GERAIS - ALMG,1,31,729,4,239,4239,1,3,3,90,93,99,10,1,0,ELABORAÇÃO LEGISLATIVA E ACOMPANHAMENTO DAS POLÍTICAS PÚBLICAS,20400
1010,ASSEMBLEIA LEGISLATIVA DO ESTADO DE MINAS GERAIS - ALMG,1011,ASSEMBLEIA LEGISLATIVA DO ESTADO DE MINAS GERAIS - ALMG,1,31,729,4,239,4239,1,3,3,90,93,8,60,1,0,ELABORAÇÃO LEGISLATIVA E ACOMPANHAMENTO DAS POLÍTICAS PÚBLICAS,21898400
1010,ASSEMBLEIA LEGISLATIVA DO ESTADO DE MINAS GERAIS - ALMG,1011,ASSEMBLEIA LEGISLATIVA DO ESTADO DE MINAS GERAIS - ALMG,1,31,729,4,239,4239,1,3,3,91,30,8,10,1,0,ELABORAÇÃO LEGISLATIVA E ACOMPANHAMENTO DAS POLÍTICAS PÚBLICAS,120000
1010,ASSEMBLEIA LEGISLATIVA DO ESTADO DE MINAS GERAIS - ALMG,1011,ASSEMBLEIA LEGISLATIVA DO ESTADO DE MINAS GERAIS - ALMG,1,31,729,4,239,4239,1,3,3,91,93,99,10,1,0,ELABORAÇÃO LEGISLATIVA E ACOMPANHAMENTO DAS POLÍTICAS PÚBLICAS,62000
1010,ASSEMBLEIA LEGISLATIVA DO ESTADO DE MINAS GERAIS - ALMG,1011,ASSEMBLEIA LEGISLATIVA DO ESTADO DE MINAS GERAIS - ALMG,1,31,729,4,239,4239,1,4,4,90,40,6,10,1,0,ELABORAÇÃO LEGISLATIVA E ACOMPANHAMENTO DAS POLÍTICAS PÚBLICAS,1520200
1010,ASSEMBLEIA LEGISLATIVA DO ESTADO DE MINAS GERAIS - ALMG,1011,ASSEMBLEIA LEGISLATIVA DO ESTADO DE MINAS GERAIS - ALMG,1,31,729,4,239,4239,1,4,4,90,52,4,10,1,0,ELABORAÇÃO LEGISLATIVA E ACOMPANHAMENTO DAS POLÍTICAS PÚBLICAS,75600
1010,ASSEMBLEIA LEGISLATIVA DO ESTADO DE MINAS GERAIS - ALMG,1011,ASSEMBLEIA LEGISLATIVA DO ESTADO DE MINAS GERAIS - ALMG,1,31,729,4,239,4239,1,4,4,90,52,6,10,1,0,ELABORAÇÃO LEGISLATIVA E ACOMPANHAMENTO DAS POLÍTICAS PÚBLICAS,301200
1010,ASSEMBLEIA LEGISLATIVA DO ESTADO DE MINAS GERAIS - ALMG,1011,ASSEMBLEIA LEGISLATIVA DO ESTADO DE MINAS GERAIS - ALMG,1,31,729,4,239,4239,1,4,4,90,52,7,10,1,0,ELABORAÇÃO LEGISLATIVA E ACOMPANHAMENTO DAS POLÍTICAS PÚBLICAS,2405400
1010,ASSEMBLEIA LEGISLATIVA DO ESTADO DE MINAS GERAIS - ALMG,1011,ASSEMBLEIA LEGISLATIVA DO ESTADO DE MINAS GERAIS - ALMG,1,31,729,4,239,4239,1,4,4,90,52,8,10,1,0,ELABORAÇÃO LEGISLATIVA E ACOMPANHAMENTO DAS POLÍTICAS PÚBLICAS,4149600
1010,ASSEMBLEIA LEGISLATIVA DO ESTADO DE MINAS GERAIS - ALMG,1011,ASSEMBLEIA LEGISLATIVA DO ESTADO DE MINAS GERAIS - ALMG,1,31,729,4,239,4239,1,4,4,90,52,9,10,1,0,ELABORAÇÃO LEGISLATIVA E ACOMPANHAMENTO DAS POLÍTICAS PÚBLICAS,36300
1010,ASSEMBLEIA LEGISLATIVA DO ESTADO DE MINAS GERAIS - ALMG,1011,ASSEMBLEIA LEGISLATIVA DO ESTADO DE MINAS GERAIS - ALMG,1,31,729,4,239,4239,1,4,4,90,52,10,10,1,0,ELABORAÇÃO LEGISLATIVA E ACOMPANHAMENTO DAS POLÍTICAS PÚBLICAS,48200
1010,ASSEMBLEIA LEGISLATIVA DO ESTADO DE MINAS GERAIS - ALMG,1011,ASSEMBLEIA LEGISLATIVA DO ESTADO DE MINAS GERAIS - ALMG,1,31,729,4,239,4239,1,4,4,90,52,12,10,1,0,ELABORAÇÃO LEGISLATIVA E ACOMPANHAMENTO DAS POLÍTICAS PÚBLICAS,285900
1010,ASSEMBLEIA LEGISLATIVA DO ESTADO DE MINAS GERAIS - ALMG,1011,ASSEMBLEIA LEGISLATIVA DO ESTADO DE MINAS GERAIS - ALMG,1,31,729,4,239,4239,1,4,4,90,52,14,10,1,0,ELABORAÇÃO LEGISLATIVA E ACOMPANHAMENTO DAS POLÍTICAS PÚBLICAS,832900
1010,ASSEMBLEIA LEGISLATIVA DO ESTADO DE MINAS GERAIS - ALMG,1011,ASSEMBLEIA LEGISLATIVA DO ESTADO DE MINAS GERAIS - ALMG,1,31,729,4,239,4239,1,4,4,90,52,18,10,1,0,ELABORAÇÃO LEGISLATIVA E ACOMPANHAMENTO DAS POLÍTICAS PÚBLICAS,91900
1010,ASSEMBLEIA LEGISLATIVA DO ESTADO DE MINAS GERAIS - ALMG,1011,ASSEMBLEIA LEGISLATIVA DO ESTADO DE MINAS GERAIS - ALMG,1,31,729,4,239,4239,1,4,4,90,52,20,10,1,0,ELABORAÇÃO LEGISLATIVA E ACOMPANHAMENTO DAS POLÍTICAS PÚBLICAS,1139500
1010,ASSEMBLEIA LEGISLATIVA DO ESTADO DE MINAS GERAIS - ALMG,1011,ASSEMBLEIA LEGISLATIVA DO ESTADO DE MINAS GERAIS - ALMG,1,31,729,4,239,4239,1,4,4,90,52,25,10,1,0,ELABORAÇÃO LEGISLATIVA E ACOMPANHAMENTO DAS POLÍTICAS PÚBLICAS,159000
1010,ASSEMBLEIA LEGISLATIVA DO ESTADO DE MINAS GERAIS - ALMG,1011,ASSEMBLEIA LEGISLATIVA DO ESTADO DE MINAS GERAIS - ALMG,1,31,729,4,239,4239,1,4,4,90,52,26,10,1,0,ELABORAÇÃO LEGISLATIVA E ACOMPANHAMENTO DAS POLÍTICAS PÚBLICAS,122400
1010,ASSEMBLEIA LEGISLATIVA DO ESTADO DE MINAS GERAIS - ALMG,1011,ASSEMBLEIA LEGISLATIVA DO ESTADO DE MINAS GERAIS - ALMG,1,31,729,4,239,4239,1,4,4,90,52,27,10,1,0,ELABORAÇÃO LEGISLATIVA E ACOMPANHAMENTO DAS POLÍTICAS PÚBLICAS,36000
1010,ASSEMBLEIA LEGISLATIVA DO ESTADO DE MINAS GERAIS - ALMG,1011,ASSEMBLEIA LEGISLATIVA DO ESTADO DE MINAS GERAIS - ALMG,1,31,729,4,239,4239,1,4,4,90,52,30,10,1,0,ELABORAÇÃO LEGISLATIVA E ACOMPANHAMENTO DAS POLÍTICAS PÚBLICAS,21900
1010,ASSEMBLEIA LEGISLATIVA DO ESTADO DE MINAS GERAIS - ALMG,1011,ASSEMBLEIA LEGISLATIVA DO ESTADO DE MINAS GERAIS - ALMG,1,31,729,4,239,4239,1,4,5,91,41,3,10,1,0,ELABORAÇÃO LEGISLATIVA E ACOMPANHAMENTO DAS POLÍTICAS PÚBLICAS,11953000
1010,ASSEMBLEIA LEGISLATIVA DO ESTADO DE MINAS GERAIS - ALMG,1011,ASSEMBLEIA LEGISLATIVA DO ESTADO DE MINAS GERAIS - ALMG,9,272,705,7,6,7006,1,3,1,90,1,1,10,5,0,PROVENTOS DE INATIVOS CIVIS E PENSIONISTAS,310144000
1010,ASSEMBLEIA LEGISLATIVA DO ESTADO DE MINAS GERAIS - ALMG,1011,ASSEMBLEIA LEGISLATIVA DO ESTADO DE MINAS GERAIS - ALMG,9,272,705,7,6,7006,1,3,1,90,1,9,10,5,0,PROVENTOS DE INATIVOS CIVIS E PENSIONISTAS,42000000
1010,ASSEMBLEIA LEGISLATIVA DO ESTADO DE MINAS GERAIS - ALMG,1011,ASSEMBLEIA LEGISLATIVA DO ESTADO DE MINAS GERAIS - ALMG,9,272,705,7,6,7006,1,3,1,90,1,1,42,5,0,PROVENTOS DE INATIVOS CIVIS E PENSIONISTAS,103400000
1010,ASSEMBLEIA LEGISLATIVA DO ESTADO DE MINAS GERAIS - ALMG,1011,ASSEMBLEIA LEGISLATIVA DO ESTADO DE MINAS GERAIS - ALMG,9,272,705,7,6,7006,1,3,1,90,1,1,43,5,0,PROVENTOS DE INATIVOS CIVIS E PENSIONISTAS,120240000
1010,ASSEMBLEIA LEGISLATIVA DO ESTADO DE MINAS GERAIS - ALMG,1011,ASSEMBLEIA LEGISLATIVA DO ESTADO DE MINAS GERAIS - ALMG,9,272,705,7,6,7006,1,3,1,90,59,7,10,1,0,PROVENTOS DE INATIVOS CIVIS E PENSIONISTAS,1610000
1010,ASSEMBLEIA LEGISLATIVA DO ESTADO DE MINAS GERAIS - ALMG,1011,ASSEMBLEIA LEGISLATIVA DO ESTADO DE MINAS GERAIS - ALMG,9,272,705,7,6,7006,1,3,1,91,13,22,10,5,0,PROVENTOS DE INATIVOS CIVIS E PENSIONISTAS,135000
1010,ASSEMBLEIA LEGISLATIVA DO ESTADO DE MINAS GERAIS - ALMG,1011,ASSEMBLEIA LEGISLATIVA DO ESTADO DE MINAS GERAIS - ALMG,28,846,705,7,4,7004,1,3,1,90,91,3,10,9,0,PRECATÓRIOS E SENTENÇAS JUDICIÁRIAS,1970000
1010,ASSEMBLEIA LEGISLATIVA DO ESTADO DE MINAS GERAIS - ALMG,1011,ASSEMBLEIA LEGISLATIVA DO ESTADO DE MINAS GERAIS - ALMG,28,846,705,7,4,7004,1,3,3,90,91,3,10,9,0,PRECATÓRIOS E SENTENÇAS JUDICIÁRIAS,30000
1010,ASSEMBLEIA LEGISLATIVA DO ESTADO DE MINAS GERAIS - ALMG,4121,FUNDO DE APOIO HABITACIONAL DA ASSEMBLEIA LEGISLATIVA DE MINAS GERAIS - FUNDHAB,10,302,764,4,539,4539,1,3,3,90,39,29,60,1,0,ASSISTÊNCIA COMPLEMENTAR,1000
1010,ASSEMBLEIA LEGISLATIVA DO ESTADO DE MINAS GERAIS - ALMG,4121,FUNDO DE APOIO HABITACIONAL DA ASSEMBLEIA LEGISLATIVA DE MINAS GERAIS - FUNDHAB,16,482,765,4,84,4084,1,4,5,90,66,3,60,1,0,FINANCIAMENTO HABITACIONAL AOS SERVIDORES DA ASSEMBLEIA LEGISLATIVA,17999000
1190,SECRETARIA DE ESTADO DE FAZENDA - SEF,4621,FUNDO DE INVESTIMENTO DO ESTADO DE MINAS GERAIS - MG INVESTE,22,661,20,4,444,4444,1,4,5,90,66,2,60,1,0,MG INVESTE,2000
1220,SECRETARIA DE ESTADO DE DESENVOLVIMENTO ECONÔMICO - SEDE,4111,FUNDO DE FOMENTO E DESENVOLVIMENTO SOCIOECONÔMICO DO ESTADO DE MINAS GERAIS - FUNDESE,23,691,24,4,41,4041,1,4,5,90,66,2,60,1,0,FUNDESE GERAMINAS,1000
1220,SECRETARIA DE ESTADO DE DESENVOLVIMENTO ECONÔMICO - SEDE,4111,FUNDO DE FOMENTO E DESENVOLVIMENTO SOCIOECONÔMICO DO ESTADO DE MINAS GERAIS - FUNDESE,23,691,24,4,42,4042,1,4,5,90,66,2,60,1,0,FUNDESE EMPRESA MINEIRA COMPETITIVA,1000
1220,SECRETARIA DE ESTADO DE DESENVOLVIMENTO ECONÔMICO - SEDE,4111,FUNDO DE FOMENTO E DESENVOLVIMENTO SOCIOECONÔMICO DO ESTADO DE MINAS GERAIS - FUNDESE,23,691,24,4,43,4043,1,4,5,90,66,2,60,1,0,FUNDESE BASE TECNOLOGICA,1000
1230,"SECRETARIA DE ESTADO DE AGRICULTURA, PECUÁRIA E ABASTECIMENTO - SEAPA",3051,EMPRESA DE PESQUISA AGROPECUÁRIA DE MINAS GERAIS - EPAMIG,19,571,16,4,18,4018,1,3,3,90,14,1,60,1,0,DESENVOLVIMENTO DE PESQUISA AGROPECUÁRIA E AGROINDUSTRIAL,1000
1250,POLÍCIA MILITAR DO ESTADO DE MINAS GERAIS - PMMG,2121,INSTITUTO DE PREVIDÊNCIA DOS SERVIDORES MILITARES DO ESTADO DE MINAS GERAIS - IPSM,28,846,705,7,4,7004,1,3,1,90,91,2,60,9,0,PRECATÓRIOS E SENTENÇAS JUDICIÁRIAS,16602877
1250,POLÍCIA MILITAR DO ESTADO DE MINAS GERAIS - PMMG,2121,INSTITUTO DE PREVIDÊNCIA DOS SERVIDORES MILITARES DO ESTADO DE MINAS GERAIS - IPSM,28,846,705,7,4,7004,1,3,3,90,91,8,60,9,0,PRECATÓRIOS E SENTENÇAS JUDICIÁRIAS,101935
1260,SECRETARIA DE ESTADO DE EDUCAÇÃO - SEE,2311,UNIVERSIDADE ESTADUAL DE MONTES CLAROS - UNIMONTES,12,302,7,4,17,4017,1,3,1,90,11,1,57,2,0,MANUTENÇÃO DO HOSPITAL DE ENSINO,483858
1260,SECRETARIA DE ESTADO DE EDUCAÇÃO - SEE,2311,UNIVERSIDADE ESTADUAL DE MONTES CLAROS - UNIMONTES,12,364,7,4,550,4550,1,3,3,90,30,8,60,1,0,FORNECIMENTO DE REFEIÇÕES NA UNIVERSIDADE,3284749
1260,SECRETARIA DE ESTADO DE EDUCAÇÃO - SEE,2311,UNIVERSIDADE ESTADUAL DE MONTES CLAROS - UNIMONTES,12,364,7,4,550,4550,1,3,3,90,39,3,60,1,0,FORNECIMENTO DE REFEIÇÕES NA UNIVERSIDADE,6608500
1260,SECRETARIA DE ESTADO DE EDUCAÇÃO - SEE,2311,UNIVERSIDADE ESTADUAL DE MONTES CLAROS - UNIMONTES,28,846,705,7,4,7004,1,3,1,90,91,2,60,9,0,PRECATÓRIOS E SENTENÇAS JUDICIÁRIAS,1560220
1260,SECRETARIA DE ESTADO DE EDUCAÇÃO - SEE,2311,UNIVERSIDADE ESTADUAL DE MONTES CLAROS - UNIMONTES,28,846,705,7,4,7004,1,3,3,90,91,3,60,9,0,PRECATÓRIOS E SENTENÇAS JUDICIÁRIAS,1040146
1270,SECRETARIA DE ESTADO DE CULTURA E TURISMO - SECULT,2201,INSTITUTO ESTADUAL DO PATRIMÔNIO HISTÓRICO E ARTÍSTICO DE MINAS GERAIS - IEPHA,4,122,705,2,500,2500,1,3,3,90,14,1,60,1,0,ASSESSORAMENTO E GERENCIAMENTO DE POLÍTICAS PÚBLICAS,10680
1270,SECRETARIA DE ESTADO DE CULTURA E TURISMO - SECULT,2201,INSTITUTO ESTADUAL DO PATRIMÔNIO HISTÓRICO E ARTÍSTICO DE MINAS GERAIS - IEPHA,4,122,705,2,500,2500,1,3,3,90,39,99,9,1,0,ASSESSORAMENTO E GERENCIAMENTO DE POLÍTICAS PÚBLICAS,180536
1270,SECRETARIA DE ESTADO DE CULTURA E TURISMO - SECULT,2201,INSTITUTO ESTADUAL DO PATRIMÔNIO HISTÓRICO E ARTÍSTICO DE MINAS GERAIS - IEPHA,4,122,705,2,500,2500,1,4,4,90,40,6,9,1,0,ASSESSORAMENTO E GERENCIAMENTO DE POLÍTICAS PÚBLICAS,980000
1270,SECRETARIA DE ESTADO DE CULTURA E TURISMO - SECULT,2201,INSTITUTO ESTADUAL DO PATRIMÔNIO HISTÓRICO E ARTÍSTICO DE MINAS GERAIS - IEPHA,13,391,106,4,278,4278,1,3,3,90,39,99,1,1,0,PROTEÇÃO DO PATRIMÔNIO CULTURAL,473331
1270,SECRETARIA DE ESTADO DE CULTURA E TURISMO - SECULT,2201,INSTITUTO ESTADUAL DO PATRIMÔNIO HISTÓRICO E ARTÍSTICO DE MINAS GERAIS - IEPHA,13,391,106,4,278,4278,1,3,3,90,39,99,24,1,0,PROTEÇÃO DO PATRIMÔNIO CULTURAL,343000
1270,SECRETARIA DE ESTADO DE CULTURA E TURISMO - SECULT,2201,INSTITUTO ESTADUAL DO PATRIMÔNIO HISTÓRICO E ARTÍSTICO DE MINAS GERAIS - IEPHA,13,391,106,4,279,4279,1,3,3,90,39,99,1,1,0,CONSERVAÇÃO E RESTAURAÇÃO DO PATRIMÔNIO CULTURAL PROTEGIDO,87800
1270,SECRETARIA DE ESTADO DE CULTURA E TURISMO - SECULT,2201,INSTITUTO ESTADUAL DO PATRIMÔNIO HISTÓRICO E ARTÍSTICO DE MINAS GERAIS - IEPHA,13,391,106,4,279,4279,1,3,3,90,39,99,24,1,0,CONSERVAÇÃO E RESTAURAÇÃO DO PATRIMÔNIO CULTURAL PROTEGIDO,2000
1270,SECRETARIA DE ESTADO DE CULTURA E TURISMO - SECULT,2201,INSTITUTO ESTADUAL DO PATRIMÔNIO HISTÓRICO E ARTÍSTICO DE MINAS GERAIS - IEPHA,13,391,106,4,279,4279,1,3,3,90,39,99,45,1,0,CONSERVAÇÃO E RESTAURAÇÃO DO PATRIMÔNIO CULTURAL PROTEGIDO,1057792
1270,SECRETARIA DE ESTADO DE CULTURA E TURISMO - SECULT,2201,INSTITUTO ESTADUAL DO PATRIMÔNIO HISTÓRICO E ARTÍSTICO DE MINAS GERAIS - IEPHA,13,391,106,4,279,4279,1,4,4,90,39,99,1,1,0,CONSERVAÇÃO E RESTAURAÇÃO DO PATRIMÔNIO CULTURAL PROTEGIDO,250000
1270,SECRETARIA DE ESTADO DE CULTURA E TURISMO - SECULT,2201,INSTITUTO ESTADUAL DO PATRIMÔNIO HISTÓRICO E ARTÍSTICO DE MINAS GERAIS - IEPHA,13,391,106,4,279,4279,1,4,4,90,39,99,24,1,0,CONSERVAÇÃO E RESTAURAÇÃO DO PATRIMÔNIO CULTURAL PROTEGIDO,650000
1320,SECRETARIA DE ESTADO DE SAÚDE - SES,2321,FUNDAÇÃO CENTRO DE HEMATOLOGIA E HEMOTERAPIA DE MINAS GERAIS - HEMOMINAS,28,846,705,7,4,7004,1,3,1,90,91,3,60,9,0,PRECATÓRIOS E SENTENÇAS JUDICIÁRIAS,1938170
1400,CORPO DE BOMBEIROS MILITAR DO ESTADO DE MINAS GERAIS - CBMMG,1401,CORPO DE BOMBEIROS MILITAR DO ESTADO DE MINAS GERAIS - CBMMG,10,302,52,2,21,2021,1,3,1,90,12,1,10,1,0,"ASSISTÊNCIA MÉDICA, ODONTOLÓGICA, PSICOLÓGICA E FISIOTERÁPICA AOS BOMBEIROS MILITARES E SEUS DEPENDENTES",18000000
1400,CORPO DE BOMBEIROS MILITAR DO ESTADO DE MINAS GERAIS - CBMMG,1401,CORPO DE BOMBEIROS MILITAR DO ESTADO DE MINAS GERAIS - CBMMG,10,302,52,2,21,2021,1,3,3,90,19,1,10,7,0,"ASSISTÊNCIA MÉDICA, ODONTOLÓGICA, PSICOLÓGICA E FISIOTERÁPICA AOS BOMBEIROS MILITARES E SEUS DEPENDENTES",5000000
1450,SECRETARIA DE ESTADO DE JUSTIÇA E SEGURANÇA PÚBLICA - SEJUSP,1451,SECRETARIA DE ESTADO DE JUSTIÇA E SEGURANÇA PÚBLICA - SEJUSP,6,181,134,4,378,4378,1,4,4,90,52,99,2,1,1,OPERACIONALIZAÇÃO DA POLÍTICA DE INTEGRAÇÃO DA SEGURANÇA PÚBLICA DE MINAS GERAIS,1937547
1450,SECRETARIA DE ESTADO DE JUSTIÇA E SEGURANÇA PÚBLICA - SEJUSP,1451,SECRETARIA DE ESTADO DE JUSTIÇA E SEGURANÇA PÚBLICA - SEJUSP,6,243,146,4,441,4441,1,4,4,90,39,99,24,1,1,"ADEQUAÇÃO, MANUTENÇÃO E DESENVOLVIMENTO DO ATENDIMENTO SOCIOEDUCATIVO",29500000
1450,SECRETARIA DE ESTADO DE JUSTIÇA E SEGURANÇA PÚBLICA - SEJUSP,1451,SECRETARIA DE ESTADO DE JUSTIÇA E SEGURANÇA PÚBLICA - SEJUSP,6,363,134,4,379,4379,1,3,3,90,39,99,24,1,0,"RECRUTAMENTO, SELEÇÃO, FORMAÇÃO, CAPACITAÇÃO E TREINAMENTO DOS PROFISSIONAIS DO SISTEMA DE JUSTIÇA E SEGURANÇA PÚBLICA",5565758
1450,SECRETARIA DE ESTADO DE JUSTIÇA E SEGURANÇA PÚBLICA - SEJUSP,1451,SECRETARIA DE ESTADO DE JUSTIÇA E SEGURANÇA PÚBLICA - SEJUSP,6,421,129,4,344,4344,1,3,3,50,39,99,24,1,0,PREVENÇÃO SOCIAL ÀS VIOLÊNCIAS E CRIMINALIDADES,1965063
1450,SECRETARIA DE ESTADO DE JUSTIÇA E SEGURANÇA PÚBLICA - SEJUSP,1451,SECRETARIA DE ESTADO DE JUSTIÇA E SEGURANÇA PÚBLICA - SEJUSP,6,421,129,4,347,4347,1,4,4,90,52,7,1,1,0,IMPLANTAÇÃO DE UNIDADES DE PREVENÇÃO À CRIMINALIDADE,100000
1450,SECRETARIA DE ESTADO DE JUSTIÇA E SEGURANÇA PÚBLICA - SEJUSP,1451,SECRETARIA DE ESTADO DE JUSTIÇA E SEGURANÇA PÚBLICA - SEJUSP,6,421,129,4,347,4347,1,4,4,90,52,17,1,1,0,IMPLANTAÇÃO DE UNIDADES DE PREVENÇÃO À CRIMINALIDADE,301302
1450,SECRETARIA DE ESTADO DE JUSTIÇA E SEGURANÇA PÚBLICA - SEJUSP,1451,SECRETARIA DE ESTADO DE JUSTIÇA E SEGURANÇA PÚBLICA - SEJUSP,6,421,130,1,48,1048,1,3,3,90,39,99,2,1,1,MODERNIZAÇÃO E EXPANSÃO DO SISTEMA PRISIONAL,2000
1450,SECRETARIA DE ESTADO DE JUSTIÇA E SEGURANÇA PÚBLICA - SEJUSP,1451,SECRETARIA DE ESTADO DE JUSTIÇA E SEGURANÇA PÚBLICA - SEJUSP,6,421,130,1,48,1048,1,3,3,90,39,99,24,1,1,MODERNIZAÇÃO E EXPANSÃO DO SISTEMA PRISIONAL,505505
1450,SECRETARIA DE ESTADO DE JUSTIÇA E SEGURANÇA PÚBLICA - SEJUSP,1451,SECRETARIA DE ESTADO DE JUSTIÇA E SEGURANÇA PÚBLICA - SEJUSP,6,421,130,1,48,1048,1,4,4,90,52,17,1,1,1,MODERNIZAÇÃO E EXPANSÃO DO SISTEMA PRISIONAL,600000
1450,SECRETARIA DE ESTADO DE JUSTIÇA E SEGURANÇA PÚBLICA - SEJUSP,1451,SECRETARIA DE ESTADO DE JUSTIÇA E SEGURANÇA PÚBLICA - SEJUSP,6,421,130,1,48,1048,1,4,4,90,52,99,1,1,1,MODERNIZAÇÃO E EXPANSÃO DO SISTEMA PRISIONAL,657661
1450,SECRETARIA DE ESTADO DE JUSTIÇA E SEGURANÇA PÚBLICA - SEJUSP,1451,SECRETARIA DE ESTADO DE JUSTIÇA E SEGURANÇA PÚBLICA - SEJUSP,6,421,130,1,48,1048,1,4,4,90,52,99,2,1,1,MODERNIZAÇÃO E EXPANSÃO DO SISTEMA PRISIONAL,5410824
1450,SECRETARIA DE ESTADO DE JUSTIÇA E SEGURANÇA PÚBLICA - SEJUSP,1451,SECRETARIA DE ESTADO DE JUSTIÇA E SEGURANÇA PÚBLICA - SEJUSP,6,421,130,1,48,1048,1,4,4,90,52,99,24,1,1,MODERNIZAÇÃO E EXPANSÃO DO SISTEMA PRISIONAL,44308048
1450,SECRETARIA DE ESTADO DE JUSTIÇA E SEGURANÇA PÚBLICA - SEJUSP,1451,SECRETARIA DE ESTADO DE JUSTIÇA E SEGURANÇA PÚBLICA - SEJUSP,6,421,130,4,348,4348,1,3,3,90,36,12,60,1,0,CUSTÓDIA E RESSOCIALIZAÇÃO DE PRESOS,6030000
1450,SECRETARIA DE ESTADO DE JUSTIÇA E SEGURANÇA PÚBLICA - SEJUSP,1451,SECRETARIA DE ESTADO DE JUSTIÇA E SEGURANÇA PÚBLICA - SEJUSP,6,421,130,4,348,4348,1,3,3,90,36,12,61,1,0,CUSTÓDIA E RESSOCIALIZAÇÃO DE PRESOS,98740
1450,SECRETARIA DE ESTADO DE JUSTIÇA E SEGURANÇA PÚBLICA - SEJUSP,1451,SECRETARIA DE ESTADO DE JUSTIÇA E SEGURANÇA PÚBLICA - SEJUSP,6,421,130,4,348,4348,1,3,3,90,39,99,1,1,0,CUSTÓDIA E RESSOCIALIZAÇÃO DE PRESOS,2000
1450,SECRETARIA DE ESTADO DE JUSTIÇA E SEGURANÇA PÚBLICA - SEJUSP,1451,SECRETARIA DE ESTADO DE JUSTIÇA E SEGURANÇA PÚBLICA - SEJUSP,6,421,130,4,348,4348,1,3,3,90,39,99,24,1,0,CUSTÓDIA E RESSOCIALIZAÇÃO DE PRESOS,600228
1450,SECRETARIA DE ESTADO DE JUSTIÇA E SEGURANÇA PÚBLICA - SEJUSP,1451,SECRETARIA DE ESTADO DE JUSTIÇA E SEGURANÇA PÚBLICA - SEJUSP,6,421,130,4,348,4348,1,4,4,90,52,99,1,1,0,CUSTÓDIA E RESSOCIALIZAÇÃO DE PRESOS,800000
1450,SECRETARIA DE ESTADO DE JUSTIÇA E SEGURANÇA PÚBLICA - SEJUSP,1451,SECRETARIA DE ESTADO DE JUSTIÇA E SEGURANÇA PÚBLICA - SEJUSP,6,421,130,4,348,4348,1,4,4,90,52,99,24,1,0,CUSTÓDIA E RESSOCIALIZAÇÃO DE PRESOS,9217467
1450,SECRETARIA DE ESTADO DE JUSTIÇA E SEGURANÇA PÚBLICA - SEJUSP,1451,SECRETARIA DE ESTADO DE JUSTIÇA E SEGURANÇA PÚBLICA - SEJUSP,6,421,130,4,351,4351,1,4,4,90,39,99,24,1,0,MANUTENÇÃO E IMPLANTAÇÃO DE METODOLOGIA DE CUSTÓDIAS ALTERNATIVAS,6627597
1450,SECRETARIA DE ESTADO DE JUSTIÇA E SEGURANÇA PÚBLICA - SEJUSP,1451,SECRETARIA DE ESTADO DE JUSTIÇA E SEGURANÇA PÚBLICA - SEJUSP,12,243,146,4,442,4442,1,3,3,90,39,99,24,1,0,FORMAÇÃO EDUCACIONAL E PROFISSIONAL DO ADOLESCENTE EM CUMPRIMENTO DE MEDIDA SOCIOEDUCATIVA,1807896
1450,SECRETARIA DE ESTADO DE JUSTIÇA E SEGURANÇA PÚBLICA - SEJUSP,4141,FUNDO PENITENCIÁRIO ESTADUAL - FPE,6,421,128,1,46,1046,1,3,3,90,30,99,57,1,0,APOIO À ESTRUTURAÇÃO E AO REAPARELHAMENTO DE UNIDADES PRISIONAIS E SOCIOEDUCATIVAS,995034
1450,SECRETARIA DE ESTADO DE JUSTIÇA E SEGURANÇA PÚBLICA - SEJUSP,4141,FUNDO PENITENCIÁRIO ESTADUAL - FPE,6,421,128,1,46,1046,1,3,3,90,39,99,39,1,0,APOIO À ESTRUTURAÇÃO E AO REAPARELHAMENTO DE UNIDADES PRISIONAIS E SOCIOEDUCATIVAS,5920000
1450,SECRETARIA DE ESTADO DE JUSTIÇA E SEGURANÇA PÚBLICA - SEJUSP,4141,FUNDO PENITENCIÁRIO ESTADUAL - FPE,6,421,128,1,46,1046,1,3,3,90,39,99,57,1,0,APOIO À ESTRUTURAÇÃO E AO REAPARELHAMENTO DE UNIDADES PRISIONAIS E SOCIOEDUCATIVAS,1000
1450,SECRETARIA DE ESTADO DE JUSTIÇA E SEGURANÇA PÚBLICA - SEJUSP,4141,FUNDO PENITENCIÁRIO ESTADUAL - FPE,6,421,128,1,46,1046,1,4,4,90,39,99,57,1,0,APOIO À ESTRUTURAÇÃO E AO REAPARELHAMENTO DE UNIDADES PRISIONAIS E SOCIOEDUCATIVAS,1000
1450,SECRETARIA DE ESTADO DE JUSTIÇA E SEGURANÇA PÚBLICA - SEJUSP,4141,FUNDO PENITENCIÁRIO ESTADUAL - FPE,6,421,128,1,46,1046,1,4,4,90,52,99,57,1,0,APOIO À ESTRUTURAÇÃO E AO REAPARELHAMENTO DE UNIDADES PRISIONAIS E SOCIOEDUCATIVAS,8722497
1450,SECRETARIA DE ESTADO DE JUSTIÇA E SEGURANÇA PÚBLICA - SEJUSP,4691,FUNDO ESTADUAL DE SEGURANÇA PÚBLICA DE MINAS GERAIS - FESP-MG,6,123,134,2,71,2071,1,3,3,90,30,99,57,1,0,APOIO ÀS AÇÕES DO FUNDO DE ESTADUAL DE SEGURANÇA PÚBLICA,27366278
1450,SECRETARIA DE ESTADO DE JUSTIÇA E SEGURANÇA PÚBLICA - SEJUSP,4691,FUNDO ESTADUAL DE SEGURANÇA PÚBLICA DE MINAS GERAIS - FESP-MG,6,123,134,2,71,2071,1,3,3,90,39,99,57,1,0,APOIO ÀS AÇÕES DO FUNDO DE ESTADUAL DE SEGURANÇA PÚBLICA,7415582
1450,SECRETARIA DE ESTADO DE JUSTIÇA E SEGURANÇA PÚBLICA - SEJUSP,4691,FUNDO ESTADUAL DE SEGURANÇA PÚBLICA DE MINAS GERAIS - FESP-MG,6,123,134,2,71,2071,1,4,4,90,39,99,57,1,0,APOIO ÀS AÇÕES DO FUNDO DE ESTADUAL DE SEGURANÇA PÚBLICA,1000
1450,SECRETARIA DE ESTADO DE JUSTIÇA E SEGURANÇA PÚBLICA - SEJUSP,4691,FUNDO ESTADUAL DE SEGURANÇA PÚBLICA DE MINAS GERAIS - FESP-MG,6,123,134,2,71,2071,1,4,4,90,52,99,57,1,0,APOIO ÀS AÇÕES DO FUNDO DE ESTADUAL DE SEGURANÇA PÚBLICA,58153341
1500,SECRETARIA DE ESTADO DE PLANEJAMENTO E GESTÃO - SEPLAG,2331,INSTITUTO DE METROLOGIA E QUALIDADE DO ESTADO DE MINAS GERAIS - IPEMMG,4,122,705,2,500,2500,1,3,1,90,7,1,73,1,0,ASSESSORAMENTO E GERENCIAMENTO DE POLÍTICAS PÚBLICAS,12540
1500,SECRETARIA DE ESTADO DE PLANEJAMENTO E GESTÃO - SEPLAG,2331,INSTITUTO DE METROLOGIA E QUALIDADE DO ESTADO DE MINAS GERAIS - IPEMMG,4,122,705,2,500,2500,1,3,1,90,11,1,10,1,0,ASSESSORAMENTO E GERENCIAMENTO DE POLÍTICAS PÚBLICAS,98964
1500,SECRETARIA DE ESTADO DE PLANEJAMENTO E GESTÃO - SEPLAG,2331,INSTITUTO DE METROLOGIA E QUALIDADE DO ESTADO DE MINAS GERAIS - IPEMMG,4,122,705,2,500,2500,1,3,1,90,11,1,73,1,0,ASSESSORAMENTO E GERENCIAMENTO DE POLÍTICAS PÚBLICAS,1695236
1500,SECRETARIA DE ESTADO DE PLANEJAMENTO E GESTÃO - SEPLAG,2331,INSTITUTO DE METROLOGIA E QUALIDADE DO ESTADO DE MINAS GERAIS - IPEMMG,4,122,705,2,500,2500,1,3,1,90,11,3,73,1,0,ASSESSORAMENTO E GERENCIAMENTO DE POLÍTICAS PÚBLICAS,185865
1500,SECRETARIA DE ESTADO DE PLANEJAMENTO E GESTÃO - SEPLAG,2331,INSTITUTO DE METROLOGIA E QUALIDADE DO ESTADO DE MINAS GERAIS - IPEMMG,4,122,705,2,500,2500,1,3,1,90,11,17,73,1,0,ASSESSORAMENTO E GERENCIAMENTO DE POLÍTICAS PÚBLICAS,83139
1500,SECRETARIA DE ESTADO DE PLANEJAMENTO E GESTÃO - SEPLAG,2331,INSTITUTO DE METROLOGIA E QUALIDADE DO ESTADO DE MINAS GERAIS - IPEMMG,4,122,705,2,500,2500,1,3,1,90,11,19,73,1,0,ASSESSORAMENTO E GERENCIAMENTO DE POLÍTICAS PÚBLICAS,12436
1500,SECRETARIA DE ESTADO DE PLANEJAMENTO E GESTÃO - SEPLAG,2331,INSTITUTO DE METROLOGIA E QUALIDADE DO ESTADO DE MINAS GERAIS - IPEMMG,4,122,705,2,500,2500,1,3,1,90,11,21,73,1,0,ASSESSORAMENTO E GERENCIAMENTO DE POLÍTICAS PÚBLICAS,85000
1500,SECRETARIA DE ESTADO DE PLANEJAMENTO E GESTÃO - SEPLAG,2331,INSTITUTO DE METROLOGIA E QUALIDADE DO ESTADO DE MINAS GERAIS - IPEMMG,4,122,705,2,500,2500,1,3,1,90,11,22,73,1,0,ASSESSORAMENTO E GERENCIAMENTO DE POLÍTICAS PÚBLICAS,170000
1500,SECRETARIA DE ESTADO DE PLANEJAMENTO E GESTÃO - SEPLAG,2331,INSTITUTO DE METROLOGIA E QUALIDADE DO ESTADO DE MINAS GERAIS - IPEMMG,4,122,705,2,500,2500,1,3,1,90,11,50,73,1,0,ASSESSORAMENTO E GERENCIAMENTO DE POLÍTICAS PÚBLICAS,9500
1500,SECRETARIA DE ESTADO DE PLANEJAMENTO E GESTÃO - SEPLAG,2331,INSTITUTO DE METROLOGIA E QUALIDADE DO ESTADO DE MINAS GERAIS - IPEMMG,4,122,705,2,500,2500,1,3,1,90,13,4,73,1,0,ASSESSORAMENTO E GERENCIAMENTO DE POLÍTICAS PÚBLICAS,77946
1500,SECRETARIA DE ESTADO DE PLANEJAMENTO E GESTÃO - SEPLAG,2331,INSTITUTO DE METROLOGIA E QUALIDADE DO ESTADO DE MINAS GERAIS - IPEMMG,4,122,705,2,500,2500,1,3,1,91,13,5,73,1,0,ASSESSORAMENTO E GERENCIAMENTO DE POLÍTICAS PÚBLICAS,298846
1500,SECRETARIA DE ESTADO DE PLANEJAMENTO E GESTÃO - SEPLAG,2331,INSTITUTO DE METROLOGIA E QUALIDADE DO ESTADO DE MINAS GERAIS - IPEMMG,4,122,705,2,500,2500,1,3,1,91,13,21,73,1,0,ASSESSORAMENTO E GERENCIAMENTO DE POLÍTICAS PÚBLICAS,13870
1500,SECRETARIA DE ESTADO DE PLANEJAMENTO E GESTÃO - SEPLAG,2331,INSTITUTO DE METROLOGIA E QUALIDADE DO ESTADO DE MINAS GERAIS - IPEMMG,4,122,705,2,500,2500,1,3,1,91,13,26,73,1,0,ASSESSORAMENTO E GERENCIAMENTO DE POLÍTICAS PÚBLICAS,327028
1500,SECRETARIA DE ESTADO DE PLANEJAMENTO E GESTÃO - SEPLAG,2331,INSTITUTO DE METROLOGIA E QUALIDADE DO ESTADO DE MINAS GERAIS - IPEMMG,4,122,705,2,500,2500,1,3,3,90,14,1,73,1,0,ASSESSORAMENTO E GERENCIAMENTO DE POLÍTICAS PÚBLICAS,40000
1500,SECRETARIA DE ESTADO DE PLANEJAMENTO E GESTÃO - SEPLAG,2331,INSTITUTO DE METROLOGIA E QUALIDADE DO ESTADO DE MINAS GERAIS - IPEMMG,4,122,705,2,500,2500,1,3,3,90,30,1,73,1,0,ASSESSORAMENTO E GERENCIAMENTO DE POLÍTICAS PÚBLICAS,5000
1500,SECRETARIA DE ESTADO DE PLANEJAMENTO E GESTÃO - SEPLAG,2331,INSTITUTO DE METROLOGIA E QUALIDADE DO ESTADO DE MINAS GERAIS - IPEMMG,4,122,705,2,500,2500,1,3,3,90,30,3,73,1,0,ASSESSORAMENTO E GERENCIAMENTO DE POLÍTICAS PÚBLICAS,6000
1500,SECRETARIA DE ESTADO DE PLANEJAMENTO E GESTÃO - SEPLAG,2331,INSTITUTO DE METROLOGIA E QUALIDADE DO ESTADO DE MINAS GERAIS - IPEMMG,4,122,705,2,500,2500,1,3,3,90,30,4,73,1,0,ASSESSORAMENTO E GERENCIAMENTO DE POLÍTICAS PÚBLICAS,5000
1500,SECRETARIA DE ESTADO DE PLANEJAMENTO E GESTÃO - SEPLAG,2331,INSTITUTO DE METROLOGIA E QUALIDADE DO ESTADO DE MINAS GERAIS - IPEMMG,4,122,705,2,500,2500,1,3,3,90,30,5,73,1,0,ASSESSORAMENTO E GERENCIAMENTO DE POLÍTICAS PÚBLICAS,90000
1500,SECRETARIA DE ESTADO DE PLANEJAMENTO E GESTÃO - SEPLAG,2331,INSTITUTO DE METROLOGIA E QUALIDADE DO ESTADO DE MINAS GERAIS - IPEMMG,4,122,705,2,500,2500,1,3,3,90,30,8,73,1,0,ASSESSORAMENTO E GERENCIAMENTO DE POLÍTICAS PÚBLICAS,25000
1500,SECRETARIA DE ESTADO DE PLANEJAMENTO E GESTÃO - SEPLAG,2331,INSTITUTO DE METROLOGIA E QUALIDADE DO ESTADO DE MINAS GERAIS - IPEMMG,4,122,705,2,500,2500,1,3,3,90,30,12,73,1,0,ASSESSORAMENTO E GERENCIAMENTO DE POLÍTICAS PÚBLICAS,1000
1500,SECRETARIA DE ESTADO DE PLANEJAMENTO E GESTÃO - SEPLAG,2331,INSTITUTO DE METROLOGIA E QUALIDADE DO ESTADO DE MINAS GERAIS - IPEMMG,4,122,705,2,500,2500,1,3,3,90,30,13,73,1,0,ASSESSORAMENTO E GERENCIAMENTO DE POLÍTICAS PÚBLICAS,1000
1500,SECRETARIA DE ESTADO DE PLANEJAMENTO E GESTÃO - SEPLAG,2331,INSTITUTO DE METROLOGIA E QUALIDADE DO ESTADO DE MINAS GERAIS - IPEMMG,4,122,705,2,500,2500,1,3,3,90,30,15,73,1,0,ASSESSORAMENTO E GERENCIAMENTO DE POLÍTICAS PÚBLICAS,1000
1500,SECRETARIA DE ESTADO DE PLANEJAMENTO E GESTÃO - SEPLAG,2331,INSTITUTO DE METROLOGIA E QUALIDADE DO ESTADO DE MINAS GERAIS - IPEMMG,4,122,705,2,500,2500,1,3,3,90,30,16,73,1,0,ASSESSORAMENTO E GERENCIAMENTO DE POLÍTICAS PÚBLICAS,65000
1500,SECRETARIA DE ESTADO DE PLANEJAMENTO E GESTÃO - SEPLAG,2331,INSTITUTO DE METROLOGIA E QUALIDADE DO ESTADO DE MINAS GERAIS - IPEMMG,4,122,705,2,500,2500,1,3,3,90,30,17,73,1,0,ASSESSORAMENTO E GERENCIAMENTO DE POLÍTICAS PÚBLICAS,71000
1500,SECRETARIA DE ESTADO DE PLANEJAMENTO E GESTÃO - SEPLAG,2331,INSTITUTO DE METROLOGIA E QUALIDADE DO ESTADO DE MINAS GERAIS - IPEMMG,4,122,705,2,500,2500,1,3,3,90,30,19,73,1,0,ASSESSORAMENTO E GERENCIAMENTO DE POLÍTICAS PÚBLICAS,5000
1500,SECRETARIA DE ESTADO DE PLANEJAMENTO E GESTÃO - SEPLAG,2331,INSTITUTO DE METROLOGIA E QUALIDADE DO ESTADO DE MINAS GERAIS - IPEMMG,4,122,705,2,500,2500,1,3,3,90,30,20,73,1,0,ASSESSORAMENTO E GERENCIAMENTO DE POLÍTICAS PÚBLICAS,60000
1500,SECRETARIA DE ESTADO DE PLANEJAMENTO E GESTÃO - SEPLAG,2331,INSTITUTO DE METROLOGIA E QUALIDADE DO ESTADO DE MINAS GERAIS - IPEMMG,4,122,705,2,500,2500,1,3,3,90,30,22,73,1,0,ASSESSORAMENTO E GERENCIAMENTO DE POLÍTICAS PÚBLICAS,5000
1500,SECRETARIA DE ESTADO DE PLANEJAMENTO E GESTÃO - SEPLAG,2331,INSTITUTO DE METROLOGIA E QUALIDADE DO ESTADO DE MINAS GERAIS - IPEMMG,4,122,705,2,500,2500,1,3,3,90,30,24,73,1,0,ASSESSORAMENTO E GERENCIAMENTO DE POLÍTICAS PÚBLICAS,5000
1500,SECRETARIA DE ESTADO DE PLANEJAMENTO E GESTÃO - SEPLAG,2331,INSTITUTO DE METROLOGIA E QUALIDADE DO ESTADO DE MINAS GERAIS - IPEMMG,4,122,705,2,500,2500,1,3,3,90,30,25,73,1,0,ASSESSORAMENTO E GERENCIAMENTO DE POLÍTICAS PÚBLICAS,5000
1500,SECRETARIA DE ESTADO DE PLANEJAMENTO E GESTÃO - SEPLAG,2331,INSTITUTO DE METROLOGIA E QUALIDADE DO ESTADO DE MINAS GERAIS - IPEMMG,4,122,705,2,500,2500,1,3,3,90,30,26,73,1,0,ASSESSORAMENTO E GERENCIAMENTO DE POLÍTICAS PÚBLICAS,55000
1500,SECRETARIA DE ESTADO DE PLANEJAMENTO E GESTÃO - SEPLAG,2331,INSTITUTO DE METROLOGIA E QUALIDADE DO ESTADO DE MINAS GERAIS - IPEMMG,4,122,705,2,500,2500,1,3,3,90,30,30,73,1,0,ASSESSORAMENTO E GERENCIAMENTO DE POLÍTICAS PÚBLICAS,2000
1500,SECRETARIA DE ESTADO DE PLANEJAMENTO E GESTÃO - SEPLAG,2331,INSTITUTO DE METROLOGIA E QUALIDADE DO ESTADO DE MINAS GERAIS - IPEMMG,4,122,705,2,500,2500,1,3,3,90,30,99,73,1,0,ASSESSORAMENTO E GERENCIAMENTO DE POLÍTICAS PÚBLICAS,1000
1500,SECRETARIA DE ESTADO DE PLANEJAMENTO E GESTÃO - SEPLAG,2331,INSTITUTO DE METROLOGIA E QUALIDADE DO ESTADO DE MINAS GERAIS - IPEMMG,4,122,705,2,500,2500,1,3,3,90,33,1,73,1,0,ASSESSORAMENTO E GERENCIAMENTO DE POLÍTICAS PÚBLICAS,5000
1500,SECRETARIA DE ESTADO DE PLANEJAMENTO E GESTÃO - SEPLAG,2331,INSTITUTO DE METROLOGIA E QUALIDADE DO ESTADO DE MINAS GERAIS - IPEMMG,4,122,705,2,500,2500,1,3,3,90,33,2,73,1,0,ASSESSORAMENTO E GERENCIAMENTO DE POLÍTICAS PÚBLICAS,5000
1500,SECRETARIA DE ESTADO DE PLANEJAMENTO E GESTÃO - SEPLAG,2331,INSTITUTO DE METROLOGIA E QUALIDADE DO ESTADO DE MINAS GERAIS - IPEMMG,4,122,705,2,500,2500,1,3,3,90,33,4,73,1,0,ASSESSORAMENTO E GERENCIAMENTO DE POLÍTICAS PÚBLICAS,70000
1500,SECRETARIA DE ESTADO DE PLANEJAMENTO E GESTÃO - SEPLAG,2331,INSTITUTO DE METROLOGIA E QUALIDADE DO ESTADO DE MINAS GERAIS - IPEMMG,4,122,705,2,500,2500,1,3,3,90,36,10,73,1,0,ASSESSORAMENTO E GERENCIAMENTO DE POLÍTICAS PÚBLICAS,5000
1500,SECRETARIA DE ESTADO DE PLANEJAMENTO E GESTÃO - SEPLAG,2331,INSTITUTO DE METROLOGIA E QUALIDADE DO ESTADO DE MINAS GERAIS - IPEMMG,4,122,705,2,500,2500,1,3,3,90,36,12,73,1,0,ASSESSORAMENTO E GERENCIAMENTO DE POLÍTICAS PÚBLICAS,4400
1500,SECRETARIA DE ESTADO DE PLANEJAMENTO E GESTÃO - SEPLAG,2331,INSTITUTO DE METROLOGIA E QUALIDADE DO ESTADO DE MINAS GERAIS - IPEMMG,4,122,705,2,500,2500,1,3,3,90,37,3,73,1,0,ASSESSORAMENTO E GERENCIAMENTO DE POLÍTICAS PÚBLICAS,200000
1500,SECRETARIA DE ESTADO DE PLANEJAMENTO E GESTÃO - SEPLAG,2331,INSTITUTO DE METROLOGIA E QUALIDADE DO ESTADO DE MINAS GERAIS - IPEMMG,4,122,705,2,500,2500,1,3,3,90,37,4,73,1,0,ASSESSORAMENTO E GERENCIAMENTO DE POLÍTICAS PÚBLICAS,3600000
1500,SECRETARIA DE ESTADO DE PLANEJAMENTO E GESTÃO - SEPLAG,2331,INSTITUTO DE METROLOGIA E QUALIDADE DO ESTADO DE MINAS GERAIS - IPEMMG,4,122,705,2,500,2500,1,3,3,90,37,5,73,1,0,ASSESSORAMENTO E GERENCIAMENTO DE POLÍTICAS PÚBLICAS,601036
1500,SECRETARIA DE ESTADO DE PLANEJAMENTO E GESTÃO - SEPLAG,2331,INSTITUTO DE METROLOGIA E QUALIDADE DO ESTADO DE MINAS GERAIS - IPEMMG,4,122,705,2,500,2500,1,3,3,90,39,6,73,1,0,ASSESSORAMENTO E GERENCIAMENTO DE POLÍTICAS PÚBLICAS,100000
1500,SECRETARIA DE ESTADO DE PLANEJAMENTO E GESTÃO - SEPLAG,2331,INSTITUTO DE METROLOGIA E QUALIDADE DO ESTADO DE MINAS GERAIS - IPEMMG,4,122,705,2,500,2500,1,3,3,90,39,10,73,1,0,ASSESSORAMENTO E GERENCIAMENTO DE POLÍTICAS PÚBLICAS,500
1500,SECRETARIA DE ESTADO DE PLANEJAMENTO E GESTÃO - SEPLAG,2331,INSTITUTO DE METROLOGIA E QUALIDADE DO ESTADO DE MINAS GERAIS - IPEMMG,4,122,705,2,500,2500,1,3,3,90,39,12,73,1,0,ASSESSORAMENTO E GERENCIAMENTO DE POLÍTICAS PÚBLICAS,10000
1500,SECRETARIA DE ESTADO DE PLANEJAMENTO E GESTÃO - SEPLAG,2331,INSTITUTO DE METROLOGIA E QUALIDADE DO ESTADO DE MINAS GERAIS - IPEMMG,4,122,705,2,500,2500,1,3,3,90,39,13,73,1,0,ASSESSORAMENTO E GERENCIAMENTO DE POLÍTICAS PÚBLICAS,1000
1500,SECRETARIA DE ESTADO DE PLANEJAMENTO E GESTÃO - SEPLAG,2331,INSTITUTO DE METROLOGIA E QUALIDADE DO ESTADO DE MINAS GERAIS - IPEMMG,4,122,705,2,500,2500,1,3,3,90,39,15,73,1,0,ASSESSORAMENTO E GERENCIAMENTO DE POLÍTICAS PÚBLICAS,150000
1500,SECRETARIA DE ESTADO DE PLANEJAMENTO E GESTÃO - SEPLAG,2331,INSTITUTO DE METROLOGIA E QUALIDADE DO ESTADO DE MINAS GERAIS - IPEMMG,4,122,705,2,500,2500,1,3,3,90,39,17,73,1,0,ASSESSORAMENTO E GERENCIAMENTO DE POLÍTICAS PÚBLICAS,90000
1500,SECRETARIA DE ESTADO DE PLANEJAMENTO E GESTÃO - SEPLAG,2331,INSTITUTO DE METROLOGIA E QUALIDADE DO ESTADO DE MINAS GERAIS - IPEMMG,4,122,705,2,500,2500,1,3,3,90,39,19,73,1,0,ASSESSORAMENTO E GERENCIAMENTO DE POLÍTICAS PÚBLICAS,15000
1500,SECRETARIA DE ESTADO DE PLANEJAMENTO E GESTÃO - SEPLAG,2331,INSTITUTO DE METROLOGIA E QUALIDADE DO ESTADO DE MINAS GERAIS - IPEMMG,4,122,705,2,500,2500,1,3,3,90,39,21,73,1,0,ASSESSORAMENTO E GERENCIAMENTO DE POLÍTICAS PÚBLICAS,20000
1500,SECRETARIA DE ESTADO DE PLANEJAMENTO E GESTÃO - SEPLAG,2331,INSTITUTO DE METROLOGIA E QUALIDADE DO ESTADO DE MINAS GERAIS - IPEMMG,4,122,705,2,500,2500,1,3,3,90,39,26,73,1,0,ASSESSORAMENTO E GERENCIAMENTO DE POLÍTICAS PÚBLICAS,1000
1500,SECRETARIA DE ESTADO DE PLANEJAMENTO E GESTÃO - SEPLAG,2331,INSTITUTO DE METROLOGIA E QUALIDADE DO ESTADO DE MINAS GERAIS - IPEMMG,4,122,705,2,500,2500,1,3,3,90,39,30,73,1,0,ASSESSORAMENTO E GERENCIAMENTO DE POLÍTICAS PÚBLICAS,1000
1500,SECRETARIA DE ESTADO DE PLANEJAMENTO E GESTÃO - SEPLAG,2331,INSTITUTO DE METROLOGIA E QUALIDADE DO ESTADO DE MINAS GERAIS - IPEMMG,4,122,705,2,500,2500,1,3,3,90,39,31,73,1,0,ASSESSORAMENTO E GERENCIAMENTO DE POLÍTICAS PÚBLICAS,1000
1500,SECRETARIA DE ESTADO DE PLANEJAMENTO E GESTÃO - SEPLAG,2331,INSTITUTO DE METROLOGIA E QUALIDADE DO ESTADO DE MINAS GERAIS - IPEMMG,4,122,705,2,500,2500,1,3,3,90,39,43,73,1,0,ASSESSORAMENTO E GERENCIAMENTO DE POLÍTICAS PÚBLICAS,1500
1500,SECRETARIA DE ESTADO DE PLANEJAMENTO E GESTÃO - SEPLAG,2331,INSTITUTO DE METROLOGIA E QUALIDADE DO ESTADO DE MINAS GERAIS - IPEMMG,4,122,705,2,500,2500,1,3,3,90,39,55,73,1,0,ASSESSORAMENTO E GERENCIAMENTO DE POLÍTICAS PÚBLICAS,1000
1500,SECRETARIA DE ESTADO DE PLANEJAMENTO E GESTÃO - SEPLAG,2331,INSTITUTO DE METROLOGIA E QUALIDADE DO ESTADO DE MINAS GERAIS - IPEMMG,4,122,705,2,500,2500,1,3,3,90,39,69,73,1,0,ASSESSORAMENTO E GERENCIAMENTO DE POLÍTICAS PÚBLICAS,10000
1500,SECRETARIA DE ESTADO DE PLANEJAMENTO E GESTÃO - SEPLAG,2331,INSTITUTO DE METROLOGIA E QUALIDADE DO ESTADO DE MINAS GERAIS - IPEMMG,4,122,705,2,500,2500,1,3,3,90,39,71,73,1,0,ASSESSORAMENTO E GERENCIAMENTO DE POLÍTICAS PÚBLICAS,45000
1500,SECRETARIA DE ESTADO DE PLANEJAMENTO E GESTÃO - SEPLAG,2331,INSTITUTO DE METROLOGIA E QUALIDADE DO ESTADO DE MINAS GERAIS - IPEMMG,4,122,705,2,500,2500,1,3,3,90,39,72,73,1,0,ASSESSORAMENTO E GERENCIAMENTO DE POLÍTICAS PÚBLICAS,2000
1500,SECRETARIA DE ESTADO DE PLANEJAMENTO E GESTÃO - SEPLAG,2331,INSTITUTO DE METROLOGIA E QUALIDADE DO ESTADO DE MINAS GERAIS - IPEMMG,4,122,705,2,500,2500,1,3,3,90,39,87,73,1,0,ASSESSORAMENTO E GERENCIAMENTO DE POLÍTICAS PÚBLICAS,1000
1500,SECRETARIA DE ESTADO DE PLANEJAMENTO E GESTÃO - SEPLAG,2331,INSTITUTO DE METROLOGIA E QUALIDADE DO ESTADO DE MINAS GERAIS - IPEMMG,4,122,705,2,500,2500,1,3,3,90,39,99,73,1,0,ASSESSORAMENTO E GERENCIAMENTO DE POLÍTICAS PÚBLICAS,50000
1500,SECRETARIA DE ESTADO DE PLANEJAMENTO E GESTÃO - SEPLAG,2331,INSTITUTO DE METROLOGIA E QUALIDADE DO ESTADO DE MINAS GERAIS - IPEMMG,4,122,705,2,500,2500,1,3,3,90,40,2,73,1,0,ASSESSORAMENTO E GERENCIAMENTO DE POLÍTICAS PÚBLICAS,38000
1500,SECRETARIA DE ESTADO DE PLANEJAMENTO E GESTÃO - SEPLAG,2331,INSTITUTO DE METROLOGIA E QUALIDADE DO ESTADO DE MINAS GERAIS - IPEMMG,4,122,705,2,500,2500,1,3,3,90,40,3,73,1,0,ASSESSORAMENTO E GERENCIAMENTO DE POLÍTICAS PÚBLICAS,174500
1500,SECRETARIA DE ESTADO DE PLANEJAMENTO E GESTÃO - SEPLAG,2331,INSTITUTO DE METROLOGIA E QUALIDADE DO ESTADO DE MINAS GERAIS - IPEMMG,4,122,705,2,500,2500,1,3,3,90,40,4,73,1,0,ASSESSORAMENTO E GERENCIAMENTO DE POLÍTICAS PÚBLICAS,19500
1500,SECRETARIA DE ESTADO DE PLANEJAMENTO E GESTÃO - SEPLAG,2331,INSTITUTO DE METROLOGIA E QUALIDADE DO ESTADO DE MINAS GERAIS - IPEMMG,4,122,705,2,500,2500,1,3,3,90,40,5,73,1,0,ASSESSORAMENTO E GERENCIAMENTO DE POLÍTICAS PÚBLICAS,40000
1500,SECRETARIA DE ESTADO DE PLANEJAMENTO E GESTÃO - SEPLAG,2331,INSTITUTO DE METROLOGIA E QUALIDADE DO ESTADO DE MINAS GERAIS - IPEMMG,4,122,705,2,500,2500,1,3,3,90,46,1,73,7,0,ASSESSORAMENTO E GERENCIAMENTO DE POLÍTICAS PÚBLICAS,865000
1500,SECRETARIA DE ESTADO DE PLANEJAMENTO E GESTÃO - SEPLAG,2331,INSTITUTO DE METROLOGIA E QUALIDADE DO ESTADO DE MINAS GERAIS - IPEMMG,4,122,705,2,500,2500,1,3,3,90,47,6,73,1,0,ASSESSORAMENTO E GERENCIAMENTO DE POLÍTICAS PÚBLICAS,20000
1500,SECRETARIA DE ESTADO DE PLANEJAMENTO E GESTÃO - SEPLAG,2331,INSTITUTO DE METROLOGIA E QUALIDADE DO ESTADO DE MINAS GERAIS - IPEMMG,4,122,705,2,500,2500,1,3,3,90,47,7,73,1,0,ASSESSORAMENTO E GERENCIAMENTO DE POLÍTICAS PÚBLICAS,2000
1500,SECRETARIA DE ESTADO DE PLANEJAMENTO E GESTÃO - SEPLAG,2331,INSTITUTO DE METROLOGIA E QUALIDADE DO ESTADO DE MINAS GERAIS - IPEMMG,4,122,705,2,500,2500,1,3,3,90,47,99,73,1,0,ASSESSORAMENTO E GERENCIAMENTO DE POLÍTICAS PÚBLICAS,1000
1500,SECRETARIA DE ESTADO DE PLANEJAMENTO E GESTÃO - SEPLAG,2331,INSTITUTO DE METROLOGIA E QUALIDADE DO ESTADO DE MINAS GERAIS - IPEMMG,4,122,705,2,500,2500,1,3,3,90,49,1,73,7,0,ASSESSORAMENTO E GERENCIAMENTO DE POLÍTICAS PÚBLICAS,39547
1500,SECRETARIA DE ESTADO DE PLANEJAMENTO E GESTÃO - SEPLAG,2331,INSTITUTO DE METROLOGIA E QUALIDADE DO ESTADO DE MINAS GERAIS - IPEMMG,4,122,705,2,500,2500,1,3,3,90,93,9,73,1,0,ASSESSORAMENTO E GERENCIAMENTO DE POLÍTICAS PÚBLICAS,645000
1500,SECRETARIA DE ESTADO DE PLANEJAMENTO E GESTÃO - SEPLAG,2331,INSTITUTO DE METROLOGIA E QUALIDADE DO ESTADO DE MINAS GERAIS - IPEMMG,4,122,705,2,500,2500,1,3,3,90,93,99,73,1,0,ASSESSORAMENTO E GERENCIAMENTO DE POLÍTICAS PÚBLICAS,35000
1500,SECRETARIA DE ESTADO DE PLANEJAMENTO E GESTÃO - SEPLAG,2331,INSTITUTO DE METROLOGIA E QUALIDADE DO ESTADO DE MINAS GERAIS - IPEMMG,4,122,705,2,500,2500,1,3,3,91,40,2,73,1,0,ASSESSORAMENTO E GERENCIAMENTO DE POLÍTICAS PÚBLICAS,18000
1500,SECRETARIA DE ESTADO DE PLANEJAMENTO E GESTÃO - SEPLAG,2331,INSTITUTO DE METROLOGIA E QUALIDADE DO ESTADO DE MINAS GERAIS - IPEMMG,4,122,705,2,500,2500,1,4,4,90,52,7,73,1,0,ASSESSORAMENTO E GERENCIAMENTO DE POLÍTICAS PÚBLICAS,250000
1500,SECRETARIA DE ESTADO DE PLANEJAMENTO E GESTÃO - SEPLAG,2331,INSTITUTO DE METROLOGIA E QUALIDADE DO ESTADO DE MINAS GERAIS - IPEMMG,4,122,705,2,500,2500,1,4,4,90,52,12,73,1,0,ASSESSORAMENTO E GERENCIAMENTO DE POLÍTICAS PÚBLICAS,200000
1500,SECRETARIA DE ESTADO DE PLANEJAMENTO E GESTÃO - SEPLAG,2331,INSTITUTO DE METROLOGIA E QUALIDADE DO ESTADO DE MINAS GERAIS - IPEMMG,23,125,12,4,24,4024,1,3,1,90,11,1,10,1,0,EXECUÇÃO DO CONTROLE METROLÓGICO NO ESTADO DE MINAS GERAIS,100000
1500,SECRETARIA DE ESTADO DE PLANEJAMENTO E GESTÃO - SEPLAG,2331,INSTITUTO DE METROLOGIA E QUALIDADE DO ESTADO DE MINAS GERAIS - IPEMMG,23,125,12,4,24,4024,1,3,1,90,11,1,73,1,0,EXECUÇÃO DO CONTROLE METROLÓGICO NO ESTADO DE MINAS GERAIS,4188414
1500,SECRETARIA DE ESTADO DE PLANEJAMENTO E GESTÃO - SEPLAG,2331,INSTITUTO DE METROLOGIA E QUALIDADE DO ESTADO DE MINAS GERAIS - IPEMMG,23,125,12,4,24,4024,1,3,1,90,11,3,73,1,0,EXECUÇÃO DO CONTROLE METROLÓGICO NO ESTADO DE MINAS GERAIS,1282929
1500,SECRETARIA DE ESTADO DE PLANEJAMENTO E GESTÃO - SEPLAG,2331,INSTITUTO DE METROLOGIA E QUALIDADE DO ESTADO DE MINAS GERAIS - IPEMMG,23,125,12,4,24,4024,1,3,1,90,11,17,73,1,0,EXECUÇÃO DO CONTROLE METROLÓGICO NO ESTADO DE MINAS GERAIS,44078
1500,SECRETARIA DE ESTADO DE PLANEJAMENTO E GESTÃO - SEPLAG,2331,INSTITUTO DE METROLOGIA E QUALIDADE DO ESTADO DE MINAS GERAIS - IPEMMG,23,125,12,4,24,4024,1,3,1,90,11,19,73,1,0,EXECUÇÃO DO CONTROLE METROLÓGICO NO ESTADO DE MINAS GERAIS,115505
1500,SECRETARIA DE ESTADO DE PLANEJAMENTO E GESTÃO - SEPLAG,2331,INSTITUTO DE METROLOGIA E QUALIDADE DO ESTADO DE MINAS GERAIS - IPEMMG,23,125,12,4,24,4024,1,3,1,90,11,21,73,1,0,EXECUÇÃO DO CONTROLE METROLÓGICO NO ESTADO DE MINAS GERAIS,231652
1500,SECRETARIA DE ESTADO DE PLANEJAMENTO E GESTÃO - SEPLAG,2331,INSTITUTO DE METROLOGIA E QUALIDADE DO ESTADO DE MINAS GERAIS - IPEMMG,23,125,12,4,24,4024,1,3,1,90,11,22,73,1,0,EXECUÇÃO DO CONTROLE METROLÓGICO NO ESTADO DE MINAS GERAIS,600000
1500,SECRETARIA DE ESTADO DE PLANEJAMENTO E GESTÃO - SEPLAG,2331,INSTITUTO DE METROLOGIA E QUALIDADE DO ESTADO DE MINAS GERAIS - IPEMMG,23,125,12,4,24,4024,1,3,1,90,11,23,73,1,0,EXECUÇÃO DO CONTROLE METROLÓGICO NO ESTADO DE MINAS GERAIS,706304
1500,SECRETARIA DE ESTADO DE PLANEJAMENTO E GESTÃO - SEPLAG,2331,INSTITUTO DE METROLOGIA E QUALIDADE DO ESTADO DE MINAS GERAIS - IPEMMG,23,125,12,4,24,4024,1,3,1,91,13,5,73,1,0,EXECUÇÃO DO CONTROLE METROLÓGICO NO ESTADO DE MINAS GERAIS,1407421
1500,SECRETARIA DE ESTADO DE PLANEJAMENTO E GESTÃO - SEPLAG,2331,INSTITUTO DE METROLOGIA E QUALIDADE DO ESTADO DE MINAS GERAIS - IPEMMG,23,125,12,4,24,4024,1,3,1,91,13,21,73,1,0,EXECUÇÃO DO CONTROLE METROLÓGICO NO ESTADO DE MINAS GERAIS,113188
1500,SECRETARIA DE ESTADO DE PLANEJAMENTO E GESTÃO - SEPLAG,2331,INSTITUTO DE METROLOGIA E QUALIDADE DO ESTADO DE MINAS GERAIS - IPEMMG,23,125,12,4,24,4024,1,3,1,91,13,26,73,1,0,EXECUÇÃO DO CONTROLE METROLÓGICO NO ESTADO DE MINAS GERAIS,1269909
1500,SECRETARIA DE ESTADO DE PLANEJAMENTO E GESTÃO - SEPLAG,2331,INSTITUTO DE METROLOGIA E QUALIDADE DO ESTADO DE MINAS GERAIS - IPEMMG,23,125,12,4,24,4024,1,3,3,90,14,1,73,1,0,EXECUÇÃO DO CONTROLE METROLÓGICO NO ESTADO DE MINAS GERAIS,800000
1500,SECRETARIA DE ESTADO DE PLANEJAMENTO E GESTÃO - SEPLAG,2331,INSTITUTO DE METROLOGIA E QUALIDADE DO ESTADO DE MINAS GERAIS - IPEMMG,23,125,12,4,24,4024,1,3,3,90,30,26,73,1,0,EXECUÇÃO DO CONTROLE METROLÓGICO NO ESTADO DE MINAS GERAIS,340461
1500,SECRETARIA DE ESTADO DE PLANEJAMENTO E GESTÃO - SEPLAG,2331,INSTITUTO DE METROLOGIA E QUALIDADE DO ESTADO DE MINAS GERAIS - IPEMMG,23,125,12,4,24,4024,1,3,3,90,33,1,73,1,0,EXECUÇÃO DO CONTROLE METROLÓGICO NO ESTADO DE MINAS GERAIS,5000
1500,SECRETARIA DE ESTADO DE PLANEJAMENTO E GESTÃO - SEPLAG,2331,INSTITUTO DE METROLOGIA E QUALIDADE DO ESTADO DE MINAS GERAIS - IPEMMG,23,125,12,4,24,4024,1,3,3,90,33,2,73,1,0,EXECUÇÃO DO CONTROLE METROLÓGICO NO ESTADO DE MINAS GERAIS,5000
1500,SECRETARIA DE ESTADO DE PLANEJAMENTO E GESTÃO - SEPLAG,2331,INSTITUTO DE METROLOGIA E QUALIDADE DO ESTADO DE MINAS GERAIS - IPEMMG,23,125,12,4,24,4024,1,3,3,90,33,4,73,1,0,EXECUÇÃO DO CONTROLE METROLÓGICO NO ESTADO DE MINAS GERAIS,10000
1500,SECRETARIA DE ESTADO DE PLANEJAMENTO E GESTÃO - SEPLAG,2331,INSTITUTO DE METROLOGIA E QUALIDADE DO ESTADO DE MINAS GERAIS - IPEMMG,23,125,12,4,24,4024,1,3,3,90,36,11,73,1,0,EXECUÇÃO DO CONTROLE METROLÓGICO NO ESTADO DE MINAS GERAIS,35000
1500,SECRETARIA DE ESTADO DE PLANEJAMENTO E GESTÃO - SEPLAG,2331,INSTITUTO DE METROLOGIA E QUALIDADE DO ESTADO DE MINAS GERAIS - IPEMMG,23,125,12,4,24,4024,1,3,3,90,36,12,73,1,0,EXECUÇÃO DO CONTROLE METROLÓGICO NO ESTADO DE MINAS GERAIS,10000
1500,SECRETARIA DE ESTADO DE PLANEJAMENTO E GESTÃO - SEPLAG,2331,INSTITUTO DE METROLOGIA E QUALIDADE DO ESTADO DE MINAS GERAIS - IPEMMG,23,125,12,4,24,4024,1,3,3,90,37,3,73,1,0,EXECUÇÃO DO CONTROLE METROLÓGICO NO ESTADO DE MINAS GERAIS,90000
1500,SECRETARIA DE ESTADO DE PLANEJAMENTO E GESTÃO - SEPLAG,2331,INSTITUTO DE METROLOGIA E QUALIDADE DO ESTADO DE MINAS GERAIS - IPEMMG,23,125,12,4,24,4024,1,3,3,90,37,4,73,1,0,EXECUÇÃO DO CONTROLE METROLÓGICO NO ESTADO DE MINAS GERAIS,2648964
1500,SECRETARIA DE ESTADO DE PLANEJAMENTO E GESTÃO - SEPLAG,2331,INSTITUTO DE METROLOGIA E QUALIDADE DO ESTADO DE MINAS GERAIS - IPEMMG,23,125,12,4,24,4024,1,3,3,90,37,5,73,1,0,EXECUÇÃO DO CONTROLE METROLÓGICO NO ESTADO DE MINAS GERAIS,300000
1500,SECRETARIA DE ESTADO DE PLANEJAMENTO E GESTÃO - SEPLAG,2331,INSTITUTO DE METROLOGIA E QUALIDADE DO ESTADO DE MINAS GERAIS - IPEMMG,23,125,12,4,24,4024,1,3,3,90,39,12,73,1,0,EXECUÇÃO DO CONTROLE METROLÓGICO NO ESTADO DE MINAS GERAIS,55000
1500,SECRETARIA DE ESTADO DE PLANEJAMENTO E GESTÃO - SEPLAG,2331,INSTITUTO DE METROLOGIA E QUALIDADE DO ESTADO DE MINAS GERAIS - IPEMMG,23,125,12,4,24,4024,1,3,3,90,39,13,73,1,0,EXECUÇÃO DO CONTROLE METROLÓGICO NO ESTADO DE MINAS GERAIS,25000
1500,SECRETARIA DE ESTADO DE PLANEJAMENTO E GESTÃO - SEPLAG,2331,INSTITUTO DE METROLOGIA E QUALIDADE DO ESTADO DE MINAS GERAIS - IPEMMG,23,125,12,4,24,4024,1,3,3,90,39,15,73,1,0,EXECUÇÃO DO CONTROLE METROLÓGICO NO ESTADO DE MINAS GERAIS,15717
1500,SECRETARIA DE ESTADO DE PLANEJAMENTO E GESTÃO - SEPLAG,2331,INSTITUTO DE METROLOGIA E QUALIDADE DO ESTADO DE MINAS GERAIS - IPEMMG,23,125,12,4,24,4024,1,3,3,90,39,17,73,1,0,EXECUÇÃO DO CONTROLE METROLÓGICO NO ESTADO DE MINAS GERAIS,2909276
1500,SECRETARIA DE ESTADO DE PLANEJAMENTO E GESTÃO - SEPLAG,2331,INSTITUTO DE METROLOGIA E QUALIDADE DO ESTADO DE MINAS GERAIS - IPEMMG,23,125,12,4,24,4024,1,3,3,90,39,19,73,1,0,EXECUÇÃO DO CONTROLE METROLÓGICO NO ESTADO DE MINAS GERAIS,15000
1500,SECRETARIA DE ESTADO DE PLANEJAMENTO E GESTÃO - SEPLAG,2331,INSTITUTO DE METROLOGIA E QUALIDADE DO ESTADO DE MINAS GERAIS - IPEMMG,23,125,12,4,24,4024,1,3,3,90,39,20,73,1,0,EXECUÇÃO DO CONTROLE METROLÓGICO NO ESTADO DE MINAS GERAIS,90000
1500,SECRETARIA DE ESTADO DE PLANEJAMENTO E GESTÃO - SEPLAG,2331,INSTITUTO DE METROLOGIA E QUALIDADE DO ESTADO DE MINAS GERAIS - IPEMMG,23,125,12,4,24,4024,1,3,3,90,39,21,73,1,0,EXECUÇÃO DO CONTROLE METROLÓGICO NO ESTADO DE MINAS GERAIS,79500
1500,SECRETARIA DE ESTADO DE PLANEJAMENTO E GESTÃO - SEPLAG,2331,INSTITUTO DE METROLOGIA E QUALIDADE DO ESTADO DE MINAS GERAIS - IPEMMG,23,125,12,4,24,4024,1,3,3,90,39,43,73,1,0,EXECUÇÃO DO CONTROLE METROLÓGICO NO ESTADO DE MINAS GERAIS,305000
1500,SECRETARIA DE ESTADO DE PLANEJAMENTO E GESTÃO - SEPLAG,2331,INSTITUTO DE METROLOGIA E QUALIDADE DO ESTADO DE MINAS GERAIS - IPEMMG,23,125,12,4,24,4024,1,3,3,90,39,61,73,1,0,EXECUÇÃO DO CONTROLE METROLÓGICO NO ESTADO DE MINAS GERAIS,96500
1500,SECRETARIA DE ESTADO DE PLANEJAMENTO E GESTÃO - SEPLAG,2331,INSTITUTO DE METROLOGIA E QUALIDADE DO ESTADO DE MINAS GERAIS - IPEMMG,23,125,12,4,24,4024,1,3,3,90,39,69,73,1,0,EXECUÇÃO DO CONTROLE METROLÓGICO NO ESTADO DE MINAS GERAIS,97500
1500,SECRETARIA DE ESTADO DE PLANEJAMENTO E GESTÃO - SEPLAG,2331,INSTITUTO DE METROLOGIA E QUALIDADE DO ESTADO DE MINAS GERAIS - IPEMMG,23,125,12,4,24,4024,1,3,3,90,39,71,73,1,0,EXECUÇÃO DO CONTROLE METROLÓGICO NO ESTADO DE MINAS GERAIS,44500
1500,SECRETARIA DE ESTADO DE PLANEJAMENTO E GESTÃO - SEPLAG,2331,INSTITUTO DE METROLOGIA E QUALIDADE DO ESTADO DE MINAS GERAIS - IPEMMG,23,125,12,4,24,4024,1,3,3,90,39,72,73,1,0,EXECUÇÃO DO CONTROLE METROLÓGICO NO ESTADO DE MINAS GERAIS,72000
1500,SECRETARIA DE ESTADO DE PLANEJAMENTO E GESTÃO - SEPLAG,2331,INSTITUTO DE METROLOGIA E QUALIDADE DO ESTADO DE MINAS GERAIS - IPEMMG,23,125,12,4,24,4024,1,3,3,90,39,87,73,1,0,EXECUÇÃO DO CONTROLE METROLÓGICO NO ESTADO DE MINAS GERAIS,200000
1500,SECRETARIA DE ESTADO DE PLANEJAMENTO E GESTÃO - SEPLAG,2331,INSTITUTO DE METROLOGIA E QUALIDADE DO ESTADO DE MINAS GERAIS - IPEMMG,23,125,12,4,24,4024,1,3,3,90,39,99,73,1,0,EXECUÇÃO DO CONTROLE METROLÓGICO NO ESTADO DE MINAS GERAIS,39781
1500,SECRETARIA DE ESTADO DE PLANEJAMENTO E GESTÃO - SEPLAG,2331,INSTITUTO DE METROLOGIA E QUALIDADE DO ESTADO DE MINAS GERAIS - IPEMMG,23,125,12,4,24,4024,1,3,3,90,40,3,73,1,0,EXECUÇÃO DO CONTROLE METROLÓGICO NO ESTADO DE MINAS GERAIS,160000
1500,SECRETARIA DE ESTADO DE PLANEJAMENTO E GESTÃO - SEPLAG,2331,INSTITUTO DE METROLOGIA E QUALIDADE DO ESTADO DE MINAS GERAIS - IPEMMG,23,125,12,4,24,4024,1,3,3,90,40,4,73,1,0,EXECUÇÃO DO CONTROLE METROLÓGICO NO ESTADO DE MINAS GERAIS,25000
1500,SECRETARIA DE ESTADO DE PLANEJAMENTO E GESTÃO - SEPLAG,2331,INSTITUTO DE METROLOGIA E QUALIDADE DO ESTADO DE MINAS GERAIS - IPEMMG,23,125,12,4,24,4024,1,3,3,90,40,5,73,1,0,EXECUÇÃO DO CONTROLE METROLÓGICO NO ESTADO DE MINAS GERAIS,45000
1500,SECRETARIA DE ESTADO DE PLANEJAMENTO E GESTÃO - SEPLAG,2331,INSTITUTO DE METROLOGIA E QUALIDADE DO ESTADO DE MINAS GERAIS - IPEMMG,23,125,12,4,24,4024,1,3,3,90,46,1,73,7,0,EXECUÇÃO DO CONTROLE METROLÓGICO NO ESTADO DE MINAS GERAIS,4215219
1500,SECRETARIA DE ESTADO DE PLANEJAMENTO E GESTÃO - SEPLAG,2331,INSTITUTO DE METROLOGIA E QUALIDADE DO ESTADO DE MINAS GERAIS - IPEMMG,23,125,12,4,24,4024,1,3,3,90,49,1,73,7,0,EXECUÇÃO DO CONTROLE METROLÓGICO NO ESTADO DE MINAS GERAIS,150000
1500,SECRETARIA DE ESTADO DE PLANEJAMENTO E GESTÃO - SEPLAG,2331,INSTITUTO DE METROLOGIA E QUALIDADE DO ESTADO DE MINAS GERAIS - IPEMMG,23,125,12,4,24,4024,1,3,3,90,93,1,73,1,0,EXECUÇÃO DO CONTROLE METROLÓGICO NO ESTADO DE MINAS GERAIS,10000
1500,SECRETARIA DE ESTADO DE PLANEJAMENTO E GESTÃO - SEPLAG,2331,INSTITUTO DE METROLOGIA E QUALIDADE DO ESTADO DE MINAS GERAIS - IPEMMG,23,125,12,4,24,4024,1,3,3,90,93,9,73,1,0,EXECUÇÃO DO CONTROLE METROLÓGICO NO ESTADO DE MINAS GERAIS,2200000
1500,SECRETARIA DE ESTADO DE PLANEJAMENTO E GESTÃO - SEPLAG,2331,INSTITUTO DE METROLOGIA E QUALIDADE DO ESTADO DE MINAS GERAIS - IPEMMG,23,125,12,4,24,4024,1,4,4,90,52,7,73,1,0,EXECUÇÃO DO CONTROLE METROLÓGICO NO ESTADO DE MINAS GERAIS,250000
1500,SECRETARIA DE ESTADO DE PLANEJAMENTO E GESTÃO - SEPLAG,2331,INSTITUTO DE METROLOGIA E QUALIDADE DO ESTADO DE MINAS GERAIS - IPEMMG,23,125,12,4,24,4024,1,4,4,90,52,10,73,1,0,EXECUÇÃO DO CONTROLE METROLÓGICO NO ESTADO DE MINAS GERAIS,350000
1500,SECRETARIA DE ESTADO DE PLANEJAMENTO E GESTÃO - SEPLAG,2331,INSTITUTO DE METROLOGIA E QUALIDADE DO ESTADO DE MINAS GERAIS - IPEMMG,23,665,12,4,26,4026,1,3,1,90,11,1,73,1,0,AVALIAÇÃO DA CONFORMIDADE DE PRODUTOS E SERVIÇOS NO MERCADO MINEIRO (VISITAS),178711
1500,SECRETARIA DE ESTADO DE PLANEJAMENTO E GESTÃO - SEPLAG,2331,INSTITUTO DE METROLOGIA E QUALIDADE DO ESTADO DE MINAS GERAIS - IPEMMG,23,665,12,4,26,4026,1,3,1,90,11,3,73,1,0,AVALIAÇÃO DA CONFORMIDADE DE PRODUTOS E SERVIÇOS NO MERCADO MINEIRO (VISITAS),90017
1500,SECRETARIA DE ESTADO DE PLANEJAMENTO E GESTÃO - SEPLAG,2331,INSTITUTO DE METROLOGIA E QUALIDADE DO ESTADO DE MINAS GERAIS - IPEMMG,23,665,12,4,26,4026,1,3,1,90,11,17,73,1,0,AVALIAÇÃO DA CONFORMIDADE DE PRODUTOS E SERVIÇOS NO MERCADO MINEIRO (VISITAS),34958
1500,SECRETARIA DE ESTADO DE PLANEJAMENTO E GESTÃO - SEPLAG,2331,INSTITUTO DE METROLOGIA E QUALIDADE DO ESTADO DE MINAS GERAIS - IPEMMG,23,665,12,4,26,4026,1,3,1,90,11,19,73,1,0,AVALIAÇÃO DA CONFORMIDADE DE PRODUTOS E SERVIÇOS NO MERCADO MINEIRO (VISITAS),21836
1500,SECRETARIA DE ESTADO DE PLANEJAMENTO E GESTÃO - SEPLAG,2331,INSTITUTO DE METROLOGIA E QUALIDADE DO ESTADO DE MINAS GERAIS - IPEMMG,23,665,12,4,26,4026,1,3,1,90,11,21,73,1,0,AVALIAÇÃO DA CONFORMIDADE DE PRODUTOS E SERVIÇOS NO MERCADO MINEIRO (VISITAS),24201
1500,SECRETARIA DE ESTADO DE PLANEJAMENTO E GESTÃO - SEPLAG,2331,INSTITUTO DE METROLOGIA E QUALIDADE DO ESTADO DE MINAS GERAIS - IPEMMG,23,665,12,4,26,4026,1,3,1,90,11,22,73,1,0,AVALIAÇÃO DA CONFORMIDADE DE PRODUTOS E SERVIÇOS NO MERCADO MINEIRO (VISITAS),60000
1500,SECRETARIA DE ESTADO DE PLANEJAMENTO E GESTÃO - SEPLAG,2331,INSTITUTO DE METROLOGIA E QUALIDADE DO ESTADO DE MINAS GERAIS - IPEMMG,23,665,12,4,26,4026,1,3,1,90,11,23,73,1,0,AVALIAÇÃO DA CONFORMIDADE DE PRODUTOS E SERVIÇOS NO MERCADO MINEIRO (VISITAS),19255
1500,SECRETARIA DE ESTADO DE PLANEJAMENTO E GESTÃO - SEPLAG,2331,INSTITUTO DE METROLOGIA E QUALIDADE DO ESTADO DE MINAS GERAIS - IPEMMG,23,665,12,4,26,4026,1,3,1,91,13,5,73,1,0,AVALIAÇÃO DA CONFORMIDADE DE PRODUTOS E SERVIÇOS NO MERCADO MINEIRO (VISITAS),79904
1500,SECRETARIA DE ESTADO DE PLANEJAMENTO E GESTÃO - SEPLAG,2331,INSTITUTO DE METROLOGIA E QUALIDADE DO ESTADO DE MINAS GERAIS - IPEMMG,23,665,12,4,26,4026,1,3,1,91,13,21,73,1,0,AVALIAÇÃO DA CONFORMIDADE DE PRODUTOS E SERVIÇOS NO MERCADO MINEIRO (VISITAS),7939
1500,SECRETARIA DE ESTADO DE PLANEJAMENTO E GESTÃO - SEPLAG,2331,INSTITUTO DE METROLOGIA E QUALIDADE DO ESTADO DE MINAS GERAIS - IPEMMG,23,665,12,4,26,4026,1,3,1,91,13,26,73,1,0,AVALIAÇÃO DA CONFORMIDADE DE PRODUTOS E SERVIÇOS NO MERCADO MINEIRO (VISITAS),68418
1500,SECRETARIA DE ESTADO DE PLANEJAMENTO E GESTÃO - SEPLAG,2331,INSTITUTO DE METROLOGIA E QUALIDADE DO ESTADO DE MINAS GERAIS - IPEMMG,23,665,12,4,26,4026,1,3,3,90,14,1,73,1,0,AVALIAÇÃO DA CONFORMIDADE DE PRODUTOS E SERVIÇOS NO MERCADO MINEIRO (VISITAS),190000
1500,SECRETARIA DE ESTADO DE PLANEJAMENTO E GESTÃO - SEPLAG,2331,INSTITUTO DE METROLOGIA E QUALIDADE DO ESTADO DE MINAS GERAIS - IPEMMG,23,665,12,4,26,4026,1,3,3,90,30,26,73,1,0,AVALIAÇÃO DA CONFORMIDADE DE PRODUTOS E SERVIÇOS NO MERCADO MINEIRO (VISITAS),35000
1500,SECRETARIA DE ESTADO DE PLANEJAMENTO E GESTÃO - SEPLAG,2331,INSTITUTO DE METROLOGIA E QUALIDADE DO ESTADO DE MINAS GERAIS - IPEMMG,23,665,12,4,26,4026,1,3,3,90,33,1,73,1,0,AVALIAÇÃO DA CONFORMIDADE DE PRODUTOS E SERVIÇOS NO MERCADO MINEIRO (VISITAS),500
1500,SECRETARIA DE ESTADO DE PLANEJAMENTO E GESTÃO - SEPLAG,2331,INSTITUTO DE METROLOGIA E QUALIDADE DO ESTADO DE MINAS GERAIS - IPEMMG,23,665,12,4,26,4026,1,3,3,90,33,2,73,1,0,AVALIAÇÃO DA CONFORMIDADE DE PRODUTOS E SERVIÇOS NO MERCADO MINEIRO (VISITAS),500
1500,SECRETARIA DE ESTADO DE PLANEJAMENTO E GESTÃO - SEPLAG,2331,INSTITUTO DE METROLOGIA E QUALIDADE DO ESTADO DE MINAS GERAIS - IPEMMG,23,665,12,4,26,4026,1,3,3,90,33,4,73,1,0,AVALIAÇÃO DA CONFORMIDADE DE PRODUTOS E SERVIÇOS NO MERCADO MINEIRO (VISITAS),500
1500,SECRETARIA DE ESTADO DE PLANEJAMENTO E GESTÃO - SEPLAG,2331,INSTITUTO DE METROLOGIA E QUALIDADE DO ESTADO DE MINAS GERAIS - IPEMMG,23,665,12,4,26,4026,1,3,3,90,37,4,73,1,0,AVALIAÇÃO DA CONFORMIDADE DE PRODUTOS E SERVIÇOS NO MERCADO MINEIRO (VISITAS),195000
1500,SECRETARIA DE ESTADO DE PLANEJAMENTO E GESTÃO - SEPLAG,2331,INSTITUTO DE METROLOGIA E QUALIDADE DO ESTADO DE MINAS GERAIS - IPEMMG,23,665,12,4,26,4026,1,3,3,90,39,17,73,1,0,AVALIAÇÃO DA CONFORMIDADE DE PRODUTOS E SERVIÇOS NO MERCADO MINEIRO (VISITAS),30000
1500,SECRETARIA DE ESTADO DE PLANEJAMENTO E GESTÃO - SEPLAG,2331,INSTITUTO DE METROLOGIA E QUALIDADE DO ESTADO DE MINAS GERAIS - IPEMMG,23,665,12,4,26,4026,1,3,3,90,39,43,73,1,0,AVALIAÇÃO DA CONFORMIDADE DE PRODUTOS E SERVIÇOS NO MERCADO MINEIRO (VISITAS),2500
1500,SECRETARIA DE ESTADO DE PLANEJAMENTO E GESTÃO - SEPLAG,2331,INSTITUTO DE METROLOGIA E QUALIDADE DO ESTADO DE MINAS GERAIS - IPEMMG,23,665,12,4,26,4026,1,3,3,90,39,87,73,1,0,AVALIAÇÃO DA CONFORMIDADE DE PRODUTOS E SERVIÇOS NO MERCADO MINEIRO (VISITAS),5000
1500,SECRETARIA DE ESTADO DE PLANEJAMENTO E GESTÃO - SEPLAG,2331,INSTITUTO DE METROLOGIA E QUALIDADE DO ESTADO DE MINAS GERAIS - IPEMMG,23,665,12,4,26,4026,1,3,3,90,40,3,73,1,0,AVALIAÇÃO DA CONFORMIDADE DE PRODUTOS E SERVIÇOS NO MERCADO MINEIRO (VISITAS),5000
1500,SECRETARIA DE ESTADO DE PLANEJAMENTO E GESTÃO - SEPLAG,2331,INSTITUTO DE METROLOGIA E QUALIDADE DO ESTADO DE MINAS GERAIS - IPEMMG,23,665,12,4,26,4026,1,3,3,90,40,5,73,1,0,AVALIAÇÃO DA CONFORMIDADE DE PRODUTOS E SERVIÇOS NO MERCADO MINEIRO (VISITAS),5000
1500,SECRETARIA DE ESTADO DE PLANEJAMENTO E GESTÃO - SEPLAG,2331,INSTITUTO DE METROLOGIA E QUALIDADE DO ESTADO DE MINAS GERAIS - IPEMMG,23,665,12,4,26,4026,1,3,3,90,46,1,73,7,0,AVALIAÇÃO DA CONFORMIDADE DE PRODUTOS E SERVIÇOS NO MERCADO MINEIRO (VISITAS),185000
1500,SECRETARIA DE ESTADO DE PLANEJAMENTO E GESTÃO - SEPLAG,2331,INSTITUTO DE METROLOGIA E QUALIDADE DO ESTADO DE MINAS GERAIS - IPEMMG,23,665,12,4,26,4026,1,3,3,90,49,1,73,7,0,AVALIAÇÃO DA CONFORMIDADE DE PRODUTOS E SERVIÇOS NO MERCADO MINEIRO (VISITAS),6300
1500,SECRETARIA DE ESTADO DE PLANEJAMENTO E GESTÃO - SEPLAG,2331,INSTITUTO DE METROLOGIA E QUALIDADE DO ESTADO DE MINAS GERAIS - IPEMMG,23,665,12,4,26,4026,1,3,3,90,93,9,73,1,0,AVALIAÇÃO DA CONFORMIDADE DE PRODUTOS E SERVIÇOS NO MERCADO MINEIRO (VISITAS),141000
1500,SECRETARIA DE ESTADO DE PLANEJAMENTO E GESTÃO - SEPLAG,2331,INSTITUTO DE METROLOGIA E QUALIDADE DO ESTADO DE MINAS GERAIS - IPEMMG,23,665,12,4,26,4026,1,4,4,90,52,7,73,1,0,AVALIAÇÃO DA CONFORMIDADE DE PRODUTOS E SERVIÇOS NO MERCADO MINEIRO (VISITAS),100000
1500,SECRETARIA DE ESTADO DE PLANEJAMENTO E GESTÃO - SEPLAG,2331,INSTITUTO DE METROLOGIA E QUALIDADE DO ESTADO DE MINAS GERAIS - IPEMMG,28,846,705,7,4,7004,1,3,1,90,91,2,73,9,0,PRECATÓRIOS E SENTENÇAS JUDICIÁRIAS,102254
