uo_repassadora_cod,uo_repassadora_sigla,programa_trabalho_fmt,acao_desc,natureza_desp_fmt,item_desc,vlr_repassado,uo_beneficiada_cod,uo_beneficiada_sigla
1051,TJMMG,1 05 1 02 122 734 2 077 0001,REMUNERAÇÃO DE MAGISTRADOS DA ATIVA E ENCARGOS SOCIAIS,3 1 91 13 5,OBRIGAÇÃO PATRONAL - PESSOAL ATIVO - PREVIDÊNCIA,371800,2121,IPSM
1051,TJMMG,1 05 1 02 122 734 2 077 0001,REMUNERAÇÃO DE MAGISTRADOS DA ATIVA E ENCARGOS SOCIAIS,3 1 91 13 5,OBRIGAÇÃO PATRONAL - PESSOAL ATIVO - PREVIDÊNCIA,2338666,4711,FFP - MG
1051,TJMMG,1 05 1 02 122 734 2 078 0001,REMUNERAÇÃO DE SERVIDORES DA ATIVA E ENCARGOS SOCIAIS,3 1 91 13 5,OBRIGAÇÃO PATRONAL - PESSOAL ATIVO - PREVIDÊNCIA,7694931,4711,FFP - MG
1051,TJMMG,1 05 1 09 272 705 7 006 0001,PROVENTOS DE INATIVOS CIVIS E PENSIONISTAS,3 1 91 13 22,OBRIGAÇÃO PATRONAL - PESSOAL INATIVO - ASSISTÊNCIA À SAÚDE,26000,2011,IPSEMG
1051,TJMMG,1 05 1 09 272 705 7 006 0001,PROVENTOS DE INATIVOS CIVIS E PENSIONISTAS,3 1 91 13 24,OBRIGAÇÃO PATRONAL - PENSIONISTAS - ASSISTÊNCIA À SAÚDE,3250,2011,IPSEMG
1051,TJMMG,1 05 1 09 272 705 7 007 0001,PROVENTOS DE INATIVOS MILITARES,3 1 91 13 6,OBRIGAÇÃO PATRONAL - PESSOAL INATIVO - PREVIDÊNCIA,187865,2121,IPSM
1071,GABINETE MILITAR,1 07 1 06 122 705 2 417 0001,REMUNERAÇÃO DE PESSOAL ATIVO E ENCARGOS SOCIAIS,3 1 91 13 21,OBRIGAÇÃO PATRONAL - PESSOAL ATIVO - ASSISTÊNCIA À SAÚDE,75723,2011,IPSEMG
1071,GABINETE MILITAR,1 07 1 06 122 705 2 417 0001,REMUNERAÇÃO DE PESSOAL ATIVO E ENCARGOS SOCIAIS,3 1 91 13 26,OBRIGAÇÃO PATRONAL SUPLEMENTAR – PESSOAL ATIVO,492602,4711,FFP - MG
1081,AGE,1 08 1 03 122 705 2 417 0001,REMUNERAÇÃO DE PESSOAL ATIVO E ENCARGOS SOCIAIS,3 1 91 13 5,OBRIGAÇÃO PATRONAL - PESSOAL ATIVO - PREVIDÊNCIA,236097,2011,IPSEMG
1081,AGE,1 08 1 03 122 705 2 417 0001,REMUNERAÇÃO DE PESSOAL ATIVO E ENCARGOS SOCIAIS,3 1 91 13 5,OBRIGAÇÃO PATRONAL - PESSOAL ATIVO - PREVIDÊNCIA,515953,2121,IPSM
1081,AGE,1 08 1 03 122 705 2 417 0001,REMUNERAÇÃO DE PESSOAL ATIVO E ENCARGOS SOCIAIS,3 1 91 13 5,OBRIGAÇÃO PATRONAL - PESSOAL ATIVO - PREVIDÊNCIA,105691161,4711,FFP - MG
1101,OGE,1 10 1 14 122 705 2 417 0001,REMUNERAÇÃO DE PESSOAL ATIVO E ENCARGOS SOCIAIS,3 1 91 13 5,OBRIGAÇÃO PATRONAL - PESSOAL ATIVO - PREVIDÊNCIA,1798298,4711,FFP - MG
1101,OGE,1 10 1 14 122 705 2 417 0001,REMUNERAÇÃO DE PESSOAL ATIVO E ENCARGOS SOCIAIS,3 1 91 13 21,OBRIGAÇÃO PATRONAL - PESSOAL ATIVO - ASSISTÊNCIA À SAÚDE,72044,2011,IPSEMG
1101,OGE,1 10 1 14 122 705 2 417 0001,REMUNERAÇÃO DE PESSOAL ATIVO E ENCARGOS SOCIAIS,3 1 91 13 26,OBRIGAÇÃO PATRONAL SUPLEMENTAR – PESSOAL ATIVO,1471334,4711,FFP - MG
1191,SEF,1 19 1 04 122 705 2 417 0001,REMUNERAÇÃO DE PESSOAL ATIVO E ENCARGOS SOCIAIS,3 1 91 13 5,OBRIGAÇÃO PATRONAL - PESSOAL ATIVO - PREVIDÊNCIA,244589204,4711,FFP - MG
1191,SEF,1 19 1 04 122 705 2 417 0001,REMUNERAÇÃO DE PESSOAL ATIVO E ENCARGOS SOCIAIS,3 1 91 13 21,OBRIGAÇÃO PATRONAL - PESSOAL ATIVO - ASSISTÊNCIA À SAÚDE,1817523,2011,IPSEMG
1191,SEF,1 19 1 04 122 705 2 417 0001,REMUNERAÇÃO DE PESSOAL ATIVO E ENCARGOS SOCIAIS,3 1 91 13 24,OBRIGAÇÃO PATRONAL - PENSIONISTAS - ASSISTÊNCIA À SAÚDE,25317,2011,IPSEMG
1191,SEF,1 19 1 04 122 705 2 417 0001,REMUNERAÇÃO DE PESSOAL ATIVO E ENCARGOS SOCIAIS,3 1 91 13 26,OBRIGAÇÃO PATRONAL SUPLEMENTAR – PESSOAL ATIVO,178473923,4711,FFP - MG
1221,SEDE,1 22 1 23 122 705 2 417 0001,REMUNERAÇÃO DE PESSOAL ATIVO E ENCARGOS SOCIAIS,3 1 91 13 5,OBRIGAÇÃO PATRONAL - PESSOAL ATIVO - PREVIDÊNCIA,1351563,4711,FFP - MG
1221,SEDE,1 22 1 23 122 705 2 417 0001,REMUNERAÇÃO DE PESSOAL ATIVO E ENCARGOS SOCIAIS,3 1 91 13 21,OBRIGAÇÃO PATRONAL - PESSOAL ATIVO - ASSISTÊNCIA À SAÚDE,95652,2011,IPSEMG
1221,SEDE,1 22 1 23 122 705 2 417 0001,REMUNERAÇÃO DE PESSOAL ATIVO E ENCARGOS SOCIAIS,3 1 91 13 26,OBRIGAÇÃO PATRONAL SUPLEMENTAR – PESSOAL ATIVO,940041,4711,FFP - MG
1231,SEAPA,1 23 1 21 605 110 4 363 0001,REGULARIZAÇÃO FUNDIÁRIA DE IMÓVEIS RURAIS,3 1 91 13 4,INSS,174701,,
1231,SEAPA,1 23 1 21 605 110 4 363 0001,REGULARIZAÇÃO FUNDIÁRIA DE IMÓVEIS RURAIS,3 1 91 13 26,OBRIGAÇÃO PATRONAL SUPLEMENTAR – PESSOAL ATIVO,136213,,
1251,PMMG,1 25 1 06 122 705 2 500 0001,ASSESSORAMENTO E GERENCIAMENTO DE POLÍTICAS PÚBLICAS,3 1 91 13 5,OBRIGAÇÃO PATRONAL - PESSOAL ATIVO - PREVIDÊNCIA,30447567,2121,IPSM
1251,PMMG,1 25 1 06 122 705 2 500 0001,ASSESSORAMENTO E GERENCIAMENTO DE POLÍTICAS PÚBLICAS,3 1 91 13 5,OBRIGAÇÃO PATRONAL - PESSOAL ATIVO - PREVIDÊNCIA,11338115,4711,FFP - MG
1251,PMMG,1 25 1 06 122 705 2 500 0001,ASSESSORAMENTO E GERENCIAMENTO DE POLÍTICAS PÚBLICAS,3 1 91 13 21,OBRIGAÇÃO PATRONAL - PESSOAL ATIVO - ASSISTÊNCIA À SAÚDE,1748637,2011,IPSEMG
1251,PMMG,1 25 1 06 181 046 4 372 0001,SUPORTE AÉREO AOS SERVIÇOS DE SEGURANÇA PÚBLICA,3 1 91 13 21,OBRIGAÇÃO PATRONAL - PESSOAL ATIVO - ASSISTÊNCIA À SAÚDE,320881,2011,IPSEMG
1251,PMMG,1 25 1 06 181 137 2 061 0001,EDUCAÇÃO PROFISSIONAL DE SEGURANÇA PÚBLICA,3 1 91 13 5,OBRIGAÇÃO PATRONAL - PESSOAL ATIVO - PREVIDÊNCIA,17624167,2121,IPSM
1251,PMMG,1 25 1 06 181 137 2 061 0001,EDUCAÇÃO PROFISSIONAL DE SEGURANÇA PÚBLICA,3 1 91 13 5,OBRIGAÇÃO PATRONAL - PESSOAL ATIVO - PREVIDÊNCIA,2761848,4711,FFP - MG
1251,PMMG,1 25 1 06 181 137 2 061 0001,EDUCAÇÃO PROFISSIONAL DE SEGURANÇA PÚBLICA,3 1 91 13 21,OBRIGAÇÃO PATRONAL - PESSOAL ATIVO - ASSISTÊNCIA À SAÚDE,490371,2011,IPSEMG
1251,PMMG,1 25 1 06 181 137 4 365 0001,POLICIAMENTO OSTENSIVO GERAL,3 1 91 13 5,OBRIGAÇÃO PATRONAL - PESSOAL ATIVO - PREVIDÊNCIA,253671765,2121,IPSM
1251,PMMG,1 25 1 06 181 137 4 365 0001,POLICIAMENTO OSTENSIVO GERAL,3 1 91 13 5,OBRIGAÇÃO PATRONAL - PESSOAL ATIVO - PREVIDÊNCIA,436101137,4711,FFP - MG
1251,PMMG,1 25 1 06 181 137 4 365 0001,POLICIAMENTO OSTENSIVO GERAL,3 1 91 13 21,OBRIGAÇÃO PATRONAL - PESSOAL ATIVO - ASSISTÊNCIA À SAÚDE,48377310,2011,IPSEMG
1251,PMMG,1 25 1 06 181 137 4 374 0001,POLICIAMENTO ESPECIALIZADO,3 1 91 13 5,OBRIGAÇÃO PATRONAL - PESSOAL ATIVO - PREVIDÊNCIA,95953802,2121,IPSM
1251,PMMG,1 25 1 06 181 137 4 374 0001,POLICIAMENTO ESPECIALIZADO,3 1 91 13 5,OBRIGAÇÃO PATRONAL - PESSOAL ATIVO - PREVIDÊNCIA,16660358,4711,FFP - MG
1251,PMMG,1 25 1 06 181 137 4 374 0001,POLICIAMENTO ESPECIALIZADO,3 1 91 13 21,OBRIGAÇÃO PATRONAL - PESSOAL ATIVO - ASSISTÊNCIA À SAÚDE,787103,2011,IPSEMG
1251,PMMG,1 25 1 06 272 705 7 007 0001,PROVENTOS DE INATIVOS MILITARES,3 1 91 13 6,OBRIGAÇÃO PATRONAL - PESSOAL INATIVO - PREVIDÊNCIA,1525806148,2121,IPSM
1251,PMMG,1 25 1 10 302 135 2 060 0001,ASSISTÊNCIA À SAÚDE,3 1 91 13 5,OBRIGAÇÃO PATRONAL - PESSOAL ATIVO - PREVIDÊNCIA,26958767,2121,IPSM
1251,PMMG,1 25 1 10 302 135 2 060 0001,ASSISTÊNCIA À SAÚDE,3 1 91 13 5,OBRIGAÇÃO PATRONAL - PESSOAL ATIVO - PREVIDÊNCIA,13179349,4711,FFP - MG
1251,PMMG,1 25 1 10 302 135 2 060 0001,ASSISTÊNCIA À SAÚDE,3 1 91 13 21,OBRIGAÇÃO PATRONAL - PESSOAL ATIVO - ASSISTÊNCIA À SAÚDE,905204,2011,IPSEMG
1251,PMMG,1 25 1 12 361 136 2 058 0001,ENSINO FUNDAMENTAL DOS COLÉGIOS TIRADENTES DA POLÍCIA MILITAR,3 1 91 13 5,OBRIGAÇÃO PATRONAL - PESSOAL ATIVO - PREVIDÊNCIA,367257,4711,FFP - MG
1251,PMMG,1 25 1 12 361 136 2 058 0001,ENSINO FUNDAMENTAL DOS COLÉGIOS TIRADENTES DA POLÍCIA MILITAR,3 1 91 13 21,OBRIGAÇÃO PATRONAL - PESSOAL ATIVO - ASSISTÊNCIA À SAÚDE,201706,2011,IPSEMG
1251,PMMG,1 25 1 12 362 136 2 059 0001,ENSINO MÉDIO DOS COLÉGIOS TIRADENTES DA POLÍCIA MILITAR,3 1 91 13 5,OBRIGAÇÃO PATRONAL - PESSOAL ATIVO - PREVIDÊNCIA,2295550,2121,IPSM
1251,PMMG,1 25 1 12 362 136 2 059 0001,ENSINO MÉDIO DOS COLÉGIOS TIRADENTES DA POLÍCIA MILITAR,3 1 91 13 5,OBRIGAÇÃO PATRONAL - PESSOAL ATIVO - PREVIDÊNCIA,3448431,4711,FFP - MG
1251,PMMG,1 25 1 12 362 136 2 059 0001,ENSINO MÉDIO DOS COLÉGIOS TIRADENTES DA POLÍCIA MILITAR,3 1 91 13 21,OBRIGAÇÃO PATRONAL - PESSOAL ATIVO - ASSISTÊNCIA À SAÚDE,578939,2011,IPSEMG
1271,SECULT,1 27 1 13 122 705 2 417 0001,REMUNERAÇÃO DE PESSOAL ATIVO E ENCARGOS SOCIAIS,3 1 91 13 5,OBRIGAÇÃO PATRONAL - PESSOAL ATIVO - PREVIDÊNCIA,2406520,4711,FFP - MG
1271,SECULT,1 27 1 13 122 705 2 417 0001,REMUNERAÇÃO DE PESSOAL ATIVO E ENCARGOS SOCIAIS,3 1 91 13 21,OBRIGAÇÃO PATRONAL - PESSOAL ATIVO - ASSISTÊNCIA À SAÚDE,209483,2011,IPSEMG
1271,SECULT,1 27 1 13 122 705 2 417 0001,REMUNERAÇÃO DE PESSOAL ATIVO E ENCARGOS SOCIAIS,3 1 91 13 26,OBRIGAÇÃO PATRONAL SUPLEMENTAR – PESSOAL ATIVO,2406520,4711,FFP - MG
1301,SEINFRA,1 30 1 15 451 705 2 417 0001,REMUNERAÇÃO DE PESSOAL ATIVO E ENCARGOS SOCIAIS,3 1 91 13 5,OBRIGAÇÃO PATRONAL - PESSOAL ATIVO - PREVIDÊNCIA,9329785,4711,FFP - MG
1301,SEINFRA,1 30 1 15 451 705 2 417 0001,REMUNERAÇÃO DE PESSOAL ATIVO E ENCARGOS SOCIAIS,3 1 91 13 21,OBRIGAÇÃO PATRONAL - PESSOAL ATIVO - ASSISTÊNCIA À SAÚDE,211406,2011,IPSEMG
1371,SEMAD,1 37 1 18 122 705 2 417 0001,REMUNERAÇÃO DE PESSOAL ATIVO E ENCARGOS SOCIAIS,3 1 91 13 5,OBRIGAÇÃO PATRONAL - PESSOAL ATIVO - PREVIDÊNCIA,457848,2011,IPSEMG
1371,SEMAD,1 37 1 18 122 705 2 417 0001,REMUNERAÇÃO DE PESSOAL ATIVO E ENCARGOS SOCIAIS,3 1 91 13 5,OBRIGAÇÃO PATRONAL - PESSOAL ATIVO - PREVIDÊNCIA,28718856,4711,FFP - MG
1371,SEMAD,1 37 1 18 122 705 2 417 0001,REMUNERAÇÃO DE PESSOAL ATIVO E ENCARGOS SOCIAIS,3 1 91 13 5,OBRIGAÇÃO PATRONAL - PESSOAL ATIVO - PREVIDÊNCIA,-457848,,
1371,SEMAD,1 37 1 18 122 705 2 417 0001,REMUNERAÇÃO DE PESSOAL ATIVO E ENCARGOS SOCIAIS,3 1 91 13 21,OBRIGAÇÃO PATRONAL - PESSOAL ATIVO - ASSISTÊNCIA À SAÚDE,457848,,
1401,CBMMG,1 40 1 06 122 705 2 500 0001,ASSESSORAMENTO E GERENCIAMENTO DE POLÍTICAS PÚBLICAS,3 1 91 13 5,OBRIGAÇÃO PATRONAL - PESSOAL ATIVO - PREVIDÊNCIA,34142,4711,FFP - MG
1401,CBMMG,1 40 1 06 122 705 2 500 0001,ASSESSORAMENTO E GERENCIAMENTO DE POLÍTICAS PÚBLICAS,3 1 91 13 21,OBRIGAÇÃO PATRONAL - PESSOAL ATIVO - ASSISTÊNCIA À SAÚDE,8316,2011,IPSEMG
1401,CBMMG,1 40 1 06 128 052 4 119 0001,"RECRUTAMENTO, TREINAMENTO E FORMAÇÃO DE BOMBEIROS",3 1 91 13 5,OBRIGAÇÃO PATRONAL - PESSOAL ATIVO - PREVIDÊNCIA,6752010,2121,IPSM
1401,CBMMG,1 40 1 06 182 052 4 114 0001,"GESTÃO DA PREVENÇÃO, MITIGAÇÃO E PREPARAÇÃO DE DESASTRE",3 1 91 13 5,OBRIGAÇÃO PATRONAL - PESSOAL ATIVO - PREVIDÊNCIA,49069121,2121,IPSM
1401,CBMMG,1 40 1 06 182 052 4 115 0001,GESTÃO DA RESPOSTA A DESASTRES,3 1 91 13 5,OBRIGAÇÃO PATRONAL - PESSOAL ATIVO - PREVIDÊNCIA,72724190,2121,IPSM
1401,CBMMG,1 40 1 06 272 705 7 007 0001,PROVENTOS DE INATIVOS MILITARES,3 1 91 13 6,OBRIGAÇÃO PATRONAL - PESSOAL INATIVO - PREVIDÊNCIA,123420617,2121,IPSM
1401,CBMMG,1 40 1 10 302 052 2 021 0001,"ASSISTÊNCIA MÉDICA, ODONTOLÓGICA, PSICOLÓGICA E FISIOTERÁPICA AOS BOMBEIROS MILITARES E SEUS DEPENDENTES",3 1 91 13 5,OBRIGAÇÃO PATRONAL - PESSOAL ATIVO - PREVIDÊNCIA,4376675,2121,IPSM
1401,CBMMG,1 40 1 18 182 052 4 138 0001,"SUPORTE ÀS AÇÕES DE PREVENÇÃO, MITIGAÇÃO, PREPARAÇÃO E RESPOSTA AOS INCÊNDIOS EM VEGETAÇÃO",3 1 91 13 21,OBRIGAÇÃO PATRONAL - PESSOAL ATIVO - ASSISTÊNCIA À SAÚDE,565,2011,IPSEMG
1451,SEJUSP,1 45 1 06 122 705 2 417 0001,REMUNERAÇÃO DE PESSOAL ATIVO E ENCARGOS SOCIAIS,3 1 91 4 4,OBRIGAÇÃO PATRONAL – CONTRATOS POR TEMPO DETERMINADO – ASSISTÊNCIA À SAÚDE,1066326,2011,IPSEMG
1451,SEJUSP,1 45 1 06 122 705 2 417 0001,REMUNERAÇÃO DE PESSOAL ATIVO E ENCARGOS SOCIAIS,3 1 91 13 5,OBRIGAÇÃO PATRONAL - PESSOAL ATIVO - PREVIDÊNCIA,456373039,4711,FFP - MG
1451,SEJUSP,1 45 1 06 122 705 2 417 0001,REMUNERAÇÃO DE PESSOAL ATIVO E ENCARGOS SOCIAIS,3 1 91 13 21,OBRIGAÇÃO PATRONAL - PESSOAL ATIVO - ASSISTÊNCIA À SAÚDE,20975073,2011,IPSEMG
1451,SEJUSP,1 45 1 06 122 705 2 417 0001,REMUNERAÇÃO DE PESSOAL ATIVO E ENCARGOS SOCIAIS,3 1 91 13 26,OBRIGAÇÃO PATRONAL SUPLEMENTAR – PESSOAL ATIVO,389965252,4711,FFP - MG
1451,SEJUSP,1 45 1 10 243 146 4 443 0001,ATENDIMENTO À SAÚDE DO ADOLESCENTE EM CONFLITO COM A LEI,3 1 91 13 5,OBRIGAÇÃO PATRONAL - PESSOAL ATIVO - PREVIDÊNCIA,3108868,4711,FFP - MG
1451,SEJUSP,1 45 1 10 243 146 4 443 0001,ATENDIMENTO À SAÚDE DO ADOLESCENTE EM CONFLITO COM A LEI,3 1 91 13 21,OBRIGAÇÃO PATRONAL - PESSOAL ATIVO - ASSISTÊNCIA À SAÚDE,124542,2011,IPSEMG
1451,SEJUSP,1 45 1 10 243 146 4 443 0001,ATENDIMENTO À SAÚDE DO ADOLESCENTE EM CONFLITO COM A LEI,3 1 91 13 26,OBRIGAÇÃO PATRONAL SUPLEMENTAR – PESSOAL ATIVO,2630872,4711,FFP - MG
1451,SEJUSP,1 45 1 10 421 130 4 353 0001,UNIDADES DE SAÚDE DO SISTEMA PRISIONAL,3 1 91 4 4,OBRIGAÇÃO PATRONAL – CONTRATOS POR TEMPO DETERMINADO – ASSISTÊNCIA À SAÚDE,33470,2011,IPSEMG
1451,SEJUSP,1 45 1 10 421 130 4 353 0001,UNIDADES DE SAÚDE DO SISTEMA PRISIONAL,3 1 91 13 5,OBRIGAÇÃO PATRONAL - PESSOAL ATIVO - PREVIDÊNCIA,19411256,4711,FFP - MG
1451,SEJUSP,1 45 1 10 421 130 4 353 0001,UNIDADES DE SAÚDE DO SISTEMA PRISIONAL,3 1 91 13 21,OBRIGAÇÃO PATRONAL - PESSOAL ATIVO - ASSISTÊNCIA À SAÚDE,971764,2011,IPSEMG
1451,SEJUSP,1 45 1 10 421 130 4 353 0001,UNIDADES DE SAÚDE DO SISTEMA PRISIONAL,3 1 91 13 26,OBRIGAÇÃO PATRONAL SUPLEMENTAR – PESSOAL ATIVO,15652557,4711,FFP - MG
1481,SEDESE,1 48 1 14 122 705 2 417 0001,REMUNERAÇÃO DE PESSOAL ATIVO E ENCARGOS SOCIAIS,3 1 91 13 5,OBRIGAÇÃO PATRONAL - PESSOAL ATIVO - PREVIDÊNCIA,4709627,4711,FFP - MG
1481,SEDESE,1 48 1 14 122 705 2 417 0001,REMUNERAÇÃO DE PESSOAL ATIVO E ENCARGOS SOCIAIS,3 1 91 13 21,OBRIGAÇÃO PATRONAL - PESSOAL ATIVO - ASSISTÊNCIA À SAÚDE,464321,2011,IPSEMG
1481,SEDESE,1 48 1 14 122 705 2 417 0001,REMUNERAÇÃO DE PESSOAL ATIVO E ENCARGOS SOCIAIS,3 1 91 13 26,OBRIGAÇÃO PATRONAL SUPLEMENTAR – PESSOAL ATIVO,4215853,4711,FFP - MG
1491,SEGOV,1 49 1 04 122 705 2 417 0001,REMUNERAÇÃO DE PESSOAL ATIVO E ENCARGOS SOCIAIS,3 1 91 13 5,OBRIGAÇÃO PATRONAL - PESSOAL ATIVO - PREVIDÊNCIA,7792897,4711,FFP - MG
1491,SEGOV,1 49 1 04 122 705 2 417 0001,REMUNERAÇÃO DE PESSOAL ATIVO E ENCARGOS SOCIAIS,3 1 91 13 21,OBRIGAÇÃO PATRONAL - PESSOAL ATIVO - ASSISTÊNCIA À SAÚDE,261116,2011,IPSEMG
1501,SEPLAG,1 50 1 04 122 147 4 476 0001,SAÚDE DO SERVIDOR,3 3 91 39 96,TRANSFERÊNCIA ONEROSA DA POSSE DE BENS IMÓVEIS DE PROPRIEDADE DO ESTADO DE MINAS GERAIS,390000,,
1501,SEPLAG,1 50 1 04 122 149 4 452 0001,GESTÃO DAS UNIDADES DE ATENDIMENTO INTEGRADO - UAI,3 3 91 39 96,TRANSFERÊNCIA ONEROSA DA POSSE DE BENS IMÓVEIS DE PROPRIEDADE DO ESTADO DE MINAS GERAIS,200000,4661,FAIMG
1501,SEPLAG,1 50 1 04 122 705 2 417 0001,REMUNERAÇÃO DE PESSOAL ATIVO E ENCARGOS SOCIAIS,3 1 91 4 4,OBRIGAÇÃO PATRONAL – CONTRATOS POR TEMPO DETERMINADO – ASSISTÊNCIA À SAÚDE,438,2011,IPSEMG
1501,SEPLAG,1 50 1 04 122 705 2 417 0001,REMUNERAÇÃO DE PESSOAL ATIVO E ENCARGOS SOCIAIS,3 1 91 4 4,OBRIGAÇÃO PATRONAL – CONTRATOS POR TEMPO DETERMINADO – ASSISTÊNCIA À SAÚDE,28108,4711,FFP - MG
1501,SEPLAG,1 50 1 04 122 705 2 417 0001,REMUNERAÇÃO DE PESSOAL ATIVO E ENCARGOS SOCIAIS,3 1 91 13 5,OBRIGAÇÃO PATRONAL - PESSOAL ATIVO - PREVIDÊNCIA,410058,2011,IPSEMG
1501,SEPLAG,1 50 1 04 122 705 2 417 0001,REMUNERAÇÃO DE PESSOAL ATIVO E ENCARGOS SOCIAIS,3 1 91 13 5,OBRIGAÇÃO PATRONAL - PESSOAL ATIVO - PREVIDÊNCIA,26321235,4711,FFP - MG
1501,SEPLAG,1 50 1 04 122 705 2 417 0001,REMUNERAÇÃO DE PESSOAL ATIVO E ENCARGOS SOCIAIS,3 1 91 13 21,OBRIGAÇÃO PATRONAL - PESSOAL ATIVO - ASSISTÊNCIA À SAÚDE,12083,2011,IPSEMG
1501,SEPLAG,1 50 1 04 122 705 2 417 0001,REMUNERAÇÃO DE PESSOAL ATIVO E ENCARGOS SOCIAIS,3 1 91 13 21,OBRIGAÇÃO PATRONAL - PESSOAL ATIVO - ASSISTÊNCIA À SAÚDE,775603,4711,FFP - MG
1501,SEPLAG,1 50 1 04 122 705 2 417 0001,REMUNERAÇÃO DE PESSOAL ATIVO E ENCARGOS SOCIAIS,3 1 91 13 26,OBRIGAÇÃO PATRONAL SUPLEMENTAR – PESSOAL ATIVO,396060,2011,IPSEMG
1501,SEPLAG,1 50 1 04 122 705 2 417 0001,REMUNERAÇÃO DE PESSOAL ATIVO E ENCARGOS SOCIAIS,3 1 91 13 26,OBRIGAÇÃO PATRONAL SUPLEMENTAR – PESSOAL ATIVO,25422733,4711,FFP - MG
1501,SEPLAG,1 50 1 04 125 161 4 491 0001,APREENSÃO E LIBERAÇÃO DE VEÍCULOS,3 1 91 13 5,OBRIGAÇÃO PATRONAL - PESSOAL ATIVO - PREVIDÊNCIA,45696,2011,IPSEMG
1501,SEPLAG,1 50 1 04 125 161 4 491 0001,APREENSÃO E LIBERAÇÃO DE VEÍCULOS,3 1 91 13 5,OBRIGAÇÃO PATRONAL - PESSOAL ATIVO - PREVIDÊNCIA,2933193,4711,FFP - MG
1501,SEPLAG,1 50 1 04 125 161 4 491 0001,APREENSÃO E LIBERAÇÃO DE VEÍCULOS,3 1 91 13 21,OBRIGAÇÃO PATRONAL - PESSOAL ATIVO - ASSISTÊNCIA À SAÚDE,4203,2011,IPSEMG
1501,SEPLAG,1 50 1 04 125 161 4 491 0001,APREENSÃO E LIBERAÇÃO DE VEÍCULOS,3 1 91 13 21,OBRIGAÇÃO PATRONAL - PESSOAL ATIVO - ASSISTÊNCIA À SAÚDE,269765,4711,FFP - MG
1501,SEPLAG,1 50 1 04 125 161 4 491 0001,APREENSÃO E LIBERAÇÃO DE VEÍCULOS,3 1 91 13 26,OBRIGAÇÃO PATRONAL SUPLEMENTAR – PESSOAL ATIVO,43502,2011,IPSEMG
1501,SEPLAG,1 50 1 04 125 161 4 491 0001,APREENSÃO E LIBERAÇÃO DE VEÍCULOS,3 1 91 13 26,OBRIGAÇÃO PATRONAL SUPLEMENTAR – PESSOAL ATIVO,2792325,4711,FFP - MG
1521,CGE,1 52 1 04 122 705 2 417 0001,REMUNERAÇÃO DE PESSOAL ATIVO E ENCARGOS SOCIAIS,3 1 91 13 5,OBRIGAÇÃO PATRONAL - PESSOAL ATIVO - PREVIDÊNCIA,11000000,4711,FFP - MG
1521,CGE,1 52 1 04 122 705 2 417 0001,REMUNERAÇÃO DE PESSOAL ATIVO E ENCARGOS SOCIAIS,3 1 91 13 21,OBRIGAÇÃO PATRONAL - PESSOAL ATIVO - ASSISTÊNCIA À SAÚDE,147255,2011,IPSEMG
1521,CGE,1 52 1 04 122 705 2 417 0001,REMUNERAÇÃO DE PESSOAL ATIVO E ENCARGOS SOCIAIS,3 1 91 13 26,OBRIGAÇÃO PATRONAL SUPLEMENTAR – PESSOAL ATIVO,7572737,4711,FFP - MG
1541,ESP MG,1 54 1 10 122 705 2 417 0001,REMUNERAÇÃO DE PESSOAL ATIVO E ENCARGOS SOCIAIS,3 1 91 13 5,OBRIGAÇÃO PATRONAL - PESSOAL ATIVO - PREVIDÊNCIA,4963666,4711,FFP - MG
1541,ESP MG,1 54 1 10 122 705 2 417 0001,REMUNERAÇÃO DE PESSOAL ATIVO E ENCARGOS SOCIAIS,3 1 91 13 21,OBRIGAÇÃO PATRONAL - PESSOAL ATIVO - ASSISTÊNCIA À SAÚDE,42959,2011,IPSEMG
1631,SEC. GERAL,1 63 1 04 122 705 2 417 0001,REMUNERAÇÃO DE PESSOAL ATIVO E ENCARGOS SOCIAIS,3 1 91 13 5,OBRIGAÇÃO PATRONAL - PESSOAL ATIVO - PREVIDÊNCIA,494927,4711,FFP - MG
1631,SEC. GERAL,1 63 1 04 122 705 2 417 0001,REMUNERAÇÃO DE PESSOAL ATIVO E ENCARGOS SOCIAIS,3 1 91 13 21,OBRIGAÇÃO PATRONAL - PESSOAL ATIVO - ASSISTÊNCIA À SAÚDE,28040,2011,IPSEMG
1631,SEC. GERAL,1 63 1 04 122 705 2 417 0001,REMUNERAÇÃO DE PESSOAL ATIVO E ENCARGOS SOCIAIS,3 1 91 13 26,OBRIGAÇÃO PATRONAL SUPLEMENTAR – PESSOAL ATIVO,279777,4711,FFP - MG
1711,SECOM,1 71 1 04 122 705 2 417 0001,REMUNERAÇÃO DE PESSOAL ATIVO E ENCARGOS SOCIAIS,3 1 91 13 5,OBRIGAÇÃO PATRONAL - PESSOAL ATIVO - PREVIDÊNCIA,550000,4711,FFP - MG
1711,SECOM,1 71 1 04 122 705 2 417 0001,REMUNERAÇÃO DE PESSOAL ATIVO E ENCARGOS SOCIAIS,3 1 91 13 21,OBRIGAÇÃO PATRONAL - PESSOAL ATIVO - ASSISTÊNCIA À SAÚDE,72000,2011,IPSEMG
1711,SECOM,1 71 1 04 122 705 2 417 0001,REMUNERAÇÃO DE PESSOAL ATIVO E ENCARGOS SOCIAIS,3 1 91 13 26,OBRIGAÇÃO PATRONAL SUPLEMENTAR – PESSOAL ATIVO,450232,4711,FFP - MG
1721,SCC,1 72 1 04 122 705 2 417 0001,REMUNERAÇÃO DE PESSOAL ATIVO E ENCARGOS SOCIAIS,3 1 91 13 5,OBRIGAÇÃO PATRONAL - PESSOAL ATIVO - PREVIDÊNCIA,636736,4711,FFP - MG
1721,SCC,1 72 1 04 122 705 2 417 0001,REMUNERAÇÃO DE PESSOAL ATIVO E ENCARGOS SOCIAIS,3 1 91 13 21,OBRIGAÇÃO PATRONAL - PESSOAL ATIVO - ASSISTÊNCIA À SAÚDE,20015,2011,IPSEMG
1941,EGE-SEPLAG,1 94 1 04 274 705 7 024 0001,PAGAMENTOS MENSAIS DE PROVENTOS AOS ASSISTIDOS E PENSIONISTAS DO PLANO DE PREVIDÊNCIA COMPLEMENTAR MINASCAIXA RP-2,3 1 91 13 24,OBRIGAÇÃO PATRONAL - PENSIONISTAS - ASSISTÊNCIA À SAÚDE,512,2011,IPSEMG
1941,EGE-SEPLAG,1 94 1 04 274 705 7 024 0001,PAGAMENTOS MENSAIS DE PROVENTOS AOS ASSISTIDOS E PENSIONISTAS DO PLANO DE PREVIDÊNCIA COMPLEMENTAR MINASCAIXA RP-2,3 1 91 13 24,OBRIGAÇÃO PATRONAL - PENSIONISTAS - ASSISTÊNCIA À SAÚDE,32848,4711,FFP - MG
1941,EGE-SEPLAG,1 94 1 04 274 705 7 441 0001,PENSÕES ESPECIAIS DE RESPONSABILIDADE DO PODER EXECUTIVO ESTADUAL,3 1 91 13 24,OBRIGAÇÃO PATRONAL - PENSIONISTAS - ASSISTÊNCIA À SAÚDE,25246,2011,IPSEMG
1941,EGE-SEPLAG,1 94 1 04 274 705 7 441 0001,PENSÕES ESPECIAIS DE RESPONSABILIDADE DO PODER EXECUTIVO ESTADUAL,3 1 91 13 24,OBRIGAÇÃO PATRONAL - PENSIONISTAS - ASSISTÊNCIA À SAÚDE,1620487,4711,FFP - MG
2011,IPSEMG,2 01 1 10 122 705 2 417 0001,REMUNERAÇÃO DE PESSOAL ATIVO E ENCARGOS SOCIAIS,3 1 91 13 5,OBRIGAÇÃO PATRONAL - PESSOAL ATIVO - PREVIDÊNCIA,41522046,4711,FFP - MG
2011,IPSEMG,2 01 1 10 122 705 2 417 0001,REMUNERAÇÃO DE PESSOAL ATIVO E ENCARGOS SOCIAIS,3 1 91 13 21,OBRIGAÇÃO PATRONAL - PESSOAL ATIVO - ASSISTÊNCIA À SAÚDE,2886808,2011,IPSEMG
2011,IPSEMG,2 01 1 10 122 705 2 417 0001,REMUNERAÇÃO DE PESSOAL ATIVO E ENCARGOS SOCIAIS,3 1 91 13 26,OBRIGAÇÃO PATRONAL SUPLEMENTAR – PESSOAL ATIVO,36081621,4711,FFP - MG
2041,LEMG,2 04 1 23 122 705 2 417 0001,REMUNERAÇÃO DE PESSOAL ATIVO E ENCARGOS SOCIAIS,3 1 91 13 5,OBRIGAÇÃO PATRONAL - PESSOAL ATIVO - PREVIDÊNCIA,194764,4711,FFP - MG
2041,LEMG,2 04 1 23 122 705 2 417 0001,REMUNERAÇÃO DE PESSOAL ATIVO E ENCARGOS SOCIAIS,3 1 91 13 21,OBRIGAÇÃO PATRONAL - PESSOAL ATIVO - ASSISTÊNCIA À SAÚDE,17176,2011,IPSEMG
2041,LEMG,2 04 1 23 122 705 2 417 0001,REMUNERAÇÃO DE PESSOAL ATIVO E ENCARGOS SOCIAIS,3 1 91 13 26,OBRIGAÇÃO PATRONAL SUPLEMENTAR – PESSOAL ATIVO,171805,4711,FFP - MG
2071,FAPEMIG,2 07 1 19 571 705 2 417 0001,REMUNERAÇÃO DE PESSOAL ATIVO E ENCARGOS SOCIAIS,3 1 91 13 5,OBRIGAÇÃO PATRONAL - PESSOAL ATIVO - PREVIDÊNCIA,2321243,4711,FFP - MG
2071,FAPEMIG,2 07 1 19 571 705 2 417 0001,REMUNERAÇÃO DE PESSOAL ATIVO E ENCARGOS SOCIAIS,3 1 91 13 21,OBRIGAÇÃO PATRONAL - PESSOAL ATIVO - ASSISTÊNCIA À SAÚDE,41325,2011,IPSEMG
2091,FEAM,2 09 1 18 122 705 2 417 0001,REMUNERAÇÃO DE PESSOAL ATIVO E ENCARGOS SOCIAIS,3 1 91 13 5,OBRIGAÇÃO PATRONAL - PESSOAL ATIVO - PREVIDÊNCIA,6787644,4711,FFP - MG
2091,FEAM,2 09 1 18 122 705 2 417 0001,REMUNERAÇÃO DE PESSOAL ATIVO E ENCARGOS SOCIAIS,3 1 91 13 21,OBRIGAÇÃO PATRONAL - PESSOAL ATIVO - ASSISTÊNCIA À SAÚDE,185640,2011,IPSEMG
2091,FEAM,2 09 1 18 122 705 2 417 0001,REMUNERAÇÃO DE PESSOAL ATIVO E ENCARGOS SOCIAIS,3 1 91 13 26,OBRIGAÇÃO PATRONAL SUPLEMENTAR – PESSOAL ATIVO,5620962,4711,FFP - MG
2101,IEF,2 10 1 18 122 705 2 417 0001,REMUNERAÇÃO DE PESSOAL ATIVO E ENCARGOS SOCIAIS,3 1 91 13 5,OBRIGAÇÃO PATRONAL - PESSOAL ATIVO - PREVIDÊNCIA,34212229,4711,FFP - MG
2101,IEF,2 10 1 18 122 705 2 417 0001,REMUNERAÇÃO DE PESSOAL ATIVO E ENCARGOS SOCIAIS,3 1 91 13 21,OBRIGAÇÃO PATRONAL - PESSOAL ATIVO - ASSISTÊNCIA À SAÚDE,849317,2011,IPSEMG
2121,IPSM,2 12 1 09 122 705 2 417 0001,REMUNERAÇÃO DE PESSOAL ATIVO E ENCARGOS SOCIAIS,3 1 91 13 5,OBRIGAÇÃO PATRONAL - PESSOAL ATIVO - PREVIDÊNCIA,1194053,4711,FFP - MG
2121,IPSM,2 12 1 09 122 705 2 417 0001,REMUNERAÇÃO DE PESSOAL ATIVO E ENCARGOS SOCIAIS,3 1 91 13 21,OBRIGAÇÃO PATRONAL - PESSOAL ATIVO - ASSISTÊNCIA À SAÚDE,70078,2011,IPSEMG
2121,IPSM,2 12 1 09 122 705 2 417 0001,REMUNERAÇÃO DE PESSOAL ATIVO E ENCARGOS SOCIAIS,3 1 91 13 26,OBRIGAÇÃO PATRONAL SUPLEMENTAR – PESSOAL ATIVO,1148370,4711,FFP - MG
2121,IPSM,2 12 1 09 272 008 4 010 0001,AUXÍLIOS PREVIDENCIÁRIOS E ASSISTENCIAIS CONCEDIDOS AOS SEGURADOS E AOS SEUS DEPENDENTES,3 1 91 13 5,OBRIGAÇÃO PATRONAL - PESSOAL ATIVO - PREVIDÊNCIA,68844,4711,FFP - MG
2121,IPSM,2 12 1 09 272 008 4 010 0001,AUXÍLIOS PREVIDENCIÁRIOS E ASSISTENCIAIS CONCEDIDOS AOS SEGURADOS E AOS SEUS DEPENDENTES,3 1 91 13 21,OBRIGAÇÃO PATRONAL - PESSOAL ATIVO - ASSISTÊNCIA À SAÚDE,7508,2011,IPSEMG
2121,IPSM,2 12 1 09 272 008 4 010 0001,AUXÍLIOS PREVIDENCIÁRIOS E ASSISTENCIAIS CONCEDIDOS AOS SEGURADOS E AOS SEUS DEPENDENTES,3 1 91 13 26,OBRIGAÇÃO PATRONAL SUPLEMENTAR – PESSOAL ATIVO,65362,4711,FFP - MG
2121,IPSM,2 12 1 09 272 008 4 011 0001,AUXÍLIO RECLUSÃO CONCEDIDO AOS DEPENDENTES DO SEGURADO,3 1 91 13 5,OBRIGAÇÃO PATRONAL - PESSOAL ATIVO - PREVIDÊNCIA,57164,4711,FFP - MG
2121,IPSM,2 12 1 09 272 008 4 011 0001,AUXÍLIO RECLUSÃO CONCEDIDO AOS DEPENDENTES DO SEGURADO,3 1 91 13 21,OBRIGAÇÃO PATRONAL - PESSOAL ATIVO - ASSISTÊNCIA À SAÚDE,5840,2011,IPSEMG
2121,IPSM,2 12 1 09 272 008 4 011 0001,AUXÍLIO RECLUSÃO CONCEDIDO AOS DEPENDENTES DO SEGURADO,3 1 91 13 26,OBRIGAÇÃO PATRONAL SUPLEMENTAR – PESSOAL ATIVO,55815,4711,FFP - MG
2161,FUCAM,2 16 1 11 122 705 2 417 0001,REMUNERAÇÃO DE PESSOAL ATIVO E ENCARGOS SOCIAIS,3 1 91 13 5,OBRIGAÇÃO PATRONAL - PESSOAL ATIVO - PREVIDÊNCIA,357996,4711,FFP - MG
2161,FUCAM,2 16 1 11 122 705 2 417 0001,REMUNERAÇÃO DE PESSOAL ATIVO E ENCARGOS SOCIAIS,3 1 91 13 21,OBRIGAÇÃO PATRONAL - PESSOAL ATIVO - ASSISTÊNCIA À SAÚDE,21922,4711,FFP - MG
2161,FUCAM,2 16 1 12 363 104 4 283 0001,EDUCAÇÃO PARA A CIDADANIA E PARA O MUNDO DO TRABALHO EM TERRITÓRIOS DE ALTA VULNERABILIDADE SOCIAL,3 1 91 13 5,OBRIGAÇÃO PATRONAL - PESSOAL ATIVO - PREVIDÊNCIA,447594,4711,FFP - MG
2161,FUCAM,2 16 1 12 363 104 4 283 0001,EDUCAÇÃO PARA A CIDADANIA E PARA O MUNDO DO TRABALHO EM TERRITÓRIOS DE ALTA VULNERABILIDADE SOCIAL,3 1 91 13 21,OBRIGAÇÃO PATRONAL - PESSOAL ATIVO - ASSISTÊNCIA À SAÚDE,24721,4711,FFP - MG
2171,FAOP,2 17 1 13 122 705 2 417 0001,REMUNERAÇÃO DE PESSOAL ATIVO E ENCARGOS SOCIAIS,3 1 91 13 5,OBRIGAÇÃO PATRONAL - PESSOAL ATIVO - PREVIDÊNCIA,425013,4711,FFP - MG
2171,FAOP,2 17 1 13 122 705 2 417 0001,REMUNERAÇÃO DE PESSOAL ATIVO E ENCARGOS SOCIAIS,3 1 91 13 21,OBRIGAÇÃO PATRONAL - PESSOAL ATIVO - ASSISTÊNCIA À SAÚDE,18778,2011,IPSEMG
2181,FCS,2 18 1 12 363 105 4 425 0001,ATIVIDADES DE ENSINO E DE EXTENSÃO DO CENTRO DE FORMAÇÃO ARTÍSTICA E TECNOLÓGICA - CEFART,3 1 91 13 5,OBRIGAÇÃO PATRONAL - PESSOAL ATIVO - PREVIDÊNCIA,413668,4711,FFP - MG
2181,FCS,2 18 1 12 363 105 4 425 0001,ATIVIDADES DE ENSINO E DE EXTENSÃO DO CENTRO DE FORMAÇÃO ARTÍSTICA E TECNOLÓGICA - CEFART,3 1 91 13 21,OBRIGAÇÃO PATRONAL - PESSOAL ATIVO - ASSISTÊNCIA À SAÚDE,24877,2011,IPSEMG
2181,FCS,2 18 1 13 122 705 2 417 0001,REMUNERAÇÃO DE PESSOAL ATIVO E ENCARGOS SOCIAIS,3 1 91 13 5,OBRIGAÇÃO PATRONAL - PESSOAL ATIVO - PREVIDÊNCIA,4500775,4711,FFP - MG
2181,FCS,2 18 1 13 122 705 2 417 0001,REMUNERAÇÃO DE PESSOAL ATIVO E ENCARGOS SOCIAIS,3 1 91 13 21,OBRIGAÇÃO PATRONAL - PESSOAL ATIVO - ASSISTÊNCIA À SAÚDE,270664,2011,IPSEMG
2201,IEPHA,2 20 1 13 122 705 2 417 0001,REMUNERAÇÃO DE PESSOAL ATIVO E ENCARGOS SOCIAIS,3 1 91 4 4,OBRIGAÇÃO PATRONAL – CONTRATOS POR TEMPO DETERMINADO – ASSISTÊNCIA À SAÚDE,536,2011,IPSEMG
2201,IEPHA,2 20 1 13 122 705 2 417 0001,REMUNERAÇÃO DE PESSOAL ATIVO E ENCARGOS SOCIAIS,3 1 91 13 5,OBRIGAÇÃO PATRONAL - PESSOAL ATIVO - PREVIDÊNCIA,1201078,4711,FFP - MG
2201,IEPHA,2 20 1 13 122 705 2 417 0001,REMUNERAÇÃO DE PESSOAL ATIVO E ENCARGOS SOCIAIS,3 1 91 13 21,OBRIGAÇÃO PATRONAL - PESSOAL ATIVO - ASSISTÊNCIA À SAÚDE,53085,2011,IPSEMG
2201,IEPHA,2 20 1 13 122 705 2 417 0001,REMUNERAÇÃO DE PESSOAL ATIVO E ENCARGOS SOCIAIS,3 1 91 13 26,OBRIGAÇÃO PATRONAL SUPLEMENTAR – PESSOAL ATIVO,982700,4711,FFP - MG
2241,IGAM,2 24 1 18 122 705 2 417 0001,REMUNERAÇÃO DE PESSOAL ATIVO E ENCARGOS SOCIAIS,3 1 91 13 5,OBRIGAÇÃO PATRONAL - PESSOAL ATIVO - PREVIDÊNCIA,142037,2011,IPSEMG
2241,IGAM,2 24 1 18 122 705 2 417 0001,REMUNERAÇÃO DE PESSOAL ATIVO E ENCARGOS SOCIAIS,3 1 91 13 5,OBRIGAÇÃO PATRONAL - PESSOAL ATIVO - PREVIDÊNCIA,7533940,4711,FFP - MG
2251,JUCEMG,2 25 1 23 122 705 2 417 0001,REMUNERAÇÃO DE PESSOAL ATIVO E ENCARGOS SOCIAIS,3 1 91 13 5,OBRIGAÇÃO PATRONAL - PESSOAL ATIVO - PREVIDÊNCIA,1975866,4711,FFP - MG
2251,JUCEMG,2 25 1 23 122 705 2 417 0001,REMUNERAÇÃO DE PESSOAL ATIVO E ENCARGOS SOCIAIS,3 1 91 13 5,OBRIGAÇÃO PATRONAL - PESSOAL ATIVO - PREVIDÊNCIA,1368,,
2251,JUCEMG,2 25 1 23 122 705 2 417 0001,REMUNERAÇÃO DE PESSOAL ATIVO E ENCARGOS SOCIAIS,3 1 91 13 21,OBRIGAÇÃO PATRONAL - PESSOAL ATIVO - ASSISTÊNCIA À SAÚDE,105351,2011,IPSEMG
2251,JUCEMG,2 25 1 23 122 705 2 417 0001,REMUNERAÇÃO DE PESSOAL ATIVO E ENCARGOS SOCIAIS,3 1 91 13 26,OBRIGAÇÃO PATRONAL SUPLEMENTAR – PESSOAL ATIVO,1552465,4711,FFP - MG
2251,JUCEMG,2 25 1 23 122 705 2 417 0001,REMUNERAÇÃO DE PESSOAL ATIVO E ENCARGOS SOCIAIS,3 1 91 13 26,OBRIGAÇÃO PATRONAL SUPLEMENTAR – PESSOAL ATIVO,-1368,,
2261,FUNED,2 26 1 10 303 705 2 417 0001,REMUNERAÇÃO DE PESSOAL ATIVO E ENCARGOS SOCIAIS,3 1 91 13 5,OBRIGAÇÃO PATRONAL - PESSOAL ATIVO - PREVIDÊNCIA,657033,2011,IPSEMG
2261,FUNED,2 26 1 10 303 705 2 417 0001,REMUNERAÇÃO DE PESSOAL ATIVO E ENCARGOS SOCIAIS,3 1 91 13 5,OBRIGAÇÃO PATRONAL - PESSOAL ATIVO - PREVIDÊNCIA,25540202,4711,FFP - MG
2271,FHEMIG,2 27 1 10 122 705 2 417 0001,REMUNERAÇÃO DE PESSOAL ATIVO E ENCARGOS SOCIAIS,3 1 91 13 5,OBRIGAÇÃO PATRONAL - PESSOAL ATIVO - PREVIDÊNCIA,178873038,4711,FFP - MG
2271,FHEMIG,2 27 1 10 122 705 2 417 0001,REMUNERAÇÃO DE PESSOAL ATIVO E ENCARGOS SOCIAIS,3 1 91 13 21,OBRIGAÇÃO PATRONAL - PESSOAL ATIVO - ASSISTÊNCIA À SAÚDE,9661579,2011,IPSEMG
2271,FHEMIG,2 27 1 10 122 705 2 417 0001,REMUNERAÇÃO DE PESSOAL ATIVO E ENCARGOS SOCIAIS,3 1 91 13 26,OBRIGAÇÃO PATRONAL SUPLEMENTAR – PESSOAL ATIVO,154442987,4711,FFP - MG
2301,DER-MG,2 30 1 26 782 705 2 417 0001,REMUNERAÇÃO DE PESSOAL ATIVO E ENCARGOS SOCIAIS,3 1 91 13 5,OBRIGAÇÃO PATRONAL - PESSOAL ATIVO - PREVIDÊNCIA,16177926,4711,FFP - MG
2301,DER-MG,2 30 1 26 782 705 2 417 0001,REMUNERAÇÃO DE PESSOAL ATIVO E ENCARGOS SOCIAIS,3 1 91 13 8,OBRIGAÇÃO PATRONAL - PENSIONISTAS - PREVIDÊNCIA,608,2011,IPSEMG
2301,DER-MG,2 30 1 26 782 705 2 417 0001,REMUNERAÇÃO DE PESSOAL ATIVO E ENCARGOS SOCIAIS,3 1 91 13 21,OBRIGAÇÃO PATRONAL - PESSOAL ATIVO - ASSISTÊNCIA À SAÚDE,1259765,2011,IPSEMG
2301,DER-MG,2 30 1 26 782 705 2 417 0001,REMUNERAÇÃO DE PESSOAL ATIVO E ENCARGOS SOCIAIS,3 1 91 13 24,OBRIGAÇÃO PATRONAL - PENSIONISTAS - ASSISTÊNCIA À SAÚDE,15415,2011,IPSEMG
2301,DER-MG,2 30 1 26 782 705 2 417 0001,REMUNERAÇÃO DE PESSOAL ATIVO E ENCARGOS SOCIAIS,3 1 91 13 26,OBRIGAÇÃO PATRONAL SUPLEMENTAR – PESSOAL ATIVO,14028723,4711,FFP - MG
2311,UNIMONTES,2 31 1 12 122 705 2 417 0001,REMUNERAÇÃO DE PESSOAL ATIVO E ENCARGOS SOCIAIS,3 1 91 4 4,OBRIGAÇÃO PATRONAL – CONTRATOS POR TEMPO DETERMINADO – ASSISTÊNCIA À SAÚDE,11125,4711,FFP - MG
2311,UNIMONTES,2 31 1 12 122 705 2 417 0001,REMUNERAÇÃO DE PESSOAL ATIVO E ENCARGOS SOCIAIS,3 1 91 13 5,OBRIGAÇÃO PATRONAL - PESSOAL ATIVO - PREVIDÊNCIA,45083486,4711,FFP - MG
2311,UNIMONTES,2 31 1 12 122 705 2 417 0001,REMUNERAÇÃO DE PESSOAL ATIVO E ENCARGOS SOCIAIS,3 1 91 13 21,OBRIGAÇÃO PATRONAL - PESSOAL ATIVO - ASSISTÊNCIA À SAÚDE,2626477,2011,IPSEMG
2311,UNIMONTES,2 31 1 12 122 705 2 417 0001,REMUNERAÇÃO DE PESSOAL ATIVO E ENCARGOS SOCIAIS,3 1 91 13 26,OBRIGAÇÃO PATRONAL SUPLEMENTAR – PESSOAL ATIVO,35677400,4711,FFP - MG
2321,HEMOMINAS,2 32 1 10 122 705 2 417 0001,REMUNERAÇÃO DE PESSOAL ATIVO E ENCARGOS SOCIAIS,3 1 91 4 4,OBRIGAÇÃO PATRONAL – CONTRATOS POR TEMPO DETERMINADO – ASSISTÊNCIA À SAÚDE,5965,2011,IPSEMG
2321,HEMOMINAS,2 32 1 10 122 705 2 417 0001,REMUNERAÇÃO DE PESSOAL ATIVO E ENCARGOS SOCIAIS,3 1 91 13 5,OBRIGAÇÃO PATRONAL - PESSOAL ATIVO - PREVIDÊNCIA,41158946,4711,FFP - MG
2321,HEMOMINAS,2 32 1 10 122 705 2 417 0001,REMUNERAÇÃO DE PESSOAL ATIVO E ENCARGOS SOCIAIS,3 1 91 13 21,OBRIGAÇÃO PATRONAL - PESSOAL ATIVO - ASSISTÊNCIA À SAÚDE,51770,2011,IPSEMG
2321,HEMOMINAS,2 32 1 10 122 705 2 417 0001,REMUNERAÇÃO DE PESSOAL ATIVO E ENCARGOS SOCIAIS,3 1 91 13 26,OBRIGAÇÃO PATRONAL SUPLEMENTAR – PESSOAL ATIVO,982776,2011,IPSEMG
2331,IPEMMG,2 33 1 23 122 705 2 417 0001,REMUNERAÇÃO DE PESSOAL ATIVO E ENCARGOS SOCIAIS,3 1 91 13 5,OBRIGAÇÃO PATRONAL - PESSOAL ATIVO - PREVIDÊNCIA,2952359,4711,FFP - MG
2331,IPEMMG,2 33 1 23 122 705 2 417 0001,REMUNERAÇÃO DE PESSOAL ATIVO E ENCARGOS SOCIAIS,3 1 91 13 21,OBRIGAÇÃO PATRONAL - PESSOAL ATIVO - ASSISTÊNCIA À SAÚDE,143345,4711,FFP - MG
2331,IPEMMG,2 33 1 23 122 705 2 417 0001,REMUNERAÇÃO DE PESSOAL ATIVO E ENCARGOS SOCIAIS,3 1 91 13 26,OBRIGAÇÃO PATRONAL SUPLEMENTAR – PESSOAL ATIVO,1659552,4711,FFP - MG
2331,IPEMMG,2 33 1 23 122 705 2 500 0001,ASSESSORAMENTO E GERENCIAMENTO DE POLÍTICAS PÚBLICAS,3 3 91 40 2,SERVIÇOS DE TECNOLOGIA DA INFORMAÇÃO,18000,2251,JUCEMG
2351,UEMG,2 35 1 12 122 705 2 417 0001,REMUNERAÇÃO DE PESSOAL ATIVO E ENCARGOS SOCIAIS,3 1 91 4 4,OBRIGAÇÃO PATRONAL – CONTRATOS POR TEMPO DETERMINADO – ASSISTÊNCIA À SAÚDE,144670,,
2351,UEMG,2 35 1 12 122 705 2 417 0001,REMUNERAÇÃO DE PESSOAL ATIVO E ENCARGOS SOCIAIS,3 1 91 13 5,OBRIGAÇÃO PATRONAL - PESSOAL ATIVO - PREVIDÊNCIA,31958000,,
2351,UEMG,2 35 1 12 122 705 2 417 0001,REMUNERAÇÃO DE PESSOAL ATIVO E ENCARGOS SOCIAIS,3 1 91 13 21,OBRIGAÇÃO PATRONAL - PESSOAL ATIVO - ASSISTÊNCIA À SAÚDE,1242629,,
2351,UEMG,2 35 1 12 122 705 2 417 0001,REMUNERAÇÃO DE PESSOAL ATIVO E ENCARGOS SOCIAIS,3 1 91 13 26,OBRIGAÇÃO PATRONAL SUPLEMENTAR – PESSOAL ATIVO,27340000,,
2371,IMA,2 37 1 20 122 705 2 417 0001,REMUNERAÇÃO DE PESSOAL ATIVO E ENCARGOS SOCIAIS,3 1 91 13 5,OBRIGAÇÃO PATRONAL - PESSOAL ATIVO - PREVIDÊNCIA,66837637,4711,FFP - MG
2371,IMA,2 37 1 20 122 705 2 417 0001,REMUNERAÇÃO DE PESSOAL ATIVO E ENCARGOS SOCIAIS,3 1 91 13 21,OBRIGAÇÃO PATRONAL - PESSOAL ATIVO - ASSISTÊNCIA À SAÚDE,1833871,2011,IPSEMG
2421,IDENE,2 42 1 08 544 101 1 016 0001,PROMOÇÃO DE INFRAESTRUTURA HÍDRICA DE PEQUENO PORTE NO NORTE E NORDESTE DE MINAS GERAIS,3 1 91 13 5,OBRIGAÇÃO PATRONAL - PESSOAL ATIVO - PREVIDÊNCIA,77183,4711,FFP - MG
2421,IDENE,2 42 1 08 544 101 1 016 0001,PROMOÇÃO DE INFRAESTRUTURA HÍDRICA DE PEQUENO PORTE NO NORTE E NORDESTE DE MINAS GERAIS,3 1 91 13 21,OBRIGAÇÃO PATRONAL - PESSOAL ATIVO - ASSISTÊNCIA À SAÚDE,2071,2011,IPSEMG
2421,IDENE,2 42 1 08 544 101 1 016 0001,PROMOÇÃO DE INFRAESTRUTURA HÍDRICA DE PEQUENO PORTE NO NORTE E NORDESTE DE MINAS GERAIS,3 1 91 13 22,OBRIGAÇÃO PATRONAL - PESSOAL INATIVO - ASSISTÊNCIA À SAÚDE,2071,2011,IPSEMG
2421,IDENE,2 42 1 08 544 101 1 016 0001,PROMOÇÃO DE INFRAESTRUTURA HÍDRICA DE PEQUENO PORTE NO NORTE E NORDESTE DE MINAS GERAIS,3 1 91 13 24,OBRIGAÇÃO PATRONAL - PENSIONISTAS - ASSISTÊNCIA À SAÚDE,2071,2011,IPSEMG
2421,IDENE,2 42 1 08 544 101 1 016 0001,PROMOÇÃO DE INFRAESTRUTURA HÍDRICA DE PEQUENO PORTE NO NORTE E NORDESTE DE MINAS GERAIS,3 1 91 13 26,OBRIGAÇÃO PATRONAL SUPLEMENTAR – PESSOAL ATIVO,77183,4711,FFP - MG
2421,IDENE,2 42 1 20 122 705 2 500 0001,ASSESSORAMENTO E GERENCIAMENTO DE POLÍTICAS PÚBLICAS,3 1 91 13 5,OBRIGAÇÃO PATRONAL - PESSOAL ATIVO - PREVIDÊNCIA,611680,4711,FFP - MG
2421,IDENE,2 42 1 20 122 705 2 500 0001,ASSESSORAMENTO E GERENCIAMENTO DE POLÍTICAS PÚBLICAS,3 1 91 13 21,OBRIGAÇÃO PATRONAL - PESSOAL ATIVO - ASSISTÊNCIA À SAÚDE,16417,2011,IPSEMG
2421,IDENE,2 42 1 20 122 705 2 500 0001,ASSESSORAMENTO E GERENCIAMENTO DE POLÍTICAS PÚBLICAS,3 1 91 13 22,OBRIGAÇÃO PATRONAL - PESSOAL INATIVO - ASSISTÊNCIA À SAÚDE,16417,2011,IPSEMG
2421,IDENE,2 42 1 20 122 705 2 500 0001,ASSESSORAMENTO E GERENCIAMENTO DE POLÍTICAS PÚBLICAS,3 1 91 13 24,OBRIGAÇÃO PATRONAL - PENSIONISTAS - ASSISTÊNCIA À SAÚDE,16417,2011,IPSEMG
2421,IDENE,2 42 1 20 122 705 2 500 0001,ASSESSORAMENTO E GERENCIAMENTO DE POLÍTICAS PÚBLICAS,3 1 91 13 26,OBRIGAÇÃO PATRONAL SUPLEMENTAR – PESSOAL ATIVO,611680,4711,FFP - MG
2421,IDENE,2 42 1 20 608 124 4 516 0001,APOIO À MECANIZAÇÃO DA PRODUÇÃO AGRÍCOLA,3 1 91 13 5,OBRIGAÇÃO PATRONAL - PESSOAL ATIVO - PREVIDÊNCIA,29234,4711,FFP - MG
2421,IDENE,2 42 1 20 608 124 4 516 0001,APOIO À MECANIZAÇÃO DA PRODUÇÃO AGRÍCOLA,3 1 91 13 21,OBRIGAÇÃO PATRONAL - PESSOAL ATIVO - ASSISTÊNCIA À SAÚDE,784,2011,IPSEMG
2421,IDENE,2 42 1 20 608 124 4 516 0001,APOIO À MECANIZAÇÃO DA PRODUÇÃO AGRÍCOLA,3 1 91 13 22,OBRIGAÇÃO PATRONAL - PESSOAL INATIVO - ASSISTÊNCIA À SAÚDE,784,2011,IPSEMG
2421,IDENE,2 42 1 20 608 124 4 516 0001,APOIO À MECANIZAÇÃO DA PRODUÇÃO AGRÍCOLA,3 1 91 13 24,OBRIGAÇÃO PATRONAL - PENSIONISTAS - ASSISTÊNCIA À SAÚDE,784,2011,IPSEMG
2421,IDENE,2 42 1 20 608 124 4 516 0001,APOIO À MECANIZAÇÃO DA PRODUÇÃO AGRÍCOLA,3 1 91 13 26,OBRIGAÇÃO PATRONAL SUPLEMENTAR – PESSOAL ATIVO,29234,4711,FFP - MG
2431,AGÊNCIA RMBH,2 43 1 15 122 705 2 417 0001,REMUNERAÇÃO DE PESSOAL ATIVO E ENCARGOS SOCIAIS,3 1 91 13 5,OBRIGAÇÃO PATRONAL - PESSOAL ATIVO - PREVIDÊNCIA,468836,4711,FFP - MG
2431,AGÊNCIA RMBH,2 43 1 15 122 705 2 417 0001,REMUNERAÇÃO DE PESSOAL ATIVO E ENCARGOS SOCIAIS,3 1 91 13 21,OBRIGAÇÃO PATRONAL - PESSOAL ATIVO - ASSISTÊNCIA À SAÚDE,6150,2011,IPSEMG
2441,ARSAE -MG,2 44 1 17 122 705 2 417 0001,REMUNERAÇÃO DE PESSOAL ATIVO E ENCARGOS SOCIAIS,3 1 91 13 5,OBRIGAÇÃO PATRONAL - PESSOAL ATIVO - PREVIDÊNCIA,2054220,4711,FFP - MG
2441,ARSAE -MG,2 44 1 17 122 705 2 417 0001,REMUNERAÇÃO DE PESSOAL ATIVO E ENCARGOS SOCIAIS,3 1 91 13 21,OBRIGAÇÃO PATRONAL - PESSOAL ATIVO - ASSISTÊNCIA À SAÚDE,46818,2011,IPSEMG
2441,ARSAE -MG,2 44 1 17 122 705 2 417 0001,REMUNERAÇÃO DE PESSOAL ATIVO E ENCARGOS SOCIAIS,3 1 91 13 26,OBRIGAÇÃO PATRONAL SUPLEMENTAR – PESSOAL ATIVO,1589986,4711,FFP - MG
