ano,orgao_cod,orgao_nome_sigla,poder_cod,situacao,uo_cod,uo_nome_sigla,categoria_cod,grupo_cod,modalidade_cod,elemento_cod,fonte_cod,ipu_cod,seq_progtrab,funcao_cod,subfuncao_cod,programa_cod,identificador_tipo_acao_cod,projeto_atividade_cod,acao_cod,subprojeto_subatividade_cod,vlr_loa_desp_uo,vlr_loa_desp_scppo,vlr_loa_desp,iag_cod,acao_desc,programa_desc
2025,1010,ASSEMBLEIA LEGISLATIVA DO ESTADO DE MINAS GERAIS - ALMG,1,0,1011,ASSEMBLEIA LEGISLATIVA DO ESTADO DE MINAS GERAIS - ALMG,3,1,90,7,10,1,4170,1,31,729,4,239,4239,1,1747000.00,1747000.00,1747000.00,0,ELABORAÇÃO LEGISLATIVA E ACOMPANHAMENTO DAS POLÍTICAS PÚBLICAS,PROCESSO LEGISLATIVO
2025,1010,ASSEMBLEIA LEGISLATIVA DO ESTADO DE MINAS GERAIS - ALMG,1,0,1011,ASSEMBLEIA LEGISLATIVA DO ESTADO DE MINAS GERAIS - ALMG,3,1,90,11,10,1,4170,1,31,729,4,239,4239,1,903841400.00,903841400.00,903841400.00,0,ELABORAÇÃO LEGISLATIVA E ACOMPANHAMENTO DAS POLÍTICAS PÚBLICAS,PROCESSO LEGISLATIVO
2025,1010,ASSEMBLEIA LEGISLATIVA DO ESTADO DE MINAS GERAIS - ALMG,1,0,1011,ASSEMBLEIA LEGISLATIVA DO ESTADO DE MINAS GERAIS - ALMG,3,1,90,13,10,1,4170,1,31,729,4,239,4239,1,81982100.00,81982100.00,81982100.00,0,ELABORAÇÃO LEGISLATIVA E ACOMPANHAMENTO DAS POLÍTICAS PÚBLICAS,PROCESSO LEGISLATIVO
2025,1010,ASSEMBLEIA LEGISLATIVA DO ESTADO DE MINAS GERAIS - ALMG,1,0,1011,ASSEMBLEIA LEGISLATIVA DO ESTADO DE MINAS GERAIS - ALMG,3,1,90,16,10,1,4170,1,31,729,4,239,4239,1,44846600.00,44846600.00,44846600.00,0,ELABORAÇÃO LEGISLATIVA E ACOMPANHAMENTO DAS POLÍTICAS PÚBLICAS,PROCESSO LEGISLATIVO
2025,1010,ASSEMBLEIA LEGISLATIVA DO ESTADO DE MINAS GERAIS - ALMG,1,0,1011,ASSEMBLEIA LEGISLATIVA DO ESTADO DE MINAS GERAIS - ALMG,3,1,90,17,10,1,4170,1,31,729,4,239,4239,1,647500.00,647500.00,647500.00,0,ELABORAÇÃO LEGISLATIVA E ACOMPANHAMENTO DAS POLÍTICAS PÚBLICAS,PROCESSO LEGISLATIVO
2025,1010,ASSEMBLEIA LEGISLATIVA DO ESTADO DE MINAS GERAIS - ALMG,1,0,1011,ASSEMBLEIA LEGISLATIVA DO ESTADO DE MINAS GERAIS - ALMG,3,1,90,92,10,1,4170,1,31,729,4,239,4239,1,30000000.00,30000000.00,30000000.00,0,ELABORAÇÃO LEGISLATIVA E ACOMPANHAMENTO DAS POLÍTICAS PÚBLICAS,PROCESSO LEGISLATIVO
2025,1010,ASSEMBLEIA LEGISLATIVA DO ESTADO DE MINAS GERAIS - ALMG,1,0,1011,ASSEMBLEIA LEGISLATIVA DO ESTADO DE MINAS GERAIS - ALMG,3,1,90,94,10,1,4170,1,31,729,4,239,4239,1,2802600.00,2802600.00,2802600.00,0,ELABORAÇÃO LEGISLATIVA E ACOMPANHAMENTO DAS POLÍTICAS PÚBLICAS,PROCESSO LEGISLATIVO
2025,1010,ASSEMBLEIA LEGISLATIVA DO ESTADO DE MINAS GERAIS - ALMG,1,0,1011,ASSEMBLEIA LEGISLATIVA DO ESTADO DE MINAS GERAIS - ALMG,3,1,91,13,10,1,4170,1,31,729,4,239,4239,1,106525400.00,106525400.00,106525400.00,0,ELABORAÇÃO LEGISLATIVA E ACOMPANHAMENTO DAS POLÍTICAS PÚBLICAS,PROCESSO LEGISLATIVO
2025,1010,ASSEMBLEIA LEGISLATIVA DO ESTADO DE MINAS GERAIS - ALMG,1,0,1011,ASSEMBLEIA LEGISLATIVA DO ESTADO DE MINAS GERAIS - ALMG,3,3,90,8,10,1,4170,1,31,729,4,239,4239,1,20507600.00,20507600.00,20507600.00,0,ELABORAÇÃO LEGISLATIVA E ACOMPANHAMENTO DAS POLÍTICAS PÚBLICAS,PROCESSO LEGISLATIVO
2025,1010,ASSEMBLEIA LEGISLATIVA DO ESTADO DE MINAS GERAIS - ALMG,1,0,1011,ASSEMBLEIA LEGISLATIVA DO ESTADO DE MINAS GERAIS - ALMG,3,3,90,8,10,7,4170,1,31,729,4,239,4239,1,1014900.00,1014900.00,1014900.00,0,ELABORAÇÃO LEGISLATIVA E ACOMPANHAMENTO DAS POLÍTICAS PÚBLICAS,PROCESSO LEGISLATIVO
2025,1010,ASSEMBLEIA LEGISLATIVA DO ESTADO DE MINAS GERAIS - ALMG,1,0,1011,ASSEMBLEIA LEGISLATIVA DO ESTADO DE MINAS GERAIS - ALMG,3,3,90,13,10,1,4170,1,31,729,4,239,4239,1,3963300.00,3963300.00,3963300.00,0,ELABORAÇÃO LEGISLATIVA E ACOMPANHAMENTO DAS POLÍTICAS PÚBLICAS,PROCESSO LEGISLATIVO
2025,1010,ASSEMBLEIA LEGISLATIVA DO ESTADO DE MINAS GERAIS - ALMG,1,0,1011,ASSEMBLEIA LEGISLATIVA DO ESTADO DE MINAS GERAIS - ALMG,3,3,90,14,10,1,4170,1,31,729,4,239,4239,1,13200400.00,13200400.00,13200400.00,0,ELABORAÇÃO LEGISLATIVA E ACOMPANHAMENTO DAS POLÍTICAS PÚBLICAS,PROCESSO LEGISLATIVO
2025,1010,ASSEMBLEIA LEGISLATIVA DO ESTADO DE MINAS GERAIS - ALMG,1,0,1011,ASSEMBLEIA LEGISLATIVA DO ESTADO DE MINAS GERAIS - ALMG,3,3,90,30,10,1,4170,1,31,729,4,239,4239,1,3496900.00,3496900.00,3496900.00,0,ELABORAÇÃO LEGISLATIVA E ACOMPANHAMENTO DAS POLÍTICAS PÚBLICAS,PROCESSO LEGISLATIVO
2025,1010,ASSEMBLEIA LEGISLATIVA DO ESTADO DE MINAS GERAIS - ALMG,1,0,1011,ASSEMBLEIA LEGISLATIVA DO ESTADO DE MINAS GERAIS - ALMG,3,3,90,31,10,1,4170,1,31,729,4,239,4239,1,99300.00,99300.00,99300.00,0,ELABORAÇÃO LEGISLATIVA E ACOMPANHAMENTO DAS POLÍTICAS PÚBLICAS,PROCESSO LEGISLATIVO
2025,1010,ASSEMBLEIA LEGISLATIVA DO ESTADO DE MINAS GERAIS - ALMG,1,0,1011,ASSEMBLEIA LEGISLATIVA DO ESTADO DE MINAS GERAIS - ALMG,3,3,90,33,10,1,4170,1,31,729,4,239,4239,1,4792300.00,4792300.00,4792300.00,0,ELABORAÇÃO LEGISLATIVA E ACOMPANHAMENTO DAS POLÍTICAS PÚBLICAS,PROCESSO LEGISLATIVO
2025,1010,ASSEMBLEIA LEGISLATIVA DO ESTADO DE MINAS GERAIS - ALMG,1,0,1011,ASSEMBLEIA LEGISLATIVA DO ESTADO DE MINAS GERAIS - ALMG,3,3,90,35,10,1,4170,1,31,729,4,239,4239,1,424100.00,424100.00,424100.00,0,ELABORAÇÃO LEGISLATIVA E ACOMPANHAMENTO DAS POLÍTICAS PÚBLICAS,PROCESSO LEGISLATIVO
2025,1010,ASSEMBLEIA LEGISLATIVA DO ESTADO DE MINAS GERAIS - ALMG,1,0,1011,ASSEMBLEIA LEGISLATIVA DO ESTADO DE MINAS GERAIS - ALMG,3,3,90,36,10,1,4170,1,31,729,4,239,4239,1,7297100.00,7297100.00,7297100.00,0,ELABORAÇÃO LEGISLATIVA E ACOMPANHAMENTO DAS POLÍTICAS PÚBLICAS,PROCESSO LEGISLATIVO
2025,1010,ASSEMBLEIA LEGISLATIVA DO ESTADO DE MINAS GERAIS - ALMG,1,0,1011,ASSEMBLEIA LEGISLATIVA DO ESTADO DE MINAS GERAIS - ALMG,3,3,90,37,10,1,4170,1,31,729,4,239,4239,1,45076200.00,45076200.00,45076200.00,0,ELABORAÇÃO LEGISLATIVA E ACOMPANHAMENTO DAS POLÍTICAS PÚBLICAS,PROCESSO LEGISLATIVO
2025,1010,ASSEMBLEIA LEGISLATIVA DO ESTADO DE MINAS GERAIS - ALMG,1,0,1011,ASSEMBLEIA LEGISLATIVA DO ESTADO DE MINAS GERAIS - ALMG,3,3,90,39,10,1,4170,1,31,729,4,239,4239,1,142298300.00,142298300.00,142298300.00,0,ELABORAÇÃO LEGISLATIVA E ACOMPANHAMENTO DAS POLÍTICAS PÚBLICAS,PROCESSO LEGISLATIVO
2025,1010,ASSEMBLEIA LEGISLATIVA DO ESTADO DE MINAS GERAIS - ALMG,1,0,1011,ASSEMBLEIA LEGISLATIVA DO ESTADO DE MINAS GERAIS - ALMG,3,3,90,40,10,1,4170,1,31,729,4,239,4239,1,7114000.00,7114000.00,7114000.00,0,ELABORAÇÃO LEGISLATIVA E ACOMPANHAMENTO DAS POLÍTICAS PÚBLICAS,PROCESSO LEGISLATIVO
2025,1010,ASSEMBLEIA LEGISLATIVA DO ESTADO DE MINAS GERAIS - ALMG,1,0,1011,ASSEMBLEIA LEGISLATIVA DO ESTADO DE MINAS GERAIS - ALMG,3,3,90,41,10,1,4170,1,31,729,4,239,4239,1,548600.00,548600.00,548600.00,0,ELABORAÇÃO LEGISLATIVA E ACOMPANHAMENTO DAS POLÍTICAS PÚBLICAS,PROCESSO LEGISLATIVO
2025,1010,ASSEMBLEIA LEGISLATIVA DO ESTADO DE MINAS GERAIS - ALMG,1,0,1011,ASSEMBLEIA LEGISLATIVA DO ESTADO DE MINAS GERAIS - ALMG,3,3,90,46,10,7,4170,1,31,729,4,239,4239,1,41596600.00,41596600.00,41596600.00,0,ELABORAÇÃO LEGISLATIVA E ACOMPANHAMENTO DAS POLÍTICAS PÚBLICAS,PROCESSO LEGISLATIVO
2025,1010,ASSEMBLEIA LEGISLATIVA DO ESTADO DE MINAS GERAIS - ALMG,1,0,1011,ASSEMBLEIA LEGISLATIVA DO ESTADO DE MINAS GERAIS - ALMG,3,3,90,47,10,1,4170,1,31,729,4,239,4239,1,159700.00,159700.00,159700.00,0,ELABORAÇÃO LEGISLATIVA E ACOMPANHAMENTO DAS POLÍTICAS PÚBLICAS,PROCESSO LEGISLATIVO
2025,1010,ASSEMBLEIA LEGISLATIVA DO ESTADO DE MINAS GERAIS - ALMG,1,0,1011,ASSEMBLEIA LEGISLATIVA DO ESTADO DE MINAS GERAIS - ALMG,3,3,90,49,10,7,4170,1,31,729,4,239,4239,1,22085500.00,22085500.00,22085500.00,0,ELABORAÇÃO LEGISLATIVA E ACOMPANHAMENTO DAS POLÍTICAS PÚBLICAS,PROCESSO LEGISLATIVO
2025,1010,ASSEMBLEIA LEGISLATIVA DO ESTADO DE MINAS GERAIS - ALMG,1,0,1011,ASSEMBLEIA LEGISLATIVA DO ESTADO DE MINAS GERAIS - ALMG,3,3,90,93,10,1,4170,1,31,729,4,239,4239,1,8655200.00,8655200.00,8655200.00,0,ELABORAÇÃO LEGISLATIVA E ACOMPANHAMENTO DAS POLÍTICAS PÚBLICAS,PROCESSO LEGISLATIVO
2025,1010,ASSEMBLEIA LEGISLATIVA DO ESTADO DE MINAS GERAIS - ALMG,1,0,1011,ASSEMBLEIA LEGISLATIVA DO ESTADO DE MINAS GERAIS - ALMG,3,3,90,93,60,1,4170,1,31,729,4,239,4239,1,21898400.00,21898400.00,21898400.00,0,ELABORAÇÃO LEGISLATIVA E ACOMPANHAMENTO DAS POLÍTICAS PÚBLICAS,PROCESSO LEGISLATIVO
2025,1010,ASSEMBLEIA LEGISLATIVA DO ESTADO DE MINAS GERAIS - ALMG,1,0,1011,ASSEMBLEIA LEGISLATIVA DO ESTADO DE MINAS GERAIS - ALMG,3,3,91,30,10,1,4170,1,31,729,4,239,4239,1,120000.00,120000.00,120000.00,0,ELABORAÇÃO LEGISLATIVA E ACOMPANHAMENTO DAS POLÍTICAS PÚBLICAS,PROCESSO LEGISLATIVO
2025,1010,ASSEMBLEIA LEGISLATIVA DO ESTADO DE MINAS GERAIS - ALMG,1,0,1011,ASSEMBLEIA LEGISLATIVA DO ESTADO DE MINAS GERAIS - ALMG,3,3,91,93,10,1,4170,1,31,729,4,239,4239,1,62000.00,62000.00,62000.00,0,ELABORAÇÃO LEGISLATIVA E ACOMPANHAMENTO DAS POLÍTICAS PÚBLICAS,PROCESSO LEGISLATIVO
2025,1010,ASSEMBLEIA LEGISLATIVA DO ESTADO DE MINAS GERAIS - ALMG,1,0,1011,ASSEMBLEIA LEGISLATIVA DO ESTADO DE MINAS GERAIS - ALMG,4,4,90,40,10,1,4170,1,31,729,4,239,4239,1,1520200.00,1520200.00,1520200.00,0,ELABORAÇÃO LEGISLATIVA E ACOMPANHAMENTO DAS POLÍTICAS PÚBLICAS,PROCESSO LEGISLATIVO
2025,1010,ASSEMBLEIA LEGISLATIVA DO ESTADO DE MINAS GERAIS - ALMG,1,0,1011,ASSEMBLEIA LEGISLATIVA DO ESTADO DE MINAS GERAIS - ALMG,4,4,90,52,10,1,4170,1,31,729,4,239,4239,1,9705800.00,9705800.00,9705800.00,0,ELABORAÇÃO LEGISLATIVA E ACOMPANHAMENTO DAS POLÍTICAS PÚBLICAS,PROCESSO LEGISLATIVO
2025,1010,ASSEMBLEIA LEGISLATIVA DO ESTADO DE MINAS GERAIS - ALMG,1,0,1011,ASSEMBLEIA LEGISLATIVA DO ESTADO DE MINAS GERAIS - ALMG,4,5,91,41,10,1,4170,1,31,729,4,239,4239,1,11953000.00,11953000.00,11953000.00,0,ELABORAÇÃO LEGISLATIVA E ACOMPANHAMENTO DAS POLÍTICAS PÚBLICAS,PROCESSO LEGISLATIVO
2025,1010,ASSEMBLEIA LEGISLATIVA DO ESTADO DE MINAS GERAIS - ALMG,1,0,1011,ASSEMBLEIA LEGISLATIVA DO ESTADO DE MINAS GERAIS - ALMG,3,1,90,1,10,5,2385,9,272,705,7,6,7006,1,352144000.00,352144000.00,352144000.00,0,PROVENTOS DE INATIVOS CIVIS E PENSIONISTAS,APOIO ÀS POLÍTICAS PÚBLICAS
2025,1010,ASSEMBLEIA LEGISLATIVA DO ESTADO DE MINAS GERAIS - ALMG,1,0,1011,ASSEMBLEIA LEGISLATIVA DO ESTADO DE MINAS GERAIS - ALMG,3,1,90,1,42,5,2385,9,272,705,7,6,7006,1,103400000.00,103400000.00,103400000.00,0,PROVENTOS DE INATIVOS CIVIS E PENSIONISTAS,APOIO ÀS POLÍTICAS PÚBLICAS
2025,1010,ASSEMBLEIA LEGISLATIVA DO ESTADO DE MINAS GERAIS - ALMG,1,0,1011,ASSEMBLEIA LEGISLATIVA DO ESTADO DE MINAS GERAIS - ALMG,3,1,90,1,43,5,2385,9,272,705,7,6,7006,1,120240000.00,120240000.00,120240000.00,0,PROVENTOS DE INATIVOS CIVIS E PENSIONISTAS,APOIO ÀS POLÍTICAS PÚBLICAS
2025,1010,ASSEMBLEIA LEGISLATIVA DO ESTADO DE MINAS GERAIS - ALMG,1,0,1011,ASSEMBLEIA LEGISLATIVA DO ESTADO DE MINAS GERAIS - ALMG,3,1,90,59,10,1,2385,9,272,705,7,6,7006,1,1610000.00,1610000.00,1610000.00,0,PROVENTOS DE INATIVOS CIVIS E PENSIONISTAS,APOIO ÀS POLÍTICAS PÚBLICAS
2025,1010,ASSEMBLEIA LEGISLATIVA DO ESTADO DE MINAS GERAIS - ALMG,1,0,1011,ASSEMBLEIA LEGISLATIVA DO ESTADO DE MINAS GERAIS - ALMG,3,1,91,13,10,5,2385,9,272,705,7,6,7006,1,135000.00,135000.00,135000.00,0,PROVENTOS DE INATIVOS CIVIS E PENSIONISTAS,APOIO ÀS POLÍTICAS PÚBLICAS
2025,1010,ASSEMBLEIA LEGISLATIVA DO ESTADO DE MINAS GERAIS - ALMG,1,0,1011,ASSEMBLEIA LEGISLATIVA DO ESTADO DE MINAS GERAIS - ALMG,3,1,90,91,10,9,1550,28,846,705,7,4,7004,1,1970000.00,1970000.00,1970000.00,0,PRECATÓRIOS E SENTENÇAS JUDICIÁRIAS,APOIO ÀS POLÍTICAS PÚBLICAS
2025,1010,ASSEMBLEIA LEGISLATIVA DO ESTADO DE MINAS GERAIS - ALMG,1,0,1011,ASSEMBLEIA LEGISLATIVA DO ESTADO DE MINAS GERAIS - ALMG,3,3,90,91,10,9,1550,28,846,705,7,4,7004,1,30000.00,30000.00,30000.00,0,PRECATÓRIOS E SENTENÇAS JUDICIÁRIAS,APOIO ÀS POLÍTICAS PÚBLICAS
2025,1010,ASSEMBLEIA LEGISLATIVA DO ESTADO DE MINAS GERAIS - ALMG,1,0,4121,FUNDO DE APOIO HABITACIONAL DA ASSEMBLEIA LEGISLATIVA DE MINAS GERAIS - FUNDHAB,3,3,90,39,60,1,4905,10,302,764,4,539,4539,1,1000.00,1000.00,1000.00,0,ASSISTÊNCIA COMPLEMENTAR,ASSISTÊNCIA COMPLEMENTAR
2025,1010,ASSEMBLEIA LEGISLATIVA DO ESTADO DE MINAS GERAIS - ALMG,1,0,4121,FUNDO DE APOIO HABITACIONAL DA ASSEMBLEIA LEGISLATIVA DE MINAS GERAIS - FUNDHAB,4,5,90,66,60,1,4906,16,482,765,4,84,4084,1,17999000.00,17999000.00,17999000.00,0,FINANCIAMENTO HABITACIONAL AOS SERVIDORES DA ASSEMBLEIA LEGISLATIVA,APOIO HABITACIONAL
2025,1190,SECRETARIA DE ESTADO DE FAZENDA - SEF,3,0,4621,FUNDO DE INVESTIMENTO DO ESTADO DE MINAS GERAIS - MG INVESTE,4,5,90,66,60,1,10794,22,661,20,4,444,4444,1,2000.00,2000.00,2000.00,0,MG INVESTE,FOMENTO E INCENTIVO DE INVESTIMENTOS
2025,1220,SECRETARIA DE ESTADO DE DESENVOLVIMENTO ECONÔMICO - SEDE,3,0,4111,FUNDO DE FOMENTO E DESENVOLVIMENTO SOCIOECONÔMICO DO ESTADO DE MINAS GERAIS - FUNDESE,4,5,90,66,60,1,10258,23,691,24,4,41,4041,1,1000.00,1000.00,1000.00,0,FUNDESE GERAMINAS,DESENVOLVIMENTO SOCIOECONÔMICO
2025,1220,SECRETARIA DE ESTADO DE DESENVOLVIMENTO ECONÔMICO - SEDE,3,0,4111,FUNDO DE FOMENTO E DESENVOLVIMENTO SOCIOECONÔMICO DO ESTADO DE MINAS GERAIS - FUNDESE,4,5,90,66,60,1,10259,23,691,24,4,42,4042,1,1000.00,1000.00,1000.00,0,FUNDESE EMPRESA MINEIRA COMPETITIVA,DESENVOLVIMENTO SOCIOECONÔMICO
2025,1220,SECRETARIA DE ESTADO DE DESENVOLVIMENTO ECONÔMICO - SEDE,3,0,4111,FUNDO DE FOMENTO E DESENVOLVIMENTO SOCIOECONÔMICO DO ESTADO DE MINAS GERAIS - FUNDESE,4,5,90,66,60,1,10260,23,691,24,4,43,4043,1,1000.00,1000.00,1000.00,0,FUNDESE BASE TECNOLOGICA,DESENVOLVIMENTO SOCIOECONÔMICO
2025,1230,"SECRETARIA DE ESTADO DE AGRICULTURA, PECUÁRIA E ABASTECIMENTO - SEAPA",3,0,3051,EMPRESA DE PESQUISA AGROPECUÁRIA DE MINAS GERAIS - EPAMIG,3,3,90,14,60,1,10232,19,571,16,4,18,4018,1,1000.00,1000.00,1000.00,0,DESENVOLVIMENTO DE PESQUISA AGROPECUÁRIA E AGROINDUSTRIAL,INOVAÇÕES E SOLUÇÕES TECNOLÓGICAS PARA A AGROPECUÁRIA E A AGROINDÚSTRIA
2025,1250,POLÍCIA MILITAR DO ESTADO DE MINAS GERAIS - PMMG,3,0,2121,INSTITUTO DE PREVIDÊNCIA DOS SERVIDORES MILITARES DO ESTADO DE MINAS GERAIS - IPSM,3,1,90,91,60,9,45,28,846,705,7,4,7004,1,16602877.00,16602877.00,16602877.00,0,PRECATÓRIOS E SENTENÇAS JUDICIÁRIAS,APOIO ÀS POLÍTICAS PÚBLICAS
2025,1250,POLÍCIA MILITAR DO ESTADO DE MINAS GERAIS - PMMG,3,0,2121,INSTITUTO DE PREVIDÊNCIA DOS SERVIDORES MILITARES DO ESTADO DE MINAS GERAIS - IPSM,3,3,90,91,60,9,45,28,846,705,7,4,7004,1,101935.00,101935.00,101935.00,0,PRECATÓRIOS E SENTENÇAS JUDICIÁRIAS,APOIO ÀS POLÍTICAS PÚBLICAS
2025,1260,SECRETARIA DE ESTADO DE EDUCAÇÃO - SEE,3,0,2311,UNIVERSIDADE ESTADUAL DE MONTES CLAROS - UNIMONTES,3,1,90,4,10,1,11111,12,122,705,2,417,2417,1,1829983.00,1829983.00,1829983.00,0,REMUNERAÇÃO DE PESSOAL ATIVO E ENCARGOS SOCIAIS,APOIO ÀS POLÍTICAS PÚBLICAS
2025,1260,SECRETARIA DE ESTADO DE EDUCAÇÃO - SEE,3,0,2311,UNIVERSIDADE ESTADUAL DE MONTES CLAROS - UNIMONTES,3,1,90,7,10,1,11111,12,122,705,2,417,2417,1,169681.00,169681.00,169681.00,0,REMUNERAÇÃO DE PESSOAL ATIVO E ENCARGOS SOCIAIS,APOIO ÀS POLÍTICAS PÚBLICAS
2025,1260,SECRETARIA DE ESTADO DE EDUCAÇÃO - SEE,3,0,2311,UNIVERSIDADE ESTADUAL DE MONTES CLAROS - UNIMONTES,3,1,90,11,10,1,11111,12,122,705,2,417,2417,1,221144704.00,221144704.00,221144704.00,0,REMUNERAÇÃO DE PESSOAL ATIVO E ENCARGOS SOCIAIS,APOIO ÀS POLÍTICAS PÚBLICAS
2025,1260,SECRETARIA DE ESTADO DE EDUCAÇÃO - SEE,3,0,2311,UNIVERSIDADE ESTADUAL DE MONTES CLAROS - UNIMONTES,3,1,90,11,57,2,11111,12,122,705,2,417,2417,1,483858.00,483858.00,483858.00,0,REMUNERAÇÃO DE PESSOAL ATIVO E ENCARGOS SOCIAIS,APOIO ÀS POLÍTICAS PÚBLICAS
2025,1260,SECRETARIA DE ESTADO DE EDUCAÇÃO - SEE,3,0,2311,UNIVERSIDADE ESTADUAL DE MONTES CLAROS - UNIMONTES,3,1,90,11,60,1,11111,12,122,705,2,417,2417,1,1788961.00,1788961.00,1788961.00,0,REMUNERAÇÃO DE PESSOAL ATIVO E ENCARGOS SOCIAIS,APOIO ÀS POLÍTICAS PÚBLICAS
2025,1260,SECRETARIA DE ESTADO DE EDUCAÇÃO - SEE,3,0,2311,UNIVERSIDADE ESTADUAL DE MONTES CLAROS - UNIMONTES,3,1,90,13,10,1,11111,12,122,705,2,417,2417,1,81325591.00,81325591.00,81325591.00,0,REMUNERAÇÃO DE PESSOAL ATIVO E ENCARGOS SOCIAIS,APOIO ÀS POLÍTICAS PÚBLICAS
2025,1260,SECRETARIA DE ESTADO DE EDUCAÇÃO - SEE,3,0,2311,UNIVERSIDADE ESTADUAL DE MONTES CLAROS - UNIMONTES,3,1,90,16,10,1,11111,12,122,705,2,417,2417,1,11320196.00,11320196.00,11320196.00,0,REMUNERAÇÃO DE PESSOAL ATIVO E ENCARGOS SOCIAIS,APOIO ÀS POLÍTICAS PÚBLICAS
2025,1260,SECRETARIA DE ESTADO DE EDUCAÇÃO - SEE,3,0,2311,UNIVERSIDADE ESTADUAL DE MONTES CLAROS - UNIMONTES,3,3,90,46,10,7,11111,12,122,705,2,417,2417,1,37230710.00,37230710.00,37230710.00,0,REMUNERAÇÃO DE PESSOAL ATIVO E ENCARGOS SOCIAIS,APOIO ÀS POLÍTICAS PÚBLICAS
2025,1260,SECRETARIA DE ESTADO DE EDUCAÇÃO - SEE,3,0,2311,UNIVERSIDADE ESTADUAL DE MONTES CLAROS - UNIMONTES,3,3,90,49,10,7,11111,12,122,705,2,417,2417,1,3277080.00,3277080.00,3277080.00,0,REMUNERAÇÃO DE PESSOAL ATIVO E ENCARGOS SOCIAIS,APOIO ÀS POLÍTICAS PÚBLICAS
2025,1260,SECRETARIA DE ESTADO DE EDUCAÇÃO - SEE,3,0,2311,UNIVERSIDADE ESTADUAL DE MONTES CLAROS - UNIMONTES,3,3,90,30,60,1,11020,12,364,7,4,550,4550,1,3284749.00,3284749.00,3284749.00,0,FORNECIMENTO DE REFEIÇÕES NA UNIVERSIDADE,EDUCAÇÃO SUPERIOR
2025,1260,SECRETARIA DE ESTADO DE EDUCAÇÃO - SEE,3,0,2311,UNIVERSIDADE ESTADUAL DE MONTES CLAROS - UNIMONTES,3,3,90,39,60,1,11020,12,364,7,4,550,4550,1,6608500.00,6608500.00,6608500.00,0,FORNECIMENTO DE REFEIÇÕES NA UNIVERSIDADE,EDUCAÇÃO SUPERIOR
2025,1260,SECRETARIA DE ESTADO DE EDUCAÇÃO - SEE,3,0,2311,UNIVERSIDADE ESTADUAL DE MONTES CLAROS - UNIMONTES,3,1,90,91,60,9,2485,28,846,705,7,4,7004,1,1560220.00,1560220.00,1560220.00,0,PRECATÓRIOS E SENTENÇAS JUDICIÁRIAS,APOIO ÀS POLÍTICAS PÚBLICAS
2025,1260,SECRETARIA DE ESTADO DE EDUCAÇÃO - SEE,3,0,2311,UNIVERSIDADE ESTADUAL DE MONTES CLAROS - UNIMONTES,3,3,90,91,60,9,2485,28,846,705,7,4,7004,1,1040146.00,1040146.00,1040146.00,0,PRECATÓRIOS E SENTENÇAS JUDICIÁRIAS,APOIO ÀS POLÍTICAS PÚBLICAS
2025,1270,SECRETARIA DE ESTADO DE CULTURA E TURISMO - SECULT,3,0,2201,INSTITUTO ESTADUAL DO PATRIMÔNIO HISTÓRICO E ARTÍSTICO DE MINAS GERAIS - IEPHA,3,3,90,14,60,1,9270,4,122,705,2,500,2500,1,10680.00,10680.00,10680.00,0,ASSESSORAMENTO E GERENCIAMENTO DE POLÍTICAS PÚBLICAS,APOIO ÀS POLÍTICAS PÚBLICAS
2025,1270,SECRETARIA DE ESTADO DE CULTURA E TURISMO - SECULT,3,0,2201,INSTITUTO ESTADUAL DO PATRIMÔNIO HISTÓRICO E ARTÍSTICO DE MINAS GERAIS - IEPHA,3,3,90,39,9,1,9270,4,122,705,2,500,2500,1,180536.00,180536.00,180536.00,0,ASSESSORAMENTO E GERENCIAMENTO DE POLÍTICAS PÚBLICAS,APOIO ÀS POLÍTICAS PÚBLICAS
2025,1270,SECRETARIA DE ESTADO DE CULTURA E TURISMO - SECULT,3,0,2201,INSTITUTO ESTADUAL DO PATRIMÔNIO HISTÓRICO E ARTÍSTICO DE MINAS GERAIS - IEPHA,4,4,90,40,9,1,9270,4,122,705,2,500,2500,1,980000.00,980000.00,980000.00,0,ASSESSORAMENTO E GERENCIAMENTO DE POLÍTICAS PÚBLICAS,APOIO ÀS POLÍTICAS PÚBLICAS
2025,1270,SECRETARIA DE ESTADO DE CULTURA E TURISMO - SECULT,3,0,2201,INSTITUTO ESTADUAL DO PATRIMÔNIO HISTÓRICO E ARTÍSTICO DE MINAS GERAIS - IEPHA,3,3,90,39,1,1,10571,13,391,106,4,278,4278,1,473331.00,473331.00,473331.00,0,PROTEÇÃO DO PATRIMÔNIO CULTURAL,PROTEÇÃO E SALVAGUARDA DE ACERVOS E BENS CULTURAIS
2025,1270,SECRETARIA DE ESTADO DE CULTURA E TURISMO - SECULT,3,0,2201,INSTITUTO ESTADUAL DO PATRIMÔNIO HISTÓRICO E ARTÍSTICO DE MINAS GERAIS - IEPHA,3,3,90,39,24,1,10571,13,391,106,4,278,4278,1,343000.00,343000.00,343000.00,0,PROTEÇÃO DO PATRIMÔNIO CULTURAL,PROTEÇÃO E SALVAGUARDA DE ACERVOS E BENS CULTURAIS
2025,1270,SECRETARIA DE ESTADO DE CULTURA E TURISMO - SECULT,3,0,2201,INSTITUTO ESTADUAL DO PATRIMÔNIO HISTÓRICO E ARTÍSTICO DE MINAS GERAIS - IEPHA,3,3,90,39,1,1,10572,13,391,106,4,279,4279,1,87800.00,87800.00,87800.00,0,CONSERVAÇÃO E RESTAURAÇÃO DO PATRIMÔNIO CULTURAL PROTEGIDO,PROTEÇÃO E SALVAGUARDA DE ACERVOS E BENS CULTURAIS
2025,1270,SECRETARIA DE ESTADO DE CULTURA E TURISMO - SECULT,3,0,2201,INSTITUTO ESTADUAL DO PATRIMÔNIO HISTÓRICO E ARTÍSTICO DE MINAS GERAIS - IEPHA,3,3,90,39,24,1,10572,13,391,106,4,279,4279,1,2000.00,2000.00,2000.00,0,CONSERVAÇÃO E RESTAURAÇÃO DO PATRIMÔNIO CULTURAL PROTEGIDO,PROTEÇÃO E SALVAGUARDA DE ACERVOS E BENS CULTURAIS
2025,1270,SECRETARIA DE ESTADO DE CULTURA E TURISMO - SECULT,3,0,2201,INSTITUTO ESTADUAL DO PATRIMÔNIO HISTÓRICO E ARTÍSTICO DE MINAS GERAIS - IEPHA,3,3,90,39,45,1,10572,13,391,106,4,279,4279,1,1057792.00,1057792.00,1057792.00,0,CONSERVAÇÃO E RESTAURAÇÃO DO PATRIMÔNIO CULTURAL PROTEGIDO,PROTEÇÃO E SALVAGUARDA DE ACERVOS E BENS CULTURAIS
2025,1270,SECRETARIA DE ESTADO DE CULTURA E TURISMO - SECULT,3,0,2201,INSTITUTO ESTADUAL DO PATRIMÔNIO HISTÓRICO E ARTÍSTICO DE MINAS GERAIS - IEPHA,4,4,90,39,1,1,10572,13,391,106,4,279,4279,1,250000.00,250000.00,250000.00,0,CONSERVAÇÃO E RESTAURAÇÃO DO PATRIMÔNIO CULTURAL PROTEGIDO,PROTEÇÃO E SALVAGUARDA DE ACERVOS E BENS CULTURAIS
2025,1270,SECRETARIA DE ESTADO DE CULTURA E TURISMO - SECULT,3,0,2201,INSTITUTO ESTADUAL DO PATRIMÔNIO HISTÓRICO E ARTÍSTICO DE MINAS GERAIS - IEPHA,4,4,90,39,24,1,10572,13,391,106,4,279,4279,1,650000.00,650000.00,650000.00,0,CONSERVAÇÃO E RESTAURAÇÃO DO PATRIMÔNIO CULTURAL PROTEGIDO,PROTEÇÃO E SALVAGUARDA DE ACERVOS E BENS CULTURAIS
2025,1270,SECRETARIA DE ESTADO DE CULTURA E TURISMO - SECULT,3,0,2201,INSTITUTO ESTADUAL DO PATRIMÔNIO HISTÓRICO E ARTÍSTICO DE MINAS GERAIS - IEPHA,3,1,90,91,10,9,2538,28,846,705,7,4,7004,1,382495.00,382495.00,382495.00,0,PRECATÓRIOS E SENTENÇAS JUDICIÁRIAS,APOIO ÀS POLÍTICAS PÚBLICAS
2025,1270,SECRETARIA DE ESTADO DE CULTURA E TURISMO - SECULT,3,0,2201,INSTITUTO ESTADUAL DO PATRIMÔNIO HISTÓRICO E ARTÍSTICO DE MINAS GERAIS - IEPHA,3,3,90,91,10,9,2538,28,846,705,7,4,7004,1,55571.00,55571.00,55571.00,0,PRECATÓRIOS E SENTENÇAS JUDICIÁRIAS,APOIO ÀS POLÍTICAS PÚBLICAS
2025,1320,SECRETARIA DE ESTADO DE SAÚDE - SES,3,0,2261,FUNDAÇÃO EZEQUIEL DIAS - FUNED,3,3,90,8,10,1,9813,10,122,705,2,500,2500,1,168888.00,168888.00,168888.00,0,ASSESSORAMENTO E GERENCIAMENTO DE POLÍTICAS PÚBLICAS,APOIO ÀS POLÍTICAS PÚBLICAS
2025,1320,SECRETARIA DE ESTADO DE SAÚDE - SES,3,0,2261,FUNDAÇÃO EZEQUIEL DIAS - FUNED,3,3,90,14,10,1,9813,10,122,705,2,500,2500,1,72000.00,72000.00,72000.00,0,ASSESSORAMENTO E GERENCIAMENTO DE POLÍTICAS PÚBLICAS,APOIO ÀS POLÍTICAS PÚBLICAS
2025,1320,SECRETARIA DE ESTADO DE SAÚDE - SES,3,0,2261,FUNDAÇÃO EZEQUIEL DIAS - FUNED,3,3,90,30,10,1,9813,10,122,705,2,500,2500,1,197908.00,197908.00,197908.00,0,ASSESSORAMENTO E GERENCIAMENTO DE POLÍTICAS PÚBLICAS,APOIO ÀS POLÍTICAS PÚBLICAS
2025,1320,SECRETARIA DE ESTADO DE SAÚDE - SES,3,0,2261,FUNDAÇÃO EZEQUIEL DIAS - FUNED,3,3,90,33,10,1,9813,10,122,705,2,500,2500,1,206550.00,206550.00,206550.00,0,ASSESSORAMENTO E GERENCIAMENTO DE POLÍTICAS PÚBLICAS,APOIO ÀS POLÍTICAS PÚBLICAS
2025,1320,SECRETARIA DE ESTADO DE SAÚDE - SES,3,0,2261,FUNDAÇÃO EZEQUIEL DIAS - FUNED,3,3,90,36,10,1,9813,10,122,705,2,500,2500,1,380725.00,380725.00,380725.00,0,ASSESSORAMENTO E GERENCIAMENTO DE POLÍTICAS PÚBLICAS,APOIO ÀS POLÍTICAS PÚBLICAS
2025,1320,SECRETARIA DE ESTADO DE SAÚDE - SES,3,0,2261,FUNDAÇÃO EZEQUIEL DIAS - FUNED,3,3,90,37,10,1,9813,10,122,705,2,500,2500,1,2835683.00,2835683.00,2835683.00,0,ASSESSORAMENTO E GERENCIAMENTO DE POLÍTICAS PÚBLICAS,APOIO ÀS POLÍTICAS PÚBLICAS
2025,1320,SECRETARIA DE ESTADO DE SAÚDE - SES,3,0,2261,FUNDAÇÃO EZEQUIEL DIAS - FUNED,3,3,90,39,10,1,9813,10,122,705,2,500,2500,1,2544915.00,2544915.00,2544915.00,0,ASSESSORAMENTO E GERENCIAMENTO DE POLÍTICAS PÚBLICAS,APOIO ÀS POLÍTICAS PÚBLICAS
2025,1320,SECRETARIA DE ESTADO DE SAÚDE - SES,3,0,2261,FUNDAÇÃO EZEQUIEL DIAS - FUNED,3,3,90,40,10,1,9813,10,122,705,2,500,2500,1,1333296.00,1333296.00,1333296.00,0,ASSESSORAMENTO E GERENCIAMENTO DE POLÍTICAS PÚBLICAS,APOIO ÀS POLÍTICAS PÚBLICAS
2025,1320,SECRETARIA DE ESTADO DE SAÚDE - SES,3,0,2261,FUNDAÇÃO EZEQUIEL DIAS - FUNED,3,3,90,47,10,1,9813,10,122,705,2,500,2500,1,265538.00,265538.00,265538.00,0,ASSESSORAMENTO E GERENCIAMENTO DE POLÍTICAS PÚBLICAS,APOIO ÀS POLÍTICAS PÚBLICAS
2025,1320,SECRETARIA DE ESTADO DE SAÚDE - SES,3,0,2261,FUNDAÇÃO EZEQUIEL DIAS - FUNED,3,3,90,49,10,1,9813,10,122,705,2,500,2500,1,25920.00,25920.00,25920.00,0,ASSESSORAMENTO E GERENCIAMENTO DE POLÍTICAS PÚBLICAS,APOIO ÀS POLÍTICAS PÚBLICAS
2025,1320,SECRETARIA DE ESTADO DE SAÚDE - SES,3,0,2261,FUNDAÇÃO EZEQUIEL DIAS - FUNED,4,4,90,40,10,1,9813,10,122,705,2,500,2500,1,697359.00,697359.00,697359.00,0,ASSESSORAMENTO E GERENCIAMENTO DE POLÍTICAS PÚBLICAS,APOIO ÀS POLÍTICAS PÚBLICAS
2025,1320,SECRETARIA DE ESTADO DE SAÚDE - SES,3,0,2261,FUNDAÇÃO EZEQUIEL DIAS - FUNED,4,4,90,51,10,1,9813,10,122,705,2,500,2500,1,20650000.00,20650000.00,20650000.00,0,ASSESSORAMENTO E GERENCIAMENTO DE POLÍTICAS PÚBLICAS,APOIO ÀS POLÍTICAS PÚBLICAS
2025,1320,SECRETARIA DE ESTADO DE SAÚDE - SES,3,0,2261,FUNDAÇÃO EZEQUIEL DIAS - FUNED,4,4,90,52,10,1,9813,10,122,705,2,500,2500,1,1111816.00,1111816.00,1111816.00,0,ASSESSORAMENTO E GERENCIAMENTO DE POLÍTICAS PÚBLICAS,APOIO ÀS POLÍTICAS PÚBLICAS
2025,1320,SECRETARIA DE ESTADO DE SAÚDE - SES,3,0,2261,FUNDAÇÃO EZEQUIEL DIAS - FUNED,3,3,90,8,10,1,10816,10,303,154,4,459,4459,1,105555.00,105555.00,105555.00,0,"PRODUÇÃO DE VACINA, SOROS E OUTROS PRODUTOS BIOLÓGICOS",DESENVOLVIMENTO E PRODUÇÃO DE MEDICAMENTOS PARA O SISTEMA ÚNICO DE SAÚDE (SUS)
2025,1320,SECRETARIA DE ESTADO DE SAÚDE - SES,3,0,2261,FUNDAÇÃO EZEQUIEL DIAS - FUNED,3,3,90,14,10,1,10816,10,303,154,4,459,4459,1,72000.00,72000.00,72000.00,0,"PRODUÇÃO DE VACINA, SOROS E OUTROS PRODUTOS BIOLÓGICOS",DESENVOLVIMENTO E PRODUÇÃO DE MEDICAMENTOS PARA O SISTEMA ÚNICO DE SAÚDE (SUS)
2025,1320,SECRETARIA DE ESTADO DE SAÚDE - SES,3,0,2261,FUNDAÇÃO EZEQUIEL DIAS - FUNED,3,3,90,30,10,1,10816,10,303,154,4,459,4459,1,28850219.00,28850219.00,28850219.00,0,"PRODUÇÃO DE VACINA, SOROS E OUTROS PRODUTOS BIOLÓGICOS",DESENVOLVIMENTO E PRODUÇÃO DE MEDICAMENTOS PARA O SISTEMA ÚNICO DE SAÚDE (SUS)
2025,1320,SECRETARIA DE ESTADO DE SAÚDE - SES,3,0,2261,FUNDAÇÃO EZEQUIEL DIAS - FUNED,3,3,90,33,10,1,10816,10,303,154,4,459,4459,1,191250.00,191250.00,191250.00,0,"PRODUÇÃO DE VACINA, SOROS E OUTROS PRODUTOS BIOLÓGICOS",DESENVOLVIMENTO E PRODUÇÃO DE MEDICAMENTOS PARA O SISTEMA ÚNICO DE SAÚDE (SUS)
2025,1320,SECRETARIA DE ESTADO DE SAÚDE - SES,3,0,2261,FUNDAÇÃO EZEQUIEL DIAS - FUNED,3,3,90,35,10,1,10816,10,303,154,4,459,4459,1,80000.00,80000.00,80000.00,0,"PRODUÇÃO DE VACINA, SOROS E OUTROS PRODUTOS BIOLÓGICOS",DESENVOLVIMENTO E PRODUÇÃO DE MEDICAMENTOS PARA O SISTEMA ÚNICO DE SAÚDE (SUS)
2025,1320,SECRETARIA DE ESTADO DE SAÚDE - SES,3,0,2261,FUNDAÇÃO EZEQUIEL DIAS - FUNED,3,3,90,36,10,1,10816,10,303,154,4,459,4459,1,661692.00,661692.00,661692.00,0,"PRODUÇÃO DE VACINA, SOROS E OUTROS PRODUTOS BIOLÓGICOS",DESENVOLVIMENTO E PRODUÇÃO DE MEDICAMENTOS PARA O SISTEMA ÚNICO DE SAÚDE (SUS)
2025,1320,SECRETARIA DE ESTADO DE SAÚDE - SES,3,0,2261,FUNDAÇÃO EZEQUIEL DIAS - FUNED,3,3,90,37,10,1,10816,10,303,154,4,459,4459,1,2310448.00,2310448.00,2310448.00,0,"PRODUÇÃO DE VACINA, SOROS E OUTROS PRODUTOS BIOLÓGICOS",DESENVOLVIMENTO E PRODUÇÃO DE MEDICAMENTOS PARA O SISTEMA ÚNICO DE SAÚDE (SUS)
2025,1320,SECRETARIA DE ESTADO DE SAÚDE - SES,3,0,2261,FUNDAÇÃO EZEQUIEL DIAS - FUNED,3,3,90,39,10,1,10816,10,303,154,4,459,4459,1,465934478.00,465934478.00,465934478.00,0,"PRODUÇÃO DE VACINA, SOROS E OUTROS PRODUTOS BIOLÓGICOS",DESENVOLVIMENTO E PRODUÇÃO DE MEDICAMENTOS PARA O SISTEMA ÚNICO DE SAÚDE (SUS)
2025,1320,SECRETARIA DE ESTADO DE SAÚDE - SES,3,0,2261,FUNDAÇÃO EZEQUIEL DIAS - FUNED,3,3,90,40,10,1,10816,10,303,154,4,459,4459,1,1051906.00,1051906.00,1051906.00,0,"PRODUÇÃO DE VACINA, SOROS E OUTROS PRODUTOS BIOLÓGICOS",DESENVOLVIMENTO E PRODUÇÃO DE MEDICAMENTOS PARA O SISTEMA ÚNICO DE SAÚDE (SUS)
2025,1320,SECRETARIA DE ESTADO DE SAÚDE - SES,3,0,2261,FUNDAÇÃO EZEQUIEL DIAS - FUNED,3,3,90,47,10,1,10816,10,303,154,4,459,4459,1,120000.00,120000.00,120000.00,0,"PRODUÇÃO DE VACINA, SOROS E OUTROS PRODUTOS BIOLÓGICOS",DESENVOLVIMENTO E PRODUÇÃO DE MEDICAMENTOS PARA O SISTEMA ÚNICO DE SAÚDE (SUS)
2025,1320,SECRETARIA DE ESTADO DE SAÚDE - SES,3,0,2261,FUNDAÇÃO EZEQUIEL DIAS - FUNED,3,3,90,49,10,1,10816,10,303,154,4,459,4459,1,10800.00,10800.00,10800.00,0,"PRODUÇÃO DE VACINA, SOROS E OUTROS PRODUTOS BIOLÓGICOS",DESENVOLVIMENTO E PRODUÇÃO DE MEDICAMENTOS PARA O SISTEMA ÚNICO DE SAÚDE (SUS)
2025,1320,SECRETARIA DE ESTADO DE SAÚDE - SES,3,0,2261,FUNDAÇÃO EZEQUIEL DIAS - FUNED,4,4,90,40,10,1,10816,10,303,154,4,459,4459,1,1515000.00,1515000.00,1515000.00,0,"PRODUÇÃO DE VACINA, SOROS E OUTROS PRODUTOS BIOLÓGICOS",DESENVOLVIMENTO E PRODUÇÃO DE MEDICAMENTOS PARA O SISTEMA ÚNICO DE SAÚDE (SUS)
2025,1320,SECRETARIA DE ESTADO DE SAÚDE - SES,3,0,2261,FUNDAÇÃO EZEQUIEL DIAS - FUNED,4,4,90,51,10,1,10816,10,303,154,4,459,4459,1,2875000.00,2875000.00,2875000.00,0,"PRODUÇÃO DE VACINA, SOROS E OUTROS PRODUTOS BIOLÓGICOS",DESENVOLVIMENTO E PRODUÇÃO DE MEDICAMENTOS PARA O SISTEMA ÚNICO DE SAÚDE (SUS)
2025,1320,SECRETARIA DE ESTADO DE SAÚDE - SES,3,0,2261,FUNDAÇÃO EZEQUIEL DIAS - FUNED,4,4,90,52,10,1,10816,10,303,154,4,459,4459,1,1337100.00,1337100.00,1337100.00,0,"PRODUÇÃO DE VACINA, SOROS E OUTROS PRODUTOS BIOLÓGICOS",DESENVOLVIMENTO E PRODUÇÃO DE MEDICAMENTOS PARA O SISTEMA ÚNICO DE SAÚDE (SUS)
2025,1320,SECRETARIA DE ESTADO DE SAÚDE - SES,3,0,2261,FUNDAÇÃO EZEQUIEL DIAS - FUNED,3,3,90,8,10,1,10817,10,303,154,4,460,4460,1,46444.00,46444.00,46444.00,0,PRODUÇÃO DE MEDICAMENTOS SINTÉTICOS,DESENVOLVIMENTO E PRODUÇÃO DE MEDICAMENTOS PARA O SISTEMA ÚNICO DE SAÚDE (SUS)
2025,1320,SECRETARIA DE ESTADO DE SAÚDE - SES,3,0,2261,FUNDAÇÃO EZEQUIEL DIAS - FUNED,3,3,90,14,10,1,10817,10,303,154,4,460,4460,1,48000.00,48000.00,48000.00,0,PRODUÇÃO DE MEDICAMENTOS SINTÉTICOS,DESENVOLVIMENTO E PRODUÇÃO DE MEDICAMENTOS PARA O SISTEMA ÚNICO DE SAÚDE (SUS)
2025,1320,SECRETARIA DE ESTADO DE SAÚDE - SES,3,0,2261,FUNDAÇÃO EZEQUIEL DIAS - FUNED,3,3,90,30,10,1,10817,10,303,154,4,460,4460,1,25576079.00,25576079.00,25576079.00,0,PRODUÇÃO DE MEDICAMENTOS SINTÉTICOS,DESENVOLVIMENTO E PRODUÇÃO DE MEDICAMENTOS PARA O SISTEMA ÚNICO DE SAÚDE (SUS)
2025,1320,SECRETARIA DE ESTADO DE SAÚDE - SES,3,0,2261,FUNDAÇÃO EZEQUIEL DIAS - FUNED,3,3,90,33,10,1,10817,10,303,154,4,460,4460,1,41500.00,41500.00,41500.00,0,PRODUÇÃO DE MEDICAMENTOS SINTÉTICOS,DESENVOLVIMENTO E PRODUÇÃO DE MEDICAMENTOS PARA O SISTEMA ÚNICO DE SAÚDE (SUS)
2025,1320,SECRETARIA DE ESTADO DE SAÚDE - SES,3,0,2261,FUNDAÇÃO EZEQUIEL DIAS - FUNED,3,3,90,35,10,1,10817,10,303,154,4,460,4460,1,25500.00,25500.00,25500.00,0,PRODUÇÃO DE MEDICAMENTOS SINTÉTICOS,DESENVOLVIMENTO E PRODUÇÃO DE MEDICAMENTOS PARA O SISTEMA ÚNICO DE SAÚDE (SUS)
2025,1320,SECRETARIA DE ESTADO DE SAÚDE - SES,3,0,2261,FUNDAÇÃO EZEQUIEL DIAS - FUNED,3,3,90,36,10,1,10817,10,303,154,4,460,4460,1,91758.00,91758.00,91758.00,0,PRODUÇÃO DE MEDICAMENTOS SINTÉTICOS,DESENVOLVIMENTO E PRODUÇÃO DE MEDICAMENTOS PARA O SISTEMA ÚNICO DE SAÚDE (SUS)
2025,1320,SECRETARIA DE ESTADO DE SAÚDE - SES,3,0,2261,FUNDAÇÃO EZEQUIEL DIAS - FUNED,3,3,90,37,10,1,10817,10,303,154,4,460,4460,1,2132985.00,2132985.00,2132985.00,0,PRODUÇÃO DE MEDICAMENTOS SINTÉTICOS,DESENVOLVIMENTO E PRODUÇÃO DE MEDICAMENTOS PARA O SISTEMA ÚNICO DE SAÚDE (SUS)
2025,1320,SECRETARIA DE ESTADO DE SAÚDE - SES,3,0,2261,FUNDAÇÃO EZEQUIEL DIAS - FUNED,3,3,90,39,10,1,10817,10,303,154,4,460,4460,1,10264391.00,10264391.00,10264391.00,0,PRODUÇÃO DE MEDICAMENTOS SINTÉTICOS,DESENVOLVIMENTO E PRODUÇÃO DE MEDICAMENTOS PARA O SISTEMA ÚNICO DE SAÚDE (SUS)
2025,1320,SECRETARIA DE ESTADO DE SAÚDE - SES,3,0,2261,FUNDAÇÃO EZEQUIEL DIAS - FUNED,3,3,90,40,10,1,10817,10,303,154,4,460,4460,1,111227.00,111227.00,111227.00,0,PRODUÇÃO DE MEDICAMENTOS SINTÉTICOS,DESENVOLVIMENTO E PRODUÇÃO DE MEDICAMENTOS PARA O SISTEMA ÚNICO DE SAÚDE (SUS)
2025,1320,SECRETARIA DE ESTADO DE SAÚDE - SES,3,0,2261,FUNDAÇÃO EZEQUIEL DIAS - FUNED,4,4,90,40,10,1,10817,10,303,154,4,460,4460,1,1041000.00,1041000.00,1041000.00,0,PRODUÇÃO DE MEDICAMENTOS SINTÉTICOS,DESENVOLVIMENTO E PRODUÇÃO DE MEDICAMENTOS PARA O SISTEMA ÚNICO DE SAÚDE (SUS)
2025,1320,SECRETARIA DE ESTADO DE SAÚDE - SES,3,0,2261,FUNDAÇÃO EZEQUIEL DIAS - FUNED,4,4,90,51,10,1,10817,10,303,154,4,460,4460,1,17875000.00,17875000.00,17875000.00,0,PRODUÇÃO DE MEDICAMENTOS SINTÉTICOS,DESENVOLVIMENTO E PRODUÇÃO DE MEDICAMENTOS PARA O SISTEMA ÚNICO DE SAÚDE (SUS)
2025,1320,SECRETARIA DE ESTADO DE SAÚDE - SES,3,0,2261,FUNDAÇÃO EZEQUIEL DIAS - FUNED,4,4,90,52,10,1,10817,10,303,154,4,460,4460,1,299400.00,299400.00,299400.00,0,PRODUÇÃO DE MEDICAMENTOS SINTÉTICOS,DESENVOLVIMENTO E PRODUÇÃO DE MEDICAMENTOS PARA O SISTEMA ÚNICO DE SAÚDE (SUS)
2025,1320,SECRETARIA DE ESTADO DE SAÚDE - SES,3,0,2261,FUNDAÇÃO EZEQUIEL DIAS - FUNED,3,3,90,8,10,1,10812,10,571,150,4,455,4455,1,12667.00,12667.00,12667.00,0,POPULARIZAÇÃO DA CIÊNCIA,UNIVERSALIZAÇÃO DO ACESSO AO CONHECIMENTO CIENTÍFICO E TECNOLÓGICO
2025,1320,SECRETARIA DE ESTADO DE SAÚDE - SES,3,0,2261,FUNDAÇÃO EZEQUIEL DIAS - FUNED,3,3,90,14,10,1,10812,10,571,150,4,455,4455,1,96000.00,96000.00,96000.00,0,POPULARIZAÇÃO DA CIÊNCIA,UNIVERSALIZAÇÃO DO ACESSO AO CONHECIMENTO CIENTÍFICO E TECNOLÓGICO
2025,1320,SECRETARIA DE ESTADO DE SAÚDE - SES,3,0,2261,FUNDAÇÃO EZEQUIEL DIAS - FUNED,3,3,90,30,10,1,10812,10,571,150,4,455,4455,1,50492.00,50492.00,50492.00,0,POPULARIZAÇÃO DA CIÊNCIA,UNIVERSALIZAÇÃO DO ACESSO AO CONHECIMENTO CIENTÍFICO E TECNOLÓGICO
2025,1320,SECRETARIA DE ESTADO DE SAÚDE - SES,3,0,2261,FUNDAÇÃO EZEQUIEL DIAS - FUNED,3,3,90,33,10,1,10812,10,571,150,4,455,4455,1,10150.00,10150.00,10150.00,0,POPULARIZAÇÃO DA CIÊNCIA,UNIVERSALIZAÇÃO DO ACESSO AO CONHECIMENTO CIENTÍFICO E TECNOLÓGICO
2025,1320,SECRETARIA DE ESTADO DE SAÚDE - SES,3,0,2261,FUNDAÇÃO EZEQUIEL DIAS - FUNED,3,3,90,36,10,1,10812,10,571,150,4,455,4455,1,15493.00,15493.00,15493.00,0,POPULARIZAÇÃO DA CIÊNCIA,UNIVERSALIZAÇÃO DO ACESSO AO CONHECIMENTO CIENTÍFICO E TECNOLÓGICO
2025,1320,SECRETARIA DE ESTADO DE SAÚDE - SES,3,0,2261,FUNDAÇÃO EZEQUIEL DIAS - FUNED,3,3,90,37,10,1,10812,10,571,150,4,455,4455,1,672873.00,672873.00,672873.00,0,POPULARIZAÇÃO DA CIÊNCIA,UNIVERSALIZAÇÃO DO ACESSO AO CONHECIMENTO CIENTÍFICO E TECNOLÓGICO
2025,1320,SECRETARIA DE ESTADO DE SAÚDE - SES,3,0,2261,FUNDAÇÃO EZEQUIEL DIAS - FUNED,3,3,90,39,10,1,10812,10,571,150,4,455,4455,1,750049.00,750049.00,750049.00,0,POPULARIZAÇÃO DA CIÊNCIA,UNIVERSALIZAÇÃO DO ACESSO AO CONHECIMENTO CIENTÍFICO E TECNOLÓGICO
2025,1320,SECRETARIA DE ESTADO DE SAÚDE - SES,3,0,2261,FUNDAÇÃO EZEQUIEL DIAS - FUNED,3,3,90,40,10,1,10812,10,571,150,4,455,4455,1,52107.00,52107.00,52107.00,0,POPULARIZAÇÃO DA CIÊNCIA,UNIVERSALIZAÇÃO DO ACESSO AO CONHECIMENTO CIENTÍFICO E TECNOLÓGICO
2025,1320,SECRETARIA DE ESTADO DE SAÚDE - SES,3,0,2261,FUNDAÇÃO EZEQUIEL DIAS - FUNED,3,3,90,47,10,1,10812,10,571,150,4,455,4455,1,23897.00,23897.00,23897.00,0,POPULARIZAÇÃO DA CIÊNCIA,UNIVERSALIZAÇÃO DO ACESSO AO CONHECIMENTO CIENTÍFICO E TECNOLÓGICO
2025,1320,SECRETARIA DE ESTADO DE SAÚDE - SES,3,0,2261,FUNDAÇÃO EZEQUIEL DIAS - FUNED,3,3,90,49,10,1,10812,10,571,150,4,455,4455,1,180.00,180.00,180.00,0,POPULARIZAÇÃO DA CIÊNCIA,UNIVERSALIZAÇÃO DO ACESSO AO CONHECIMENTO CIENTÍFICO E TECNOLÓGICO
2025,1320,SECRETARIA DE ESTADO DE SAÚDE - SES,3,0,2261,FUNDAÇÃO EZEQUIEL DIAS - FUNED,4,4,90,40,10,1,10812,10,571,150,4,455,4455,1,473000.00,473000.00,473000.00,0,POPULARIZAÇÃO DA CIÊNCIA,UNIVERSALIZAÇÃO DO ACESSO AO CONHECIMENTO CIENTÍFICO E TECNOLÓGICO
2025,1320,SECRETARIA DE ESTADO DE SAÚDE - SES,3,0,2261,FUNDAÇÃO EZEQUIEL DIAS - FUNED,4,4,90,52,10,1,10812,10,571,150,4,455,4455,1,500000.00,500000.00,500000.00,0,POPULARIZAÇÃO DA CIÊNCIA,UNIVERSALIZAÇÃO DO ACESSO AO CONHECIMENTO CIENTÍFICO E TECNOLÓGICO
2025,1320,SECRETARIA DE ESTADO DE SAÚDE - SES,3,0,2261,FUNDAÇÃO EZEQUIEL DIAS - FUNED,3,3,90,8,10,1,10813,10,571,152,4,456,4456,1,46444.00,46444.00,46444.00,0,PESQUISA E DESENVOLVIMENTO,INOVAÇÃO CIENTÍFICA E TECNOLÓGICA
2025,1320,SECRETARIA DE ESTADO DE SAÚDE - SES,3,0,2261,FUNDAÇÃO EZEQUIEL DIAS - FUNED,3,3,90,14,10,1,10813,10,571,152,4,456,4456,1,28200.00,28200.00,28200.00,0,PESQUISA E DESENVOLVIMENTO,INOVAÇÃO CIENTÍFICA E TECNOLÓGICA
2025,1320,SECRETARIA DE ESTADO DE SAÚDE - SES,3,0,2261,FUNDAÇÃO EZEQUIEL DIAS - FUNED,3,3,90,30,10,1,10813,10,571,152,4,456,4456,1,1063795.00,1063795.00,1063795.00,0,PESQUISA E DESENVOLVIMENTO,INOVAÇÃO CIENTÍFICA E TECNOLÓGICA
2025,1320,SECRETARIA DE ESTADO DE SAÚDE - SES,3,0,2261,FUNDAÇÃO EZEQUIEL DIAS - FUNED,3,3,90,33,10,1,10813,10,571,152,4,456,4456,1,43900.00,43900.00,43900.00,0,PESQUISA E DESENVOLVIMENTO,INOVAÇÃO CIENTÍFICA E TECNOLÓGICA
2025,1320,SECRETARIA DE ESTADO DE SAÚDE - SES,3,0,2261,FUNDAÇÃO EZEQUIEL DIAS - FUNED,3,3,90,36,10,1,10813,10,571,152,4,456,4456,1,295060.00,295060.00,295060.00,0,PESQUISA E DESENVOLVIMENTO,INOVAÇÃO CIENTÍFICA E TECNOLÓGICA
2025,1320,SECRETARIA DE ESTADO DE SAÚDE - SES,3,0,2261,FUNDAÇÃO EZEQUIEL DIAS - FUNED,3,3,90,37,10,1,10813,10,571,152,4,456,4456,1,809979.00,809979.00,809979.00,0,PESQUISA E DESENVOLVIMENTO,INOVAÇÃO CIENTÍFICA E TECNOLÓGICA
2025,1320,SECRETARIA DE ESTADO DE SAÚDE - SES,3,0,2261,FUNDAÇÃO EZEQUIEL DIAS - FUNED,3,3,90,39,10,1,10813,10,571,152,4,456,4456,1,6799463.00,6799463.00,6799463.00,0,PESQUISA E DESENVOLVIMENTO,INOVAÇÃO CIENTÍFICA E TECNOLÓGICA
2025,1320,SECRETARIA DE ESTADO DE SAÚDE - SES,3,0,2261,FUNDAÇÃO EZEQUIEL DIAS - FUNED,3,3,90,47,10,1,10813,10,571,152,4,456,4456,1,82434.00,82434.00,82434.00,0,PESQUISA E DESENVOLVIMENTO,INOVAÇÃO CIENTÍFICA E TECNOLÓGICA
2025,1320,SECRETARIA DE ESTADO DE SAÚDE - SES,3,0,2261,FUNDAÇÃO EZEQUIEL DIAS - FUNED,3,3,90,49,10,1,10813,10,571,152,4,456,4456,1,28080.00,28080.00,28080.00,0,PESQUISA E DESENVOLVIMENTO,INOVAÇÃO CIENTÍFICA E TECNOLÓGICA
2025,1320,SECRETARIA DE ESTADO DE SAÚDE - SES,3,0,2261,FUNDAÇÃO EZEQUIEL DIAS - FUNED,4,4,90,40,10,1,10813,10,571,152,4,456,4456,1,1985011.00,1985011.00,1985011.00,0,PESQUISA E DESENVOLVIMENTO,INOVAÇÃO CIENTÍFICA E TECNOLÓGICA
2025,1320,SECRETARIA DE ESTADO DE SAÚDE - SES,3,0,2261,FUNDAÇÃO EZEQUIEL DIAS - FUNED,4,4,90,51,10,1,10813,10,571,152,4,456,4456,1,5750000.00,5750000.00,5750000.00,0,PESQUISA E DESENVOLVIMENTO,INOVAÇÃO CIENTÍFICA E TECNOLÓGICA
2025,1320,SECRETARIA DE ESTADO DE SAÚDE - SES,3,0,2261,FUNDAÇÃO EZEQUIEL DIAS - FUNED,4,4,90,52,10,1,10813,10,571,152,4,456,4456,1,14802845.00,14802845.00,14802845.00,0,PESQUISA E DESENVOLVIMENTO,INOVAÇÃO CIENTÍFICA E TECNOLÓGICA
2025,1320,SECRETARIA DE ESTADO DE SAÚDE - SES,3,0,2321,FUNDAÇÃO CENTRO DE HEMATOLOGIA E HEMOTERAPIA DE MINAS GERAIS - HEMOMINAS,3,1,90,91,60,9,118,28,846,705,7,4,7004,1,1938171.00,1938171.00,1938171.00,0,PRECATÓRIOS E SENTENÇAS JUDICIÁRIAS,APOIO ÀS POLÍTICAS PÚBLICAS
2025,1370,SECRETARIA DE ESTADO DE MEIO AMBIENTE E DESENVOLVIMENTO SUSTENTÁVEL - SEMAD,3,0,2441,AGÊNCIA REGULADORA DE SERVIÇOS DE ABASTECIMENTO DE ÁGUA E DE ESGOTAMENTO SANITÁRIO DO ESTADO DE MINAS GERAIS - ARSAE -MG,3,1,90,91,59,9,5787,28,846,705,7,4,7004,1,32087.00,32087.00,32087.00,0,PRECATÓRIOS E SENTENÇAS JUDICIÁRIAS,APOIO ÀS POLÍTICAS PÚBLICAS
2025,1400,CORPO DE BOMBEIROS MILITAR DO ESTADO DE MINAS GERAIS - CBMMG,3,0,1401,CORPO DE BOMBEIROS MILITAR DO ESTADO DE MINAS GERAIS - CBMMG,3,3,90,8,10,7,10204,6,122,705,7,10,7010,1,1145875.00,1145875.00,1145875.00,0,BENEFÍCIOS ASSISTENCIAIS,APOIO ÀS POLÍTICAS PÚBLICAS
2025,1400,CORPO DE BOMBEIROS MILITAR DO ESTADO DE MINAS GERAIS - CBMMG,3,0,1401,CORPO DE BOMBEIROS MILITAR DO ESTADO DE MINAS GERAIS - CBMMG,3,1,90,1,10,1,2428,6,272,705,7,7,7007,1,674284860.00,674284860.00,674284860.00,0,PROVENTOS DE INATIVOS MILITARES,APOIO ÀS POLÍTICAS PÚBLICAS
2025,1400,CORPO DE BOMBEIROS MILITAR DO ESTADO DE MINAS GERAIS - CBMMG,3,0,1401,CORPO DE BOMBEIROS MILITAR DO ESTADO DE MINAS GERAIS - CBMMG,3,1,90,12,10,1,10364,10,302,52,2,21,2021,1,25974555.00,25974555.00,25974555.00,0,"ASSISTÊNCIA MÉDICA, ODONTOLÓGICA, PSICOLÓGICA E FISIOTERÁPICA AOS BOMBEIROS MILITARES E SEUS DEPENDENTES",PROMOÇÃO DE DEFESA CIVIL
2025,1400,CORPO DE BOMBEIROS MILITAR DO ESTADO DE MINAS GERAIS - CBMMG,3,0,1401,CORPO DE BOMBEIROS MILITAR DO ESTADO DE MINAS GERAIS - CBMMG,3,1,90,17,10,1,10364,10,302,52,2,21,2021,1,91125.00,91125.00,91125.00,0,"ASSISTÊNCIA MÉDICA, ODONTOLÓGICA, PSICOLÓGICA E FISIOTERÁPICA AOS BOMBEIROS MILITARES E SEUS DEPENDENTES",PROMOÇÃO DE DEFESA CIVIL
2025,1400,CORPO DE BOMBEIROS MILITAR DO ESTADO DE MINAS GERAIS - CBMMG,3,0,1401,CORPO DE BOMBEIROS MILITAR DO ESTADO DE MINAS GERAIS - CBMMG,3,3,90,19,10,7,10364,10,302,52,2,21,2021,1,1223301.00,1223301.00,1223301.00,0,"ASSISTÊNCIA MÉDICA, ODONTOLÓGICA, PSICOLÓGICA E FISIOTERÁPICA AOS BOMBEIROS MILITARES E SEUS DEPENDENTES",PROMOÇÃO DE DEFESA CIVIL
2025,1450,SECRETARIA DE ESTADO DE JUSTIÇA E SEGURANÇA PÚBLICA - SEJUSP,3,0,1451,SECRETARIA DE ESTADO DE JUSTIÇA E SEGURANÇA PÚBLICA - SEJUSP,3,1,90,11,57,2,9490,6,122,705,2,500,2500,1,6028.00,6028.00,6028.00,0,ASSESSORAMENTO E GERENCIAMENTO DE POLÍTICAS PÚBLICAS,APOIO ÀS POLÍTICAS PÚBLICAS
2025,1450,SECRETARIA DE ESTADO DE JUSTIÇA E SEGURANÇA PÚBLICA - SEJUSP,3,0,1451,SECRETARIA DE ESTADO DE JUSTIÇA E SEGURANÇA PÚBLICA - SEJUSP,4,4,90,52,2,1,10713,6,181,134,4,378,4378,1,1937547.00,1937547.00,1937547.00,1,OPERACIONALIZAÇÃO DA POLÍTICA DE INTEGRAÇÃO DA SEGURANÇA PÚBLICA DE MINAS GERAIS,GESTÃO INTEGRADA DE SEGURANÇA PÚBLICA
2025,1450,SECRETARIA DE ESTADO DE JUSTIÇA E SEGURANÇA PÚBLICA - SEJUSP,3,0,1451,SECRETARIA DE ESTADO DE JUSTIÇA E SEGURANÇA PÚBLICA - SEJUSP,3,1,90,11,57,2,10789,6,243,146,4,441,4441,1,5713.00,5713.00,5713.00,1,"ADEQUAÇÃO, MANUTENÇÃO E DESENVOLVIMENTO DO ATENDIMENTO SOCIOEDUCATIVO",PROMOÇÃO DA POLÍTICA SOCIOEDUCATIVA PARA ATENDIMENTO AOS ADOLESCENTES EM CONFLITO COM A LEI
2025,1450,SECRETARIA DE ESTADO DE JUSTIÇA E SEGURANÇA PÚBLICA - SEJUSP,3,0,1451,SECRETARIA DE ESTADO DE JUSTIÇA E SEGURANÇA PÚBLICA - SEJUSP,4,4,90,39,24,1,10789,6,243,146,4,441,4441,1,29500000.00,29500000.00,29500000.00,1,"ADEQUAÇÃO, MANUTENÇÃO E DESENVOLVIMENTO DO ATENDIMENTO SOCIOEDUCATIVO",PROMOÇÃO DA POLÍTICA SOCIOEDUCATIVA PARA ATENDIMENTO AOS ADOLESCENTES EM CONFLITO COM A LEI
2025,1450,SECRETARIA DE ESTADO DE JUSTIÇA E SEGURANÇA PÚBLICA - SEJUSP,3,0,1451,SECRETARIA DE ESTADO DE JUSTIÇA E SEGURANÇA PÚBLICA - SEJUSP,3,3,90,39,24,1,10715,6,363,134,4,379,4379,1,5565758.00,5565758.00,5565758.00,0,"RECRUTAMENTO, SELEÇÃO, FORMAÇÃO, CAPACITAÇÃO E TREINAMENTO DOS PROFISSIONAIS DO SISTEMA DE JUSTIÇA E SEGURANÇA PÚBLICA",GESTÃO INTEGRADA DE SEGURANÇA PÚBLICA
2025,1450,SECRETARIA DE ESTADO DE JUSTIÇA E SEGURANÇA PÚBLICA - SEJUSP,3,0,1451,SECRETARIA DE ESTADO DE JUSTIÇA E SEGURANÇA PÚBLICA - SEJUSP,3,3,50,39,24,1,10657,6,421,129,4,344,4344,1,1965063.00,1965063.00,1965063.00,0,PREVENÇÃO SOCIAL ÀS VIOLÊNCIAS E CRIMINALIDADES,PREVENÇÃO À CRIMINALIDADE
2025,1450,SECRETARIA DE ESTADO DE JUSTIÇA E SEGURANÇA PÚBLICA - SEJUSP,3,0,1451,SECRETARIA DE ESTADO DE JUSTIÇA E SEGURANÇA PÚBLICA - SEJUSP,4,4,90,52,1,1,10661,6,421,129,4,347,4347,1,401302.00,401302.00,401302.00,0,IMPLANTAÇÃO DE UNIDADES DE PREVENÇÃO À CRIMINALIDADE,PREVENÇÃO À CRIMINALIDADE
2025,1450,SECRETARIA DE ESTADO DE JUSTIÇA E SEGURANÇA PÚBLICA - SEJUSP,3,0,1451,SECRETARIA DE ESTADO DE JUSTIÇA E SEGURANÇA PÚBLICA - SEJUSP,3,3,90,39,2,1,10668,6,421,130,1,48,1048,1,2000.00,2000.00,2000.00,1,MODERNIZAÇÃO E EXPANSÃO DO SISTEMA PRISIONAL,INFRAESTRUTURA DO SISTEMA PRISIONAL
2025,1450,SECRETARIA DE ESTADO DE JUSTIÇA E SEGURANÇA PÚBLICA - SEJUSP,3,0,1451,SECRETARIA DE ESTADO DE JUSTIÇA E SEGURANÇA PÚBLICA - SEJUSP,3,3,90,39,24,1,10668,6,421,130,1,48,1048,1,505505.00,505505.00,505505.00,1,MODERNIZAÇÃO E EXPANSÃO DO SISTEMA PRISIONAL,INFRAESTRUTURA DO SISTEMA PRISIONAL
2025,1450,SECRETARIA DE ESTADO DE JUSTIÇA E SEGURANÇA PÚBLICA - SEJUSP,3,0,1451,SECRETARIA DE ESTADO DE JUSTIÇA E SEGURANÇA PÚBLICA - SEJUSP,4,4,90,52,1,1,10668,6,421,130,1,48,1048,1,1257661.00,1257661.00,1257661.00,1,MODERNIZAÇÃO E EXPANSÃO DO SISTEMA PRISIONAL,INFRAESTRUTURA DO SISTEMA PRISIONAL
2025,1450,SECRETARIA DE ESTADO DE JUSTIÇA E SEGURANÇA PÚBLICA - SEJUSP,3,0,1451,SECRETARIA DE ESTADO DE JUSTIÇA E SEGURANÇA PÚBLICA - SEJUSP,4,4,90,52,2,1,10668,6,421,130,1,48,1048,1,5410824.00,5410824.00,5410824.00,1,MODERNIZAÇÃO E EXPANSÃO DO SISTEMA PRISIONAL,INFRAESTRUTURA DO SISTEMA PRISIONAL
2025,1450,SECRETARIA DE ESTADO DE JUSTIÇA E SEGURANÇA PÚBLICA - SEJUSP,3,0,1451,SECRETARIA DE ESTADO DE JUSTIÇA E SEGURANÇA PÚBLICA - SEJUSP,4,4,90,52,24,1,10668,6,421,130,1,48,1048,1,44308048.00,44308048.00,44308048.00,1,MODERNIZAÇÃO E EXPANSÃO DO SISTEMA PRISIONAL,INFRAESTRUTURA DO SISTEMA PRISIONAL
2025,1450,SECRETARIA DE ESTADO DE JUSTIÇA E SEGURANÇA PÚBLICA - SEJUSP,3,0,1451,SECRETARIA DE ESTADO DE JUSTIÇA E SEGURANÇA PÚBLICA - SEJUSP,3,1,90,11,57,2,10662,6,421,130,4,348,4348,1,571835.00,571835.00,571835.00,0,CUSTÓDIA E RESSOCIALIZAÇÃO DE PRESOS,INFRAESTRUTURA DO SISTEMA PRISIONAL
2025,1450,SECRETARIA DE ESTADO DE JUSTIÇA E SEGURANÇA PÚBLICA - SEJUSP,3,0,1451,SECRETARIA DE ESTADO DE JUSTIÇA E SEGURANÇA PÚBLICA - SEJUSP,3,3,90,36,60,1,10662,6,421,130,4,348,4348,1,6030000.00,6030000.00,6030000.00,0,CUSTÓDIA E RESSOCIALIZAÇÃO DE PRESOS,INFRAESTRUTURA DO SISTEMA PRISIONAL
2025,1450,SECRETARIA DE ESTADO DE JUSTIÇA E SEGURANÇA PÚBLICA - SEJUSP,3,0,1451,SECRETARIA DE ESTADO DE JUSTIÇA E SEGURANÇA PÚBLICA - SEJUSP,3,3,90,36,61,1,10662,6,421,130,4,348,4348,1,98740.00,98740.00,98740.00,0,CUSTÓDIA E RESSOCIALIZAÇÃO DE PRESOS,INFRAESTRUTURA DO SISTEMA PRISIONAL
2025,1450,SECRETARIA DE ESTADO DE JUSTIÇA E SEGURANÇA PÚBLICA - SEJUSP,3,0,1451,SECRETARIA DE ESTADO DE JUSTIÇA E SEGURANÇA PÚBLICA - SEJUSP,3,3,90,39,1,1,10662,6,421,130,4,348,4348,1,2000.00,2000.00,2000.00,0,CUSTÓDIA E RESSOCIALIZAÇÃO DE PRESOS,INFRAESTRUTURA DO SISTEMA PRISIONAL
2025,1450,SECRETARIA DE ESTADO DE JUSTIÇA E SEGURANÇA PÚBLICA - SEJUSP,3,0,1451,SECRETARIA DE ESTADO DE JUSTIÇA E SEGURANÇA PÚBLICA - SEJUSP,3,3,90,39,24,1,10662,6,421,130,4,348,4348,1,600228.00,600228.00,600228.00,0,CUSTÓDIA E RESSOCIALIZAÇÃO DE PRESOS,INFRAESTRUTURA DO SISTEMA PRISIONAL
2025,1450,SECRETARIA DE ESTADO DE JUSTIÇA E SEGURANÇA PÚBLICA - SEJUSP,3,0,1451,SECRETARIA DE ESTADO DE JUSTIÇA E SEGURANÇA PÚBLICA - SEJUSP,4,4,90,52,1,1,10662,6,421,130,4,348,4348,1,800000.00,800000.00,800000.00,0,CUSTÓDIA E RESSOCIALIZAÇÃO DE PRESOS,INFRAESTRUTURA DO SISTEMA PRISIONAL
2025,1450,SECRETARIA DE ESTADO DE JUSTIÇA E SEGURANÇA PÚBLICA - SEJUSP,3,0,1451,SECRETARIA DE ESTADO DE JUSTIÇA E SEGURANÇA PÚBLICA - SEJUSP,4,4,90,52,24,1,10662,6,421,130,4,348,4348,1,9217467.00,9217467.00,9217467.00,0,CUSTÓDIA E RESSOCIALIZAÇÃO DE PRESOS,INFRAESTRUTURA DO SISTEMA PRISIONAL
2025,1450,SECRETARIA DE ESTADO DE JUSTIÇA E SEGURANÇA PÚBLICA - SEJUSP,3,0,1451,SECRETARIA DE ESTADO DE JUSTIÇA E SEGURANÇA PÚBLICA - SEJUSP,4,4,90,39,24,1,10665,6,421,130,4,351,4351,1,6627597.00,6627597.00,6627597.00,0,MANUTENÇÃO E IMPLANTAÇÃO DE METODOLOGIA DE CUSTÓDIAS ALTERNATIVAS,INFRAESTRUTURA DO SISTEMA PRISIONAL
2025,1450,SECRETARIA DE ESTADO DE JUSTIÇA E SEGURANÇA PÚBLICA - SEJUSP,3,0,1451,SECRETARIA DE ESTADO DE JUSTIÇA E SEGURANÇA PÚBLICA - SEJUSP,3,1,90,11,57,2,10793,10,243,146,4,443,4443,1,82869.00,82869.00,82869.00,0,ATENDIMENTO À SAÚDE DO ADOLESCENTE EM CONFLITO COM A LEI,PROMOÇÃO DA POLÍTICA SOCIOEDUCATIVA PARA ATENDIMENTO AOS ADOLESCENTES EM CONFLITO COM A LEI
2025,1450,SECRETARIA DE ESTADO DE JUSTIÇA E SEGURANÇA PÚBLICA - SEJUSP,3,0,1451,SECRETARIA DE ESTADO DE JUSTIÇA E SEGURANÇA PÚBLICA - SEJUSP,3,1,90,11,57,2,10669,10,421,130,4,353,4353,1,1023613.00,1023613.00,1023613.00,0,UNIDADES DE SAÚDE DO SISTEMA PRISIONAL,INFRAESTRUTURA DO SISTEMA PRISIONAL
2025,1450,SECRETARIA DE ESTADO DE JUSTIÇA E SEGURANÇA PÚBLICA - SEJUSP,3,0,1451,SECRETARIA DE ESTADO DE JUSTIÇA E SEGURANÇA PÚBLICA - SEJUSP,3,3,90,39,24,1,10790,12,243,146,4,442,4442,1,1807896.00,1807896.00,1807896.00,0,FORMAÇÃO EDUCACIONAL E PROFISSIONAL DO ADOLESCENTE EM CUMPRIMENTO DE MEDIDA SOCIOEDUCATIVA,PROMOÇÃO DA POLÍTICA SOCIOEDUCATIVA PARA ATENDIMENTO AOS ADOLESCENTES EM CONFLITO COM A LEI
2025,1450,SECRETARIA DE ESTADO DE JUSTIÇA E SEGURANÇA PÚBLICA - SEJUSP,3,0,4141,FUNDO PENITENCIÁRIO ESTADUAL - FPE,3,3,90,30,57,1,10655,6,421,128,1,46,1046,1,995034.00,995034.00,995034.00,0,APOIO À ESTRUTURAÇÃO E AO REAPARELHAMENTO DE UNIDADES PRISIONAIS E SOCIOEDUCATIVAS,PROGRAMA DE APOIO A AMPLIAÇÃO E A MELHORIA DOS SISTEMAS PRISIONAL E SOCIOEDUCATIVO
2025,1450,SECRETARIA DE ESTADO DE JUSTIÇA E SEGURANÇA PÚBLICA - SEJUSP,3,0,4141,FUNDO PENITENCIÁRIO ESTADUAL - FPE,3,3,90,39,39,1,10655,6,421,128,1,46,1046,1,5920000.00,5920000.00,5920000.00,0,APOIO À ESTRUTURAÇÃO E AO REAPARELHAMENTO DE UNIDADES PRISIONAIS E SOCIOEDUCATIVAS,PROGRAMA DE APOIO A AMPLIAÇÃO E A MELHORIA DOS SISTEMAS PRISIONAL E SOCIOEDUCATIVO
2025,1450,SECRETARIA DE ESTADO DE JUSTIÇA E SEGURANÇA PÚBLICA - SEJUSP,3,0,4141,FUNDO PENITENCIÁRIO ESTADUAL - FPE,3,3,90,39,57,1,10655,6,421,128,1,46,1046,1,1000.00,1000.00,1000.00,0,APOIO À ESTRUTURAÇÃO E AO REAPARELHAMENTO DE UNIDADES PRISIONAIS E SOCIOEDUCATIVAS,PROGRAMA DE APOIO A AMPLIAÇÃO E A MELHORIA DOS SISTEMAS PRISIONAL E SOCIOEDUCATIVO
2025,1450,SECRETARIA DE ESTADO DE JUSTIÇA E SEGURANÇA PÚBLICA - SEJUSP,3,0,4141,FUNDO PENITENCIÁRIO ESTADUAL - FPE,4,4,90,39,57,1,10655,6,421,128,1,46,1046,1,1000.00,1000.00,1000.00,0,APOIO À ESTRUTURAÇÃO E AO REAPARELHAMENTO DE UNIDADES PRISIONAIS E SOCIOEDUCATIVAS,PROGRAMA DE APOIO A AMPLIAÇÃO E A MELHORIA DOS SISTEMAS PRISIONAL E SOCIOEDUCATIVO
2025,1450,SECRETARIA DE ESTADO DE JUSTIÇA E SEGURANÇA PÚBLICA - SEJUSP,3,0,4141,FUNDO PENITENCIÁRIO ESTADUAL - FPE,4,4,90,52,57,1,10655,6,421,128,1,46,1046,1,8722497.00,8722497.00,8722497.00,0,APOIO À ESTRUTURAÇÃO E AO REAPARELHAMENTO DE UNIDADES PRISIONAIS E SOCIOEDUCATIVAS,PROGRAMA DE APOIO A AMPLIAÇÃO E A MELHORIA DOS SISTEMAS PRISIONAL E SOCIOEDUCATIVO
2025,1450,SECRETARIA DE ESTADO DE JUSTIÇA E SEGURANÇA PÚBLICA - SEJUSP,3,0,4691,FUNDO ESTADUAL DE SEGURANÇA PÚBLICA DE MINAS GERAIS - FESP-MG,3,3,90,30,57,1,10707,6,123,134,2,71,2071,1,27366278.00,27366278.00,27366278.00,0,APOIO ÀS AÇÕES DO FUNDO DE ESTADUAL DE SEGURANÇA PÚBLICA,GESTÃO INTEGRADA DE SEGURANÇA PÚBLICA
2025,1450,SECRETARIA DE ESTADO DE JUSTIÇA E SEGURANÇA PÚBLICA - SEJUSP,3,0,4691,FUNDO ESTADUAL DE SEGURANÇA PÚBLICA DE MINAS GERAIS - FESP-MG,3,3,90,39,57,1,10707,6,123,134,2,71,2071,1,7415582.00,7415582.00,7415582.00,0,APOIO ÀS AÇÕES DO FUNDO DE ESTADUAL DE SEGURANÇA PÚBLICA,GESTÃO INTEGRADA DE SEGURANÇA PÚBLICA
2025,1450,SECRETARIA DE ESTADO DE JUSTIÇA E SEGURANÇA PÚBLICA - SEJUSP,3,0,4691,FUNDO ESTADUAL DE SEGURANÇA PÚBLICA DE MINAS GERAIS - FESP-MG,4,4,90,39,57,1,10707,6,123,134,2,71,2071,1,1000.00,1000.00,1000.00,0,APOIO ÀS AÇÕES DO FUNDO DE ESTADUAL DE SEGURANÇA PÚBLICA,GESTÃO INTEGRADA DE SEGURANÇA PÚBLICA
2025,1450,SECRETARIA DE ESTADO DE JUSTIÇA E SEGURANÇA PÚBLICA - SEJUSP,3,0,4691,FUNDO ESTADUAL DE SEGURANÇA PÚBLICA DE MINAS GERAIS - FESP-MG,4,4,90,52,57,1,10707,6,123,134,2,71,2071,1,58153341.00,58153341.00,58153341.00,0,APOIO ÀS AÇÕES DO FUNDO DE ESTADUAL DE SEGURANÇA PÚBLICA,GESTÃO INTEGRADA DE SEGURANÇA PÚBLICA
2025,1500,SECRETARIA DE ESTADO DE PLANEJAMENTO E GESTÃO - SEPLAG,3,0,2331,INSTITUTO DE METROLOGIA E QUALIDADE DO ESTADO DE MINAS GERAIS - IPEMMG,3,1,90,7,73,1,11089,4,122,705,2,417,2417,1,12540.00,12540.00,12540.00,0,REMUNERAÇÃO DE PESSOAL ATIVO E ENCARGOS SOCIAIS,APOIO ÀS POLÍTICAS PÚBLICAS
2025,1500,SECRETARIA DE ESTADO DE PLANEJAMENTO E GESTÃO - SEPLAG,3,0,2331,INSTITUTO DE METROLOGIA E QUALIDADE DO ESTADO DE MINAS GERAIS - IPEMMG,3,1,90,11,10,1,11089,4,122,705,2,417,2417,1,198964.00,198964.00,198964.00,0,REMUNERAÇÃO DE PESSOAL ATIVO E ENCARGOS SOCIAIS,APOIO ÀS POLÍTICAS PÚBLICAS
2025,1500,SECRETARIA DE ESTADO DE PLANEJAMENTO E GESTÃO - SEPLAG,3,0,2331,INSTITUTO DE METROLOGIA E QUALIDADE DO ESTADO DE MINAS GERAIS - IPEMMG,3,1,90,11,73,1,11089,4,122,705,2,417,2417,1,9839036.00,9839036.00,9839036.00,0,REMUNERAÇÃO DE PESSOAL ATIVO E ENCARGOS SOCIAIS,APOIO ÀS POLÍTICAS PÚBLICAS
2025,1500,SECRETARIA DE ESTADO DE PLANEJAMENTO E GESTÃO - SEPLAG,3,0,2331,INSTITUTO DE METROLOGIA E QUALIDADE DO ESTADO DE MINAS GERAIS - IPEMMG,3,1,90,13,73,1,11089,4,122,705,2,417,2417,1,77946.00,77946.00,77946.00,0,REMUNERAÇÃO DE PESSOAL ATIVO E ENCARGOS SOCIAIS,APOIO ÀS POLÍTICAS PÚBLICAS
2025,1500,SECRETARIA DE ESTADO DE PLANEJAMENTO E GESTÃO - SEPLAG,3,0,2331,INSTITUTO DE METROLOGIA E QUALIDADE DO ESTADO DE MINAS GERAIS - IPEMMG,3,1,91,13,73,1,11089,4,122,705,2,417,2417,1,3586523.00,3586523.00,3586523.00,0,REMUNERAÇÃO DE PESSOAL ATIVO E ENCARGOS SOCIAIS,APOIO ÀS POLÍTICAS PÚBLICAS
2025,1500,SECRETARIA DE ESTADO DE PLANEJAMENTO E GESTÃO - SEPLAG,3,0,2331,INSTITUTO DE METROLOGIA E QUALIDADE DO ESTADO DE MINAS GERAIS - IPEMMG,3,3,90,46,73,7,11089,4,122,705,2,417,2417,1,5265219.00,5265219.00,5265219.00,0,REMUNERAÇÃO DE PESSOAL ATIVO E ENCARGOS SOCIAIS,APOIO ÀS POLÍTICAS PÚBLICAS
2025,1500,SECRETARIA DE ESTADO DE PLANEJAMENTO E GESTÃO - SEPLAG,3,0,2331,INSTITUTO DE METROLOGIA E QUALIDADE DO ESTADO DE MINAS GERAIS - IPEMMG,3,3,90,49,73,7,11089,4,122,705,2,417,2417,1,195847.00,195847.00,195847.00,0,REMUNERAÇÃO DE PESSOAL ATIVO E ENCARGOS SOCIAIS,APOIO ÀS POLÍTICAS PÚBLICAS
2025,1500,SECRETARIA DE ESTADO DE PLANEJAMENTO E GESTÃO - SEPLAG,3,0,2331,INSTITUTO DE METROLOGIA E QUALIDADE DO ESTADO DE MINAS GERAIS - IPEMMG,3,3,90,14,73,1,9035,4,122,705,2,500,2500,1,40000.00,40000.00,40000.00,0,ASSESSORAMENTO E GERENCIAMENTO DE POLÍTICAS PÚBLICAS,APOIO ÀS POLÍTICAS PÚBLICAS
2025,1500,SECRETARIA DE ESTADO DE PLANEJAMENTO E GESTÃO - SEPLAG,3,0,2331,INSTITUTO DE METROLOGIA E QUALIDADE DO ESTADO DE MINAS GERAIS - IPEMMG,3,3,90,30,73,1,9035,4,122,705,2,500,2500,1,408000.00,408000.00,408000.00,0,ASSESSORAMENTO E GERENCIAMENTO DE POLÍTICAS PÚBLICAS,APOIO ÀS POLÍTICAS PÚBLICAS
2025,1500,SECRETARIA DE ESTADO DE PLANEJAMENTO E GESTÃO - SEPLAG,3,0,2331,INSTITUTO DE METROLOGIA E QUALIDADE DO ESTADO DE MINAS GERAIS - IPEMMG,3,3,90,33,73,1,9035,4,122,705,2,500,2500,1,80000.00,80000.00,80000.00,0,ASSESSORAMENTO E GERENCIAMENTO DE POLÍTICAS PÚBLICAS,APOIO ÀS POLÍTICAS PÚBLICAS
2025,1500,SECRETARIA DE ESTADO DE PLANEJAMENTO E GESTÃO - SEPLAG,3,0,2331,INSTITUTO DE METROLOGIA E QUALIDADE DO ESTADO DE MINAS GERAIS - IPEMMG,3,3,90,36,73,1,9035,4,122,705,2,500,2500,1,9400.00,9400.00,9400.00,0,ASSESSORAMENTO E GERENCIAMENTO DE POLÍTICAS PÚBLICAS,APOIO ÀS POLÍTICAS PÚBLICAS
2025,1500,SECRETARIA DE ESTADO DE PLANEJAMENTO E GESTÃO - SEPLAG,3,0,2331,INSTITUTO DE METROLOGIA E QUALIDADE DO ESTADO DE MINAS GERAIS - IPEMMG,3,3,90,37,73,1,9035,4,122,705,2,500,2500,1,4401036.00,4401036.00,4401036.00,0,ASSESSORAMENTO E GERENCIAMENTO DE POLÍTICAS PÚBLICAS,APOIO ÀS POLÍTICAS PÚBLICAS
2025,1500,SECRETARIA DE ESTADO DE PLANEJAMENTO E GESTÃO - SEPLAG,3,0,2331,INSTITUTO DE METROLOGIA E QUALIDADE DO ESTADO DE MINAS GERAIS - IPEMMG,3,3,90,39,73,1,9035,4,122,705,2,500,2500,1,500000.00,500000.00,500000.00,0,ASSESSORAMENTO E GERENCIAMENTO DE POLÍTICAS PÚBLICAS,APOIO ÀS POLÍTICAS PÚBLICAS
2025,1500,SECRETARIA DE ESTADO DE PLANEJAMENTO E GESTÃO - SEPLAG,3,0,2331,INSTITUTO DE METROLOGIA E QUALIDADE DO ESTADO DE MINAS GERAIS - IPEMMG,3,3,90,40,73,1,9035,4,122,705,2,500,2500,1,272000.00,272000.00,272000.00,0,ASSESSORAMENTO E GERENCIAMENTO DE POLÍTICAS PÚBLICAS,APOIO ÀS POLÍTICAS PÚBLICAS
2025,1500,SECRETARIA DE ESTADO DE PLANEJAMENTO E GESTÃO - SEPLAG,3,0,2331,INSTITUTO DE METROLOGIA E QUALIDADE DO ESTADO DE MINAS GERAIS - IPEMMG,3,3,90,47,73,1,9035,4,122,705,2,500,2500,1,23000.00,23000.00,23000.00,0,ASSESSORAMENTO E GERENCIAMENTO DE POLÍTICAS PÚBLICAS,APOIO ÀS POLÍTICAS PÚBLICAS
2025,1500,SECRETARIA DE ESTADO DE PLANEJAMENTO E GESTÃO - SEPLAG,3,0,2331,INSTITUTO DE METROLOGIA E QUALIDADE DO ESTADO DE MINAS GERAIS - IPEMMG,3,3,90,93,73,1,9035,4,122,705,2,500,2500,1,680000.00,680000.00,680000.00,0,ASSESSORAMENTO E GERENCIAMENTO DE POLÍTICAS PÚBLICAS,APOIO ÀS POLÍTICAS PÚBLICAS
2025,1500,SECRETARIA DE ESTADO DE PLANEJAMENTO E GESTÃO - SEPLAG,3,0,2331,INSTITUTO DE METROLOGIA E QUALIDADE DO ESTADO DE MINAS GERAIS - IPEMMG,3,3,91,40,73,1,9035,4,122,705,2,500,2500,1,18000.00,18000.00,18000.00,0,ASSESSORAMENTO E GERENCIAMENTO DE POLÍTICAS PÚBLICAS,APOIO ÀS POLÍTICAS PÚBLICAS
2025,1500,SECRETARIA DE ESTADO DE PLANEJAMENTO E GESTÃO - SEPLAG,3,0,2331,INSTITUTO DE METROLOGIA E QUALIDADE DO ESTADO DE MINAS GERAIS - IPEMMG,4,4,90,52,73,1,9035,4,122,705,2,500,2500,1,450000.00,450000.00,450000.00,0,ASSESSORAMENTO E GERENCIAMENTO DE POLÍTICAS PÚBLICAS,APOIO ÀS POLÍTICAS PÚBLICAS
2025,1500,SECRETARIA DE ESTADO DE PLANEJAMENTO E GESTÃO - SEPLAG,3,0,2331,INSTITUTO DE METROLOGIA E QUALIDADE DO ESTADO DE MINAS GERAIS - IPEMMG,3,3,90,14,73,1,10238,23,125,12,4,24,4024,1,800000.00,800000.00,800000.00,0,EXECUÇÃO DO CONTROLE METROLÓGICO NO ESTADO DE MINAS GERAIS,POLÍTICA PÚBLICA DE METROLOGIA E AVALIAÇÃO DA CONFORMIDADE
2025,1500,SECRETARIA DE ESTADO DE PLANEJAMENTO E GESTÃO - SEPLAG,3,0,2331,INSTITUTO DE METROLOGIA E QUALIDADE DO ESTADO DE MINAS GERAIS - IPEMMG,3,3,90,30,73,1,10238,23,125,12,4,24,4024,1,340461.00,340461.00,340461.00,0,EXECUÇÃO DO CONTROLE METROLÓGICO NO ESTADO DE MINAS GERAIS,POLÍTICA PÚBLICA DE METROLOGIA E AVALIAÇÃO DA CONFORMIDADE
2025,1500,SECRETARIA DE ESTADO DE PLANEJAMENTO E GESTÃO - SEPLAG,3,0,2331,INSTITUTO DE METROLOGIA E QUALIDADE DO ESTADO DE MINAS GERAIS - IPEMMG,3,3,90,33,73,1,10238,23,125,12,4,24,4024,1,20000.00,20000.00,20000.00,0,EXECUÇÃO DO CONTROLE METROLÓGICO NO ESTADO DE MINAS GERAIS,POLÍTICA PÚBLICA DE METROLOGIA E AVALIAÇÃO DA CONFORMIDADE
2025,1500,SECRETARIA DE ESTADO DE PLANEJAMENTO E GESTÃO - SEPLAG,3,0,2331,INSTITUTO DE METROLOGIA E QUALIDADE DO ESTADO DE MINAS GERAIS - IPEMMG,3,3,90,36,73,1,10238,23,125,12,4,24,4024,1,45000.00,45000.00,45000.00,0,EXECUÇÃO DO CONTROLE METROLÓGICO NO ESTADO DE MINAS GERAIS,POLÍTICA PÚBLICA DE METROLOGIA E AVALIAÇÃO DA CONFORMIDADE
2025,1500,SECRETARIA DE ESTADO DE PLANEJAMENTO E GESTÃO - SEPLAG,3,0,2331,INSTITUTO DE METROLOGIA E QUALIDADE DO ESTADO DE MINAS GERAIS - IPEMMG,3,3,90,37,73,1,10238,23,125,12,4,24,4024,1,3038963.00,3038963.00,3038963.00,0,EXECUÇÃO DO CONTROLE METROLÓGICO NO ESTADO DE MINAS GERAIS,POLÍTICA PÚBLICA DE METROLOGIA E AVALIAÇÃO DA CONFORMIDADE
2025,1500,SECRETARIA DE ESTADO DE PLANEJAMENTO E GESTÃO - SEPLAG,3,0,2331,INSTITUTO DE METROLOGIA E QUALIDADE DO ESTADO DE MINAS GERAIS - IPEMMG,3,3,90,39,73,1,10238,23,125,12,4,24,4024,1,4044774.00,4044774.00,4044774.00,0,EXECUÇÃO DO CONTROLE METROLÓGICO NO ESTADO DE MINAS GERAIS,POLÍTICA PÚBLICA DE METROLOGIA E AVALIAÇÃO DA CONFORMIDADE
2025,1500,SECRETARIA DE ESTADO DE PLANEJAMENTO E GESTÃO - SEPLAG,3,0,2331,INSTITUTO DE METROLOGIA E QUALIDADE DO ESTADO DE MINAS GERAIS - IPEMMG,3,3,90,40,73,1,10238,23,125,12,4,24,4024,1,230000.00,230000.00,230000.00,0,EXECUÇÃO DO CONTROLE METROLÓGICO NO ESTADO DE MINAS GERAIS,POLÍTICA PÚBLICA DE METROLOGIA E AVALIAÇÃO DA CONFORMIDADE
2025,1500,SECRETARIA DE ESTADO DE PLANEJAMENTO E GESTÃO - SEPLAG,3,0,2331,INSTITUTO DE METROLOGIA E QUALIDADE DO ESTADO DE MINAS GERAIS - IPEMMG,3,3,90,93,73,1,10238,23,125,12,4,24,4024,1,2210000.00,2210000.00,2210000.00,0,EXECUÇÃO DO CONTROLE METROLÓGICO NO ESTADO DE MINAS GERAIS,POLÍTICA PÚBLICA DE METROLOGIA E AVALIAÇÃO DA CONFORMIDADE
2025,1500,SECRETARIA DE ESTADO DE PLANEJAMENTO E GESTÃO - SEPLAG,3,0,2331,INSTITUTO DE METROLOGIA E QUALIDADE DO ESTADO DE MINAS GERAIS - IPEMMG,4,4,90,52,73,1,10238,23,125,12,4,24,4024,1,600000.00,600000.00,600000.00,0,EXECUÇÃO DO CONTROLE METROLÓGICO NO ESTADO DE MINAS GERAIS,POLÍTICA PÚBLICA DE METROLOGIA E AVALIAÇÃO DA CONFORMIDADE
2025,1500,SECRETARIA DE ESTADO DE PLANEJAMENTO E GESTÃO - SEPLAG,3,0,2331,INSTITUTO DE METROLOGIA E QUALIDADE DO ESTADO DE MINAS GERAIS - IPEMMG,3,3,90,14,73,1,10240,23,665,12,4,26,4026,1,190000.00,190000.00,190000.00,0,AVALIAÇÃO DA CONFORMIDADE DE PRODUTOS E SERVIÇOS NO MERCADO MINEIRO (VISITAS),POLÍTICA PÚBLICA DE METROLOGIA E AVALIAÇÃO DA CONFORMIDADE
2025,1500,SECRETARIA DE ESTADO DE PLANEJAMENTO E GESTÃO - SEPLAG,3,0,2331,INSTITUTO DE METROLOGIA E QUALIDADE DO ESTADO DE MINAS GERAIS - IPEMMG,3,3,90,30,73,1,10240,23,665,12,4,26,4026,1,35000.00,35000.00,35000.00,0,AVALIAÇÃO DA CONFORMIDADE DE PRODUTOS E SERVIÇOS NO MERCADO MINEIRO (VISITAS),POLÍTICA PÚBLICA DE METROLOGIA E AVALIAÇÃO DA CONFORMIDADE
2025,1500,SECRETARIA DE ESTADO DE PLANEJAMENTO E GESTÃO - SEPLAG,3,0,2331,INSTITUTO DE METROLOGIA E QUALIDADE DO ESTADO DE MINAS GERAIS - IPEMMG,3,3,90,33,73,1,10240,23,665,12,4,26,4026,1,1500.00,1500.00,1500.00,0,AVALIAÇÃO DA CONFORMIDADE DE PRODUTOS E SERVIÇOS NO MERCADO MINEIRO (VISITAS),POLÍTICA PÚBLICA DE METROLOGIA E AVALIAÇÃO DA CONFORMIDADE
2025,1500,SECRETARIA DE ESTADO DE PLANEJAMENTO E GESTÃO - SEPLAG,3,0,2331,INSTITUTO DE METROLOGIA E QUALIDADE DO ESTADO DE MINAS GERAIS - IPEMMG,3,3,90,37,73,1,10240,23,665,12,4,26,4026,1,195000.00,195000.00,195000.00,0,AVALIAÇÃO DA CONFORMIDADE DE PRODUTOS E SERVIÇOS NO MERCADO MINEIRO (VISITAS),POLÍTICA PÚBLICA DE METROLOGIA E AVALIAÇÃO DA CONFORMIDADE
2025,1500,SECRETARIA DE ESTADO DE PLANEJAMENTO E GESTÃO - SEPLAG,3,0,2331,INSTITUTO DE METROLOGIA E QUALIDADE DO ESTADO DE MINAS GERAIS - IPEMMG,3,3,90,39,73,1,10240,23,665,12,4,26,4026,1,37500.00,37500.00,37500.00,0,AVALIAÇÃO DA CONFORMIDADE DE PRODUTOS E SERVIÇOS NO MERCADO MINEIRO (VISITAS),POLÍTICA PÚBLICA DE METROLOGIA E AVALIAÇÃO DA CONFORMIDADE
2025,1500,SECRETARIA DE ESTADO DE PLANEJAMENTO E GESTÃO - SEPLAG,3,0,2331,INSTITUTO DE METROLOGIA E QUALIDADE DO ESTADO DE MINAS GERAIS - IPEMMG,3,3,90,40,73,1,10240,23,665,12,4,26,4026,1,10000.00,10000.00,10000.00,0,AVALIAÇÃO DA CONFORMIDADE DE PRODUTOS E SERVIÇOS NO MERCADO MINEIRO (VISITAS),POLÍTICA PÚBLICA DE METROLOGIA E AVALIAÇÃO DA CONFORMIDADE
2025,1500,SECRETARIA DE ESTADO DE PLANEJAMENTO E GESTÃO - SEPLAG,3,0,2331,INSTITUTO DE METROLOGIA E QUALIDADE DO ESTADO DE MINAS GERAIS - IPEMMG,3,3,90,93,73,1,10240,23,665,12,4,26,4026,1,141000.00,141000.00,141000.00,0,AVALIAÇÃO DA CONFORMIDADE DE PRODUTOS E SERVIÇOS NO MERCADO MINEIRO (VISITAS),POLÍTICA PÚBLICA DE METROLOGIA E AVALIAÇÃO DA CONFORMIDADE
2025,1500,SECRETARIA DE ESTADO DE PLANEJAMENTO E GESTÃO - SEPLAG,3,0,2331,INSTITUTO DE METROLOGIA E QUALIDADE DO ESTADO DE MINAS GERAIS - IPEMMG,4,4,90,52,73,1,10240,23,665,12,4,26,4026,1,100000.00,100000.00,100000.00,0,AVALIAÇÃO DA CONFORMIDADE DE PRODUTOS E SERVIÇOS NO MERCADO MINEIRO (VISITAS),POLÍTICA PÚBLICA DE METROLOGIA E AVALIAÇÃO DA CONFORMIDADE
2025,1500,SECRETARIA DE ESTADO DE PLANEJAMENTO E GESTÃO - SEPLAG,3,0,2331,INSTITUTO DE METROLOGIA E QUALIDADE DO ESTADO DE MINAS GERAIS - IPEMMG,3,1,90,91,73,9,2494,28,846,705,7,4,7004,1,102255.00,102255.00,102255.00,0,PRECATÓRIOS E SENTENÇAS JUDICIÁRIAS,APOIO ÀS POLÍTICAS PÚBLICAS
