orgao_cod,unidade_adiministrativa_cod,numero_da_obra_siad,numero_de_referencia_da_uo,situacao,descricao,data_de_inicio,data_de_termino,ano_de_exercicio,valor_global
1020 TRIBUNAL DE CONTAS DO ESTADO DE MINAS GERAIS,1021011 COORD. MANUT. OBRAS,12398,-,Em Concepção e Planejamento,"Contratação de empresa especializada na prestação de serviços de engenharia, pelo regime de empreitada por preço global, para ampliação de 01 (um) Sistema de Detecção e Alarme de Incêndio Convencional com gás FM-200 existente no Data Center do TRIBUNAL.",27/02/2024,26/02/2025,2024,135000
1030 TRIBUNAL DE JUSTICA DO ESTADO DE MINAS GERAIS,1031022 DENGEP,12174,-,Em Concepção e Planejamento,Prestação de serviço técnico de engenharia de memória de cálculo dos ajustes e coordenograma do relé de proteção secundário para subestações.,19/06/2023,18/09/2025,2023,194197
1030 TRIBUNAL DE JUSTICA DO ESTADO DE MINAS GERAIS,1031023 GEPRO,11036,-,Em Concepção e Planejamento,"Elaboração de projetos para construções, ampliações e / ou reformas de edificações do Tribunal em diversas comarcas",17/02/2020,03/06/2025,2020,1778862
1030 TRIBUNAL DE JUSTICA DO ESTADO DE MINAS GERAIS,1031023 GEPRO,11223,-,Em Concepção e Planejamento,"Prestação de serviço técnico-profissional especializado de elaboração de projetos executivos, especificação técnica, orçamento e planejamento para ampliação do edifício sede do TRIBUNAL",14/01/2021,28/02/2025,2021,7586429
1030 TRIBUNAL DE JUSTICA DO ESTADO DE MINAS GERAIS,1031023 GEPRO,11884,-,Em Concepção e Planejamento,"elaboração de projetos estruturais desuperestrutura, fundação (mesoestrutura e infraestrutura)e demais elementos estruturais necessários à implantação de uma edificação.",22/06/2022,20/07/2025,2022,99998
1030 TRIBUNAL DE JUSTICA DO ESTADO DE MINAS GERAIS,1031023 GEPRO,12093,-,Em Concepção e Planejamento,"Prestação de serviços técnicos especializados de engenharia de avaliação de conformidade de projetos estruturais de edificações às normas NBR 6118/14, NBR 6122/19, NBR 8800/08 e outras complementares e específicas, com emissão de Parecer Técnico",25/10/2021,22/04/2025,2023,204999
1030 TRIBUNAL DE JUSTICA DO ESTADO DE MINAS GERAIS,1031023 GEPRO,12094,-,Em Concepção e Planejamento,"Prestação de serviço técnico especializado de avaliação de conformidade do projeto estrutural de reforma e ampliação do Edifício Sede do TRIBUNAL, localizado em Belo Horizonte/MG",09/12/2022,16/05/2025,2023,529000
1030 TRIBUNAL DE JUSTICA DO ESTADO DE MINAS GERAIS,1031023 GEPRO,12096,-,Em Concepção e Planejamento,"Prestação de serviços técnicos especializados de engenharia de avaliação de conformidade de projetos estruturais de edificações às normas NBR 6118/14, NBR 6122/19, NBR 8800/08 e outras complementares e específicas, com emissão de Parecer Técnico.",22/10/2021,19/04/2025,2023,180798
1030 TRIBUNAL DE JUSTICA DO ESTADO DE MINAS GERAIS,1031023 GEPRO,12097,-,Em Concepção e Planejamento,"CT. 258/2021 - Prestação de serviços técnicos especializados de engenharia de avaliação de conformidade de projetos estruturais de edificações às normas NBR 6118/14, NBR 6122/19, NBR 8800/08 e outras complementares e específicas, com emissão de Parecer Técnico.",22/10/2021,19/04/2025,2023,213596
1030 TRIBUNAL DE JUSTICA DO ESTADO DE MINAS GERAIS,1031023 GEPRO,12191,9389704,Em Concepção e Planejamento,"Serviço técnico profissional especializado de elaboração de projetos para construções, ampliações e/ou reformas de edificações do TRIBUNAL em diversas comarcas.",07/07/2023,03/11/2027,2023,5874383
1030 TRIBUNAL DE JUSTICA DO ESTADO DE MINAS GERAIS,1031023 GEPRO,12452,-,Em Concepção e Planejamento,"Elaboração e aprovação de projeto legal,e ilustração gráfica para a obra de acessibilidade e adpatação predial do Anexo 01 e corregedoria (Anexo 02) do TJMG.",20/05/2024,10/01/2026,2024,96899
1030 TRIBUNAL DE JUSTICA DO ESTADO DE MINAS GERAIS,1031024 GEOB,10632,-,Em Concepção e Planejamento,Obra de construção do novo prédio do Fórum da Comarca de Juiz de Fora.,27/09/2018,16/08/2025,2018,88475048
1030 TRIBUNAL DE JUSTICA DO ESTADO DE MINAS GERAIS,1031024 GEOB,11702,-,Em Concepção e Planejamento,Contrato a retomada da obra de construção do novo prédio do Fórum da Comarca de Barbacena/MG,16/09/2021,04/08/2025,2021,43565285
1030 TRIBUNAL DE JUSTICA DO ESTADO DE MINAS GERAIS,1031024 GEOB,11777,-,Em Concepção e Planejamento,Contrato a execução de obras de construção do novo prédio do Fórum da Comarca de Vespasiano/MG,27/12/2021,11/04/2025,2021,38052828
1030 TRIBUNAL DE JUSTICA DO ESTADO DE MINAS GERAIS,1031024 GEOB,11786,-,Em Concepção e Planejamento,Contrato a execução de obras de reforma e ampliação do Fórum da Comarca de Igarapé/MG,25/01/2022,13/02/2025,2022,20263575
1030 TRIBUNAL DE JUSTICA DO ESTADO DE MINAS GERAIS,1031024 GEOB,11800,-,Em Concepção e Planejamento,Construção do novo prédio do Fórum da Comarca de Governador Valadares,22/02/2022,06/02/2025,2022,69778789
1030 TRIBUNAL DE JUSTICA DO ESTADO DE MINAS GERAIS,1031024 GEOB,11897,-,Em Concepção e Planejamento,Contrato a obra de reforma e ampliação do Fórum da Comarca de Teófilo Otoni/MG,27/06/2022,15/02/2025,2022,34180225
1030 TRIBUNAL DE JUSTICA DO ESTADO DE MINAS GERAIS,1031024 GEOB,12054,-,Em Concepção e Planejamento,Construção do novo prédio do Fórum da Comarca de Betim/MG,28/11/2022,12/11/2025,2022,79899587
1030 TRIBUNAL DE JUSTICA DO ESTADO DE MINAS GERAIS,1031024 GEOB,12131,-,Em Concepção e Planejamento,"Obra de restauração e adaptação predial do Palácio da Justiça, localizado na Avenida Afonso Pena, nº. 1.420, Centro, Belo Horizonte/MG",13/04/2023,07/04/2025,2023,16781067
1030 TRIBUNAL DE JUSTICA DO ESTADO DE MINAS GERAIS,1031024 GEOB,12144,-,Em Concepção e Planejamento,Reforma e ampliação do Fórum da Comarca de Ipanema/MG,04/05/2023,23/04/2025,2023,12221473
1030 TRIBUNAL DE JUSTICA DO ESTADO DE MINAS GERAIS,1031024 GEOB,12146,-,Em Concepção e Planejamento,"Reforma geral do Fórum Lafayette, em Belo Horizonte/MG",11/05/2023,25/04/2026,2023,120777000
1030 TRIBUNAL DE JUSTICA DO ESTADO DE MINAS GERAIS,1031024 GEOB,12160,-,Em Concepção e Planejamento,Construção do novo prédio do Fórum da Comarca de Pitangui/MG,30/05/2023,18/02/2025,2023,15958587
1030 TRIBUNAL DE JUSTICA DO ESTADO DE MINAS GERAIS,1031024 GEOB,12189,-,Em Concepção e Planejamento,Contrato a retomada da construção do novo Fórum da Comarca de Ibirité/MG,10/07/2023,30/04/2025,2023,30049249
1030 TRIBUNAL DE JUSTICA DO ESTADO DE MINAS GERAIS,1031024 GEOB,12240,-,Em Concepção e Planejamento,Construção do novo prédio do Fórum da Comarca de Areado/MG,21/08/2023,11/07/2025,2023,10399060
1030 TRIBUNAL DE JUSTICA DO ESTADO DE MINAS GERAIS,1031024 GEOB,12288,336/2023,Em Concepção e Planejamento,Reforma e Ampliação do Fórum da Comarca de Monte Belo/MG,03/10/2023,21/11/2025,2023,8933311
1030 TRIBUNAL DE JUSTICA DO ESTADO DE MINAS GERAIS,1031024 GEOB,12298,-,Em Concepção e Planejamento,Retomada da construção do novo Fórum da Comarca de Mateus Leme/,16/10/2023,07/02/2025,2023,12946089
1030 TRIBUNAL DE JUSTICA DO ESTADO DE MINAS GERAIS,1031024 GEOB,12300,-,Em Concepção e Planejamento,Contrato a construção do novo prédio do Fórum da Comarca de Coração de Jesus,16/10/2023,08/04/2025,2023,9690625
1030 TRIBUNAL DE JUSTICA DO ESTADO DE MINAS GERAIS,1031024 GEOB,12307,-,Em Concepção e Planejamento,Contrato a construção do novo prédio do Fórum da Comarca de Palma/MG,25/10/2023,18/03/2025,2023,7062258
1030 TRIBUNAL DE JUSTICA DO ESTADO DE MINAS GERAIS,1031024 GEOB,12311,-,Em Concepção e Planejamento,Contrato a construção do novo prédio do Fórum da Comarca de Guarani/MG,31/10/2023,24/03/2025,2023,6394521
1030 TRIBUNAL DE JUSTICA DO ESTADO DE MINAS GERAIS,1031024 GEOB,12333,-,Em Concepção e Planejamento,Contratação de empresa especializada para verificação de conformidade e emissão de parecer relativo ao projeto de esquadrias na obra de Reforma do Fórum Lafayette,30/11/2023,19/04/2026,2023,23580
1030 TRIBUNAL DE JUSTICA DO ESTADO DE MINAS GERAIS,1031024 GEOB,12344,-,Em Concepção e Planejamento,Construção do novo prédio do Fórum da Comarca de Camanducaia/MG,20/12/2023,12/07/2025,2023,10135095
1030 TRIBUNAL DE JUSTICA DO ESTADO DE MINAS GERAIS,1031024 GEOB,12373,1,Em Concepção e Planejamento,Modernização de quatro elevadores (ANEXO I),17/01/2024,17/03/2026,2024,1254635
1030 TRIBUNAL DE JUSTICA DO ESTADO DE MINAS GERAIS,1031024 GEOB,12377,-,Em Concepção e Planejamento,Construção do novo prédio do Fórum da Comarca de Campina Verde/MG,02/02/2024,25/08/2025,2024,10143687
1030 TRIBUNAL DE JUSTICA DO ESTADO DE MINAS GERAIS,1031024 GEOB,12384,-,Intenção,Construção do novo prédio do Fórum da Comarca de Caldas/MG,02/02/2024,25/08/2025,2024,9611369
1030 TRIBUNAL DE JUSTICA DO ESTADO DE MINAS GERAIS,1031024 GEOB,12387,1,Em Concepção e Planejamento,"Modernização de três elevadores JESP CONSUMO – R. PADRE ROLIM, Nº 424 / BELO HZTE",06/02/2024,06/02/2026,2024,1180000
1030 TRIBUNAL DE JUSTICA DO ESTADO DE MINAS GERAIS,1031024 GEOB,12399,-,Em Concepção e Planejamento,Contrato a retomada da construção do novo prédio do Fórum da Comarca de Minas Novas/MG,06/03/2024,28/08/2025,2024,9502833
1030 TRIBUNAL DE JUSTICA DO ESTADO DE MINAS GERAIS,1031024 GEOB,12400,-,Em Concepção e Planejamento,Contrato a execução da obra de reforma e ampliação do Fórum da Comarca de Ipatinga/MG,08/03/2024,21/02/2027,2024,55247203
1030 TRIBUNAL DE JUSTICA DO ESTADO DE MINAS GERAIS,1031024 GEOB,12411,-,Obra em Execução,Sistema de Modernização Audiovisual dos Plenários do Edifício Sede e Edifício Francisco Sales do Tribunal de Justiça de Minas Gerais.,26/10/2023,20/01/2025,2024,802122
1030 TRIBUNAL DE JUSTICA DO ESTADO DE MINAS GERAIS,1031024 GEOB,12450,-,Em Concepção e Planejamento,Obra de reforma e ampliação da edificação do Fórum da Comarca de Monte Belo/MG,09/05/2024,13/07/2026,2024,9203212
1030 TRIBUNAL DE JUSTICA DO ESTADO DE MINAS GERAIS,1031024 GEOB,12451,-,Em Concepção e Planejamento,"prestação de serviço por empresa de engenharia especializada para a elaboração de estudo, projeto executivo, fornecimento, instalação, comissionamento, monitoramento, assistência técnica em garantia e manutenção de sistemas de geração de energia fotovoltaica em diversas edificações ocupadas pelo TJ.",20/11/2023,13/05/2029,2024,5290000
1030 TRIBUNAL DE JUSTICA DO ESTADO DE MINAS GERAIS,1031024 GEOB,12461,-,Em Concepção e Planejamento,"Prestação de serviços de acompanhamento no local da execução da drenagem sub-superficial do terreno onde encontra-se construído o prédio da unidade Fórum Lafayette, para análise das características dos solos escavados.",06/06/2024,27/10/2025,2024,25980
1030 TRIBUNAL DE JUSTICA DO ESTADO DE MINAS GERAIS,1031024 GEOB,12463,-,Em Concepção e Planejamento,Execução da retomada da obra de reforma e ampliação da edificação do Fórum da Comarca de Cachoeira de Minas/MG.,14/06/2024,22/09/2025,2024,4463945
1030 TRIBUNAL DE JUSTICA DO ESTADO DE MINAS GERAIS,1031024 GEOB,12465,-,Em Concepção e Planejamento,Execução da obra do muro de divisa do Fórum da Comarca de São Gotardo,18/06/2024,28/02/2025,2024,221524
1030 TRIBUNAL DE JUSTICA DO ESTADO DE MINAS GERAIS,1031024 GEOB,12474,-,Em Concepção e Planejamento,Obra de construção do novo Fórum da Comarca de Andrelândia/MG.,26/06/2024,03/12/2025,2024,6824922
1030 TRIBUNAL DE JUSTICA DO ESTADO DE MINAS GERAIS,1031024 GEOB,12476,-,Em Concepção e Planejamento,Obra de construção do novo Fórum da Comarca de Montalvânia/MG.,30/10/2023,05/12/2025,2024,7200966
1030 TRIBUNAL DE JUSTICA DO ESTADO DE MINAS GERAIS,1031024 GEOB,12479,-,Em Concepção e Planejamento,"Retomada das obras de adequações na estrutura física para acessibilidade dos Fóruns das Comarcas de Bonfim, Carandaí e Lagoa Santa/MG.",08/07/2024,02/08/2025,2024,1694159
1030 TRIBUNAL DE JUSTICA DO ESTADO DE MINAS GERAIS,1031024 GEOB,12480,-,Em Concepção e Planejamento,Execução da obra de adequação da estrutura física para acessibilidade do Fórum da Comarca de Santa Luzia/MG.,09/07/2024,04/06/2025,2024,279440
1030 TRIBUNAL DE JUSTICA DO ESTADO DE MINAS GERAIS,1031024 GEOB,12481,-,Em Concepção e Planejamento,Reforma parcial do Fórum da Comarca de Itamonte/MG.,15/07/2024,21/01/2026,2024,1815972
1030 TRIBUNAL DE JUSTICA DO ESTADO DE MINAS GERAIS,1031024 GEOB,12483,-,Em Concepção e Planejamento,"Obra de reforma geral no Edifício denominado ""Parque Andradas"", localizado na Av. dos Andradas, n° 644 - Centro, Belo Horizonte-MG, para instalação da Escola Judicial Desembargador Edésio Fernandes - EJEF",16/07/2024,07/04/2026,2024,31359198
1030 TRIBUNAL DE JUSTICA DO ESTADO DE MINAS GERAIS,1031024 GEOB,12484,-,Em Concepção e Planejamento,Obra de construção do novo Fórum da Comarca de Salinas/MG,17/07/2024,23/04/2026,2024,16048582
1030 TRIBUNAL DE JUSTICA DO ESTADO DE MINAS GERAIS,1031024 GEOB,12485,-,Em Concepção e Planejamento,Reforma parcial para implantação do reservatório inferior no Fórum da Comarca de Pratápolis,17/07/2024,29/03/2025,2024,178092
1030 TRIBUNAL DE JUSTICA DO ESTADO DE MINAS GERAIS,1031024 GEOB,12487,-,Em Concepção e Planejamento,Adequações na estrutura física para prevenção e combate a incêndio no Edifício Tancredo Neves.,29/02/2024,14/04/2025,2024,361656
1030 TRIBUNAL DE JUSTICA DO ESTADO DE MINAS GERAIS,1031024 GEOB,12490,-,Em Concepção e Planejamento,O objeto do presente instrumento é a obra de construção do novo Fórum da Comarca de Campina Verde/MG.,23/08/2024,15/04/2026,2024,10476736
1090 PROCURADORIA GERAL DE JUSTICA,1091034 SEA,11878,-,Em Concepção e Planejamento,"Reforma visando à instalação do Centro de Convenções do Ministério Público do Estado de Minas Gerais localizado no pavimento térreo da Av. Álvares Cabral 1690, 1740 e Rua Dias Adorno 367 em Belo Horizonte.",13/06/2022,21/02/2027,2022,30002750
1090 PROCURADORIA GERAL DE JUSTICA,1091034 SEA,12208,-,Em Concepção e Planejamento,"Implantação de sede própria do Ministério Público do Estado de Minas Gerais na comarca de Varginha. A referida implantação contempla a elaboração de projetos executivos, orçamento e a execução da obra.",31/07/2023,01/07/2028,2023,300000
1090 PROCURADORIA GERAL DE JUSTICA,1091034 SEA,12322,-,Em Concepção e Planejamento,"Implantação de sede própria do Ministério Público do Estado de Minas Gerais na comarca de Mariana. A referida implantação contempla a elaboração de serviços preliminares, projetos executivos, orçamento, avaliação da conformidade de projeto estrutural e a execução da obra.",28/11/2023,01/12/2026,2023,12441
1090 PROCURADORIA GERAL DE JUSTICA,1091034 SEA,12323,-,Em Concepção e Planejamento,"Implantação de sede própria do Ministério Público do Estado de Minas Gerais na comarca de Capelinha. A referida implantação contempla a elaboração de serviços preliminares, projetos executivos, orçamento, avaliação da conformidade de projeto estrutural e a execução da obra.",28/11/2023,01/12/2026,2023,11281
1090 PROCURADORIA GERAL DE JUSTICA,1091099 DPRO - SEA,10809,-,Em Concepção e Planejamento,"Implantação de sede própria do Ministério Público do Estado de Minas Gerais na comarca de Ribeirão das Neves. A referida implantação contempla a elaboração dos projetos executivos, orçamento, avaliação da conformidade de projeto estrutural e a execução da obra.",16/05/2019,28/02/2025,2019,18017146
1090 PROCURADORIA GERAL DE JUSTICA,1091099 DPRO - SEA,10811,-,Em Concepção e Planejamento,"Implantação de sede própria do Ministério Público do Estado de Minas Gerais na comarca de Ipatinga. A referida implantação contempla a elaboração dos projetos executivos, orçamento, avaliação da conformidade de projeto estrutural e a execução da obra.",16/05/2019,01/02/2026,2019,458601
1090 PROCURADORIA GERAL DE JUSTICA,1091099 DPRO - SEA,10813,-,Em Concepção e Planejamento,"Implantação da ampliação e reforma da sede própria do Ministério Público do Estado de Minas Gerais na comarca de Montes Claros. A referida implantação contempla a elaboração dos projetos executivos, orçamento, avaliação da conformidade de projeto estrutural e a execução da obra.",16/05/2019,15/01/2026,2019,7792975
1190 SECRETARIA DE ESTADO DE FAZENDA DE MINAS GERAIS,1191001 SPGF/GERENCIAL/SEF,12184,02,Intenção,"AF/Ouro Preto - Adaptação de rampas de acesso para atender pessoas com dificuldade de locomoção, conforme legislação vigente. Necessidade de elaborar e executar projeto de incêndio para atender a legislação vigente.",01/01/2025,31/12/2025,2023,500000
1190 SECRETARIA DE ESTADO DE FAZENDA DE MINAS GERAIS,1191001 SPGF/GERENCIAL/SEF,12185,03,Intenção,"SRF/Uberaba - Troca de pisos; Conserto/substituição de janelas de ferro/vidro; pintura das paredes externas, internas e das janelas de ferro; Conserto/substituição dos portões eletrônicos; elevação das grades externas; Manutenção telhado; Contenção infiltrações.",01/01/2025,31/12/2025,2023,1241806
1190 SECRETARIA DE ESTADO DE FAZENDA DE MINAS GERAIS,1191001 SPGF/GERENCIAL/SEF,12187,05,Intenção,"AF/Guaxupé - Troca do telhado, troca do gesso, reparação elétrica e hidráulica. Pintura externa e interna. Restauração ou troca de portas e janelas, troca das persianas.",01/01/2025,31/12/2025,2023,500000
1190 SECRETARIA DE ESTADO DE FAZENDA DE MINAS GERAIS,1191001 SPGF/GERENCIAL/SEF,12188,06,Intenção,"DBENS/SPGF - Elaboração dos projetos executivos e contratação de serviços para reforma da fachada, telhado, piso, estrutural, Cadastro elétrico geral do prédio; PSCIP; SPDA; restruturação interna.",01/01/2025,31/12/2025,2023,2100000
1190 SECRETARIA DE ESTADO DE FAZENDA DE MINAS GERAIS,1191001 SPGF/GERENCIAL/SEF,12192,07,Intenção,SRF Uberlândia - Reforma da fachada do imóvel que contém placas de mármore e manutenção da rede hidráulica e sanitária do prédio.,01/01/2025,31/12/2025,2023,1200000
1190 SECRETARIA DE ESTADO DE FAZENDA DE MINAS GERAIS,1191001 SPGF/GERENCIAL/SEF,12464,-,Intenção,"AF/2º NÍVEL/MURIAÉ - 2ª Etapa - Execução do PSCIP, Execução de nova Entrada de Energia Energisa, reforma das instalações elétricas, ar condicionado, telefonia e rede lógica. Conserto de infiltrações e rede de drenagem da área externa. Reparos extras em geral.",01/01/2025,31/12/2025,2024,1500000
1190 SECRETARIA DE ESTADO DE FAZENDA DE MINAS GERAIS,1191001 SPGF/GERENCIAL/SEF,12467,-,Intenção,"AF/2º Nível/Governador Valadares - Reparo dos danos, pintura de paredes e tetos, reparo do portão na entrada, desempeno pintura e colocação de fechadura mais apropriada.",01/01/2025,31/12/2026,2024,250000
1190 SECRETARIA DE ESTADO DE FAZENDA DE MINAS GERAIS,1191001 SPGF/GERENCIAL/SEF,12468,-,Intenção,"AF/2º Nível/Araçuaí - Reforma geral: sala de atendimento, placa de identificação para a AF, substituir todo o piso da Unidade, correções do reboco das paredes internas, pintura interna, Portas de entradas, 02(dois) banheiros, cozinha, manutenção na rede hidráulica e elétrica.",01/01/2026,31/12/2026,2024,220000
1190 SECRETARIA DE ESTADO DE FAZENDA DE MINAS GERAIS,1191001 SPGF/GERENCIAL/SEF,12469,-,Intenção,"AF/2º Nível/Varginha - Recuperação do reboco superior e lateral com remoção, preparo e aplicação de grampos de fixação e tela para que a argamassa própria para construção seja aplicada, pintura interna e externa.",01/01/2025,31/12/2025,2024,250000
1190 SECRETARIA DE ESTADO DE FAZENDA DE MINAS GERAIS,1191001 SPGF/GERENCIAL/SEF,12470,-,Intenção,"AF/2º Nível/Pirapora - Execução de reforma com aumento de construção do prédio cedido pelo DER , instalação de padrão de luz, trocar toda parte elétrica, água, sanitários, rampa de acesso, cozinha, arquivo morto, porta de entrada, janelas, ar condicionado, piso, ponto lógico, fiação externa, pintura",01/01/2025,31/12/2025,2024,300000
1190 SECRETARIA DE ESTADO DE FAZENDA DE MINAS GERAIS,1191001 SPGF/GERENCIAL/SEF,12472,-,Intenção,AF/2º Nível/Januária - Troca de todo madeiramento do telhado e das telhas. Será necessário fazer parte estrutural de vigas e colunas de sustentação do telhado. Troca do piso ( está todo solto),01/01/2025,31/12/2025,2024,300000
1190 SECRETARIA DE ESTADO DE FAZENDA DE MINAS GERAIS,1191001 SPGF/GERENCIAL/SEF,12473,-,Intenção,"SRF/Belo Horizonte - Modernização dos elevadores, pois eles possuem mais de 40 anos de uso - Substituição dos motores e componentes eletrônicos necessários à modernização dos equipamentos, sem a necessidade de substituição das cabines.",01/01/2025,31/12/2025,2024,400000
"1230 SECRET. DE ESTADO DE AGRICULTURA, PECUARIA E ABAST",1231021 SETOR DE COMPRAS/DCC/SEAPA,12157,-,Em Concepção e Planejamento,"Prestação de serviços para implantação de cercas para proteção de nascentes, matas ciliares e topos de morro para recuperação de áreas degradadas.",28/04/2023,27/01/2025,2023,5339971
"1230 SECRET. DE ESTADO DE AGRICULTURA, PECUARIA E ABAST",1231021 SETOR DE COMPRAS/DCC/SEAPA,12395,-,Obra em Execução,"Execução de obras de engenharia para a recuperação de estradas vicinais, construção de bacias de captação (barraginhas) e construção de terraços em nível",01/01/2024,29/06/2025,2024,4946438
"1230 SECRET. DE ESTADO DE AGRICULTURA, PECUARIA E ABAST",1231021 SETOR DE COMPRAS/DCC/SEAPA,12415,-,Em Concepção e Planejamento,"Prestação de serviços para implantação de cercas para proteção de nascentes, matas ciliares e topos de morro para recuperação de áreas degradadas.",27/02/2024,28/04/2025,2024,885092
1250 POLICIA MILITAR DE MINAS GERAIS,1252114 HPM/DS,11537,1,Intenção,"Realizar regularização, reforma/adequações e ampliações relacionadas à infraestrutura civil e arquitetônica, instalações elétricas, climatização e hidrosanitárias, para proporcionar o pleno funcionamento do hospital.",14/01/2022,18/06/2025,2021,114995000
1250 POLICIA MILITAR DE MINAS GERAIS,1254266 BTL RPAER/COMAVE,12446,-,Obra em Execução,"Contratação de empresa especializada da área de engenharia/arquitetura com a finalidade de realizar a construção do Hangar da 6ª Base Regional de Aviação do Estado (BRAVE) da Polícia Militar de Minas Gerais, situado na avenida Alcoa, nº 6.600, bairro Jardim Aeroporto – Poços de Caldas/MG.",05/01/2024,05/01/2025,2024,1699000
1250 POLICIA MILITAR DE MINAS GERAIS,1259214 UNIDADE VIRTUAL DO DEOP,12238,012023,Intenção,"ELAB.PROJETOS EXECUTIVOS PARA RESTAURO, REFORMA E AMPLIACAO DO COMPLEXO DO HOSPITAL DA POLÍCIA MILITAR DE BELO HORIZONTE",30/09/2023,31/12/2025,2023,3887916
1250 POLICIA MILITAR DE MINAS GERAIS,1259214 UNIDADE VIRTUAL DO DEOP,12430,0732023,Em Concepção e Planejamento,"ELAB.PROJETOS EXECUTIVOS PARA RESTAURO, REFORMA E AMPLIACAO DO COMPLEXO DO HOSPITAL DA POLÍCIA MILITAR DE BELO HORIZONTE",12/04/2024,30/04/2026,2024,1821434
1250 POLICIA MILITAR DE MINAS GERAIS,1259759 EM3RPM/3 RPM,12133,1,Em Concepção e Planejamento,Construção da nova sede da 1ª Cia PM Ind. da Polícia Militar de Minas Gerais na cidade de Nova Lima com recursos de convênio com o município.,01/01/2023,27/04/2025,2023,6677142
1250 POLICIA MILITAR DE MINAS GERAIS,1259760 EM9RPM/9 RPM,12491,-,Intenção,Reforma das instalações do NAIS/9ª RPM,01/01/2025,31/12/2025,2024,400000
1250 POLICIA MILITAR DE MINAS GERAIS,1259760 EM9RPM/9 RPM,12493,-,Intenção,Reforma das instalações do SAS/53º BPM - 9ª RPM,01/01/2025,31/12/2025,2024,50000
1250 POLICIA MILITAR DE MINAS GERAIS,1259973 EM18RPM/18 RPM,12494,-,Intenção,reforma do consultório médico da SAS do 43 BPM,01/01/2025,31/12/2025,2024,33000
1250 POLICIA MILITAR DE MINAS GERAIS,1259975 EM7RPM/7 RPM,12489,-,Em Concepção e Planejamento,"Prestação de serviços de engenharia/arquitetura com a finalidade de realizar a obra de construção da nova sede da 107 Companhia da Polícia Militar no município de Lagoa da Prata/MG, Av. Dr. Antenor Chagas Madeira, 970, esquina com a rua Raul Gomes Bernardes, Lagoa da Prata – MG",02/08/2024,09/06/2025,2024,3234000
1260 SECRETARIA DE ESTADO DE EDUCACAO,1261556 TDCO - PMMG/SEE,11759,01,Em Concepção e Planejamento,"Execução de obras de ampliação e reforma do Colégio Tiradentes da Polícia Militar (CTPM) Patos de Minas/MG. Valores englobam, elaboração de projetos Executivos e Arquitetônicos, execução da obra e contratação do Supervisor/Fiscal.",01/12/2021,31/12/2027,2021,7332417
1260 SECRETARIA DE ESTADO DE EDUCACAO,1261556 TDCO - PMMG/SEE,11809,1,Em Concepção e Planejamento,Contratação de empresa de arquitetura/engenharia para elaboração obra de reforma e ampliação dos Colégios Tiradentes Unidade Avelino Camargos (Contagem).,31/10/2022,31/05/2026,2022,5930000
1260 SECRETARIA DE ESTADO DE EDUCACAO,1261556 TDCO - PMMG/SEE,11900,-,Em Concepção e Planejamento,Contratação de empresa de arquitetura/engenharia para elaboração da obra de reforma e ampliação do Colégio Tiradentes Unidade Minas Caixa (Belo Horizonte).,31/10/2022,31/12/2025,2022,1800000
1260 SECRETARIA DE ESTADO DE EDUCACAO,1261556 TDCO - PMMG/SEE,11901,-,Em Concepção e Planejamento,Contratação de empresa de arquitetura/engenharia para elaboração da obra de reforma e ampliação do Colégio Tiradentes Unidade Vespasiano (Vespasiano),31/07/2024,31/12/2025,2022,5408294
1260 SECRETARIA DE ESTADO DE EDUCACAO,1261556 TDCO - PMMG/SEE,11972,-,Em Concepção e Planejamento,Contratação de Empresa de Arquitetura/Engenharia para Execução de Obras e Serviços de Engenharia de Reforma e Ampliação do CTPM - Unidade Gameleira.,01/10/2022,20/05/2223,2022,1617500
1260 SECRETARIA DE ESTADO DE EDUCACAO,1261556 TDCO - PMMG/SEE,12103,-,Em Concepção e Planejamento,"Construção, reforma e adaptação nas dependências do Colégio Tiradentes da Polícia Militar em Lavras/MG, situado à Rua Comandante Nélio, nº 247, bairro Santa Efigênia, Lavras/MG",24/01/2023,14/05/2025,2023,3900593
1260 SECRETARIA DE ESTADO DE EDUCACAO,1261556 TDCO - PMMG/SEE,12173,-,Em Concepção e Planejamento,"Contratação de empresa de engenharia/arquitetura para construção e reforma necessárias à ampliação do Colégio Tiradentes - Unidade Barbacena, conforme acordado no TDCO.",06/06/2023,01/02/2025,2023,4790788
1260 SECRETARIA DE ESTADO DE EDUCACAO,1261556 TDCO - PMMG/SEE,12247,-,Em Concepção e Planejamento,"CONTRATAÇÃO DE EMPRESA ESPECIALIZADA EM ENGENHARIA/ARQUITETURA DESTINADA A EXECUTAR A REFORMA E AMPLIAÇÃO DO DO COLÉGIO TIRADENTES DA POLÍCIA MILITAR (CTPM) EM DIVINÓPOLIS/MG SITUADO À RUA MATO GROSSO Nº 1800, BAIRRO AFONSO PENA, CEP.: 35500-067",07/07/2023,18/09/2025,2023,7799841
1260 SECRETARIA DE ESTADO DE EDUCACAO,1261999 OBRAS - DEOP,12281,038/2023,Em Concepção e Planejamento,"Elaboração de projetos executivos para reforma geral, reforço estrutural e adequações de acessibilidade para os prédios da Escola Estadual Antônio Marinho Campos",27/09/2023,01/02/2025,2023,217706540
1260 SECRETARIA DE ESTADO DE EDUCACAO,1261999 OBRAS - DEOP,12286,EDITAL40/2023,Em Concepção e Planejamento,"ELABORAÇÃO DE PROJETOS EXECUTIVOS PARA REFORMA GERAL, REFORÇO, ESTRUTURAL E ADEQUAÇÕES DE ACESSIBILIDADE PARA OS PRÉDIOS DA ESCOLA ESTADUAL JOSEPH STALIM ROMANO, UNIDADE INTEGRANTE DA SECRETARIA DE ESTADO DE EDUCAÇÃO, NO MUNICÍPIO DE NANUQUE, ESTADO DE MINAS GERAIS",27/09/2023,08/02/2025,2023,269332
1260 SECRETARIA DE ESTADO DE EDUCACAO,1261999 OBRAS - DEOP,12388,101/2023,Em Concepção e Planejamento,"Execução das obras de reforma e restauração do prédio da Escola Estadual Doutor Arthur Bernardes, Unidade Integrante da Secretaria de Estado de Educação, localizada no município de Sete Lagoas, Estado de Minas Gerais.",20/02/2024,07/02/2027,2024,9557051
1260 SECRETARIA DE ESTADO DE EDUCACAO,1261999 OBRAS - DEOP,12390,102/2023,Em Concepção e Planejamento,"execução das obras de reforma das Escolas Estaduais Indígenas Maxakali, unidades da Secretaria de Estado de Educação, localizadas nos municípios de Ladaínha, Topázio (Teófilo Otoni), Santa Helena de Minas e Bertópolis, Estado de Minas Gerais",29/02/2024,12/02/2027,2024,9874915
1260 SECRETARIA DE ESTADO DE EDUCACAO,1261999 OBRAS - DEOP,12397,1132023,Em Concepção e Planejamento,ELABORACAO DE PROJETOS EXECUTIVOS PARA REFORMA E AMPLIACAO DA SRE DE MONTES CLAROS,08/03/2024,31/03/2025,2024,451579
1260 SECRETARIA DE ESTADO DE EDUCACAO,1261999 OBRAS - DEOP,12401,1092023,Em Concepção e Planejamento,EXECUCAO DAS OBRAS DE REFORMA E RESTAURACAO DO PREDIO DA E.E.DOM PEDRO II DE OURO PRETO,15/03/2024,30/09/2025,2024,7929153
1260 SECRETARIA DE ESTADO DE EDUCACAO,1261999 OBRAS - DEOP,12408,1182023,Em Concepção e Planejamento,"ELAB.PROJET.EXECUT.REFORMA E CONTENCAO E ESTABILIDADE DE TALUDE DA EE.SAO JOSE,, ALEM PARAIBA",22/03/2024,31/03/2025,2024,735955
1260 SECRETARIA DE ESTADO DE EDUCACAO,1261999 OBRAS - DEOP,12426,1272023,Em Concepção e Planejamento,EXEC. OBRAS DE ESTABILIZACAO DE TALUDES E ESTRUTURAS DE CONTENCAO DA EE.DOM CIRILO DE PAUOLA-RAPOSOS,10/04/2024,28/02/2025,2024,3436141
1260 SECRETARIA DE ESTADO DE EDUCACAO,1261999 OBRAS - DEOP,12428,1192023,Em Concepção e Planejamento,ELAB. DE PROJETOS PARA REFORMA GERAL E RESTAURACAO DA E.E. MESTRE CANDINHO EM CORDISBURGO,11/04/2024,31/01/2025,2024,302733
1260 SECRETARIA DE ESTADO DE EDUCACAO,1261999 OBRAS - DEOP,12432,1212023,Em Concepção e Planejamento,ELAB.PROJ.EXECUT.REFORMA DA EDIFICACAO DA EE.JULIETA DE OLIVEIRA MACEDO DE MURIAE,16/04/2024,31/01/2025,2024,148000
1260 SECRETARIA DE ESTADO DE EDUCACAO,1261999 OBRAS - DEOP,12444,1172023,Em Concepção e Planejamento,ELAB.PROJ.EXECUT.REFORMA E RESTAURACAO DO PREDIO EE.OLEGÁRIO MACIEL DE BELO HORIZONTE,02/05/2024,31/01/2025,2024,340231
1260 SECRETARIA DE ESTADO DE EDUCACAO,1261999 OBRAS - DEOP,12457,1222023,Em Concepção e Planejamento,EXEC.OBRAS DE REF.REST.PREDIOS DO INSTITUTO DE EDUCACAO DE MINAS GERAIS EM BELO HORIZONTE,28/05/2024,31/05/2027,2024,40219127
1300 SECRET. DE ESTADO DE INFRAESTRUTURA E MOBILIDADE,1301017 COMPRAS,8005,4148,Obra em Execução,Belo Horizonte - Reforma muro Mineirinho,12/08/2013,31/12/2025,2013,1000
1300 SECRET. DE ESTADO DE INFRAESTRUTURA E MOBILIDADE,1301017 COMPRAS,9444,-,Em Concepção e Planejamento,Elaboração de projeto das obras de contenção de encosta dos setores de risco em varios municipios de Minas Gerais,14/12/2013,30/12/2026,2015,11351286
1300 SECRET. DE ESTADO DE INFRAESTRUTURA E MOBILIDADE,1301017 COMPRAS,9817,-,Em Concepção e Planejamento,SERVIÇOS DE CONSULTORIA PARA PROJETOS DE REQUALIFICAÇÃO URBANA E AMBIENTAL DO RIBEIRÃO BH/CONTAGEM,15/08/2016,01/02/2025,2016,442946150
1300 SECRET. DE ESTADO DE INFRAESTRUTURA E MOBILIDADE,1301017 COMPRAS,9938,959,Em Concepção e Planejamento,CONSTRUÇÃO DE CADEIA PÚBLICA NO MUNICÍPIO DE PIRAPORA.,01/01/2017,30/12/2025,2017,15528882
1300 SECRET. DE ESTADO DE INFRAESTRUTURA E MOBILIDADE,1301017 COMPRAS,10297,62357,Em Concepção e Planejamento,EXECUÇÃO DOS TRABALHOS DE CONCLUSÃO DOS SERVIÇOS DE DEMOLIÇÃO DE EDIFICAÇÕES E REMOÇÃO DOS MATERIAIS DEMOLIDOS NAS VILAS ESPORTES CLUBE E MADRE GERTRUDES EM BELO HORIOZNTE E VILA ITAU CANAL E SAMAG EM CONTAGEM DO EMPREENDIMENTO REQUALIFICAÇÃO AMBIENTAL DO CORREGO FERRUGEM.,22/02/2018,30/12/2025,2018,3280000
1300 SECRET. DE ESTADO DE INFRAESTRUTURA E MOBILIDADE,1301017 COMPRAS,11517,-,Intenção,"bras de contenção de encostas em Nova Lima - Intervenção em setores de risco alto e muito alto, no âmbito do Programa PAC Gestão de Riscos e Resposta a Desastres.",01/01/2022,31/12/2026,2021,12455547
1300 SECRET. DE ESTADO DE INFRAESTRUTURA E MOBILIDADE,1301017 COMPRAS,11520,-,Intenção,"Obras de contenção de encostas em Santa Luzia - Intervenção em setores de risco alto e muito alto, no âmbito do Programa PAC Gestão de Riscos e Resposta a Desastres.",01/01/2022,31/12/2026,2021,10545612
1300 SECRET. DE ESTADO DE INFRAESTRUTURA E MOBILIDADE,1301017 COMPRAS,11521,-,Intenção,"Obras de contenção de encostas em Sabará - Intervenção em setores de risco alto e muito alto, no âmbito do Programa PAC Gestão de Riscos e Resposta a Desastres.",01/01/2022,31/12/2026,2021,6803510
1300 SECRET. DE ESTADO DE INFRAESTRUTURA E MOBILIDADE,1301017 COMPRAS,11522,-,Em Concepção e Planejamento,Melhoramento e pavimentação estradas vicinais do Estado de Minas Gerais em Varginha - Tres Pontas,01/01/2022,31/12/2026,2021,9575195
1300 SECRET. DE ESTADO DE INFRAESTRUTURA E MOBILIDADE,1301017 COMPRAS,11527,-,Intenção,"Pavimentação e melhoramentos de estrada vicinal no trecho Jaboticatubas-Lagoa Santa com extensão de 12,6 km.",30/12/2021,31/12/2026,2021,10000000
1300 SECRET. DE ESTADO DE INFRAESTRUTURA E MOBILIDADE,1301017 COMPRAS,11529,-,Intenção,REQUALIFICAÇÃO URBANA E AMBIENTAL DO RIBEIRÃO ARRUDAS - FNHIS/2009 - Construção de 64 unidades habitacionais.,01/03/2022,30/12/2025,2021,12600000
1300 SECRET. DE ESTADO DE INFRAESTRUTURA E MOBILIDADE,1301017 COMPRAS,11531,-,Intenção,REQUALIFICAÇÃO URBANA E AMBIENTAL DO RIBEIRÃO ARRUDAS - FNHIS/2009 - Continuidade da execução do PTTS (Programa de Trabalho Técnico-Social),01/03/2022,31/12/2025,2021,1000000
1300 SECRET. DE ESTADO DE INFRAESTRUTURA E MOBILIDADE,1301017 COMPRAS,11855,122022,Em Concepção e Planejamento,REMANESCENTE DAS OBRAS DE INFRAESTRUTURA PARA A CONCLUSAO DAS BACIAS DO CONTROLE DE CHEIAS DO CORREGO RIACHO DAS PEDRAS.,19/04/2022,30/12/2026,2022,59717707
1300 SECRET. DE ESTADO DE INFRAESTRUTURA E MOBILIDADE,1301017 COMPRAS,11944,-,Intenção,Adequação de estradas vicinais - Limeira do Oeste III,01/01/2022,31/12/2025,2022,30000000
1300 SECRET. DE ESTADO DE INFRAESTRUTURA E MOBILIDADE,1301017 COMPRAS,11945,-,Intenção,Adequação de estradas vicinais - Canápolis,01/01/2022,31/12/2026,2022,10000000
1300 SECRET. DE ESTADO DE INFRAESTRUTURA E MOBILIDADE,1301017 COMPRAS,11976,-,Intenção,"Pavimentação de estrada vicinal em Limeira do Oeste - Etapas 1 e 2 compreendem pavimentação e melhoria de 23,2 km e construção da Ponte sobre o Rio Ribeirão Lama.",30/12/2021,31/12/2025,2022,40000000
1300 SECRET. DE ESTADO DE INFRAESTRUTURA E MOBILIDADE,1301017 COMPRAS,11977,-,Intenção,"Execução de Obras de Contenção de Encostas em Cataguases/MG - Intervenção em setores de risco alto e muito alto, no âmbito do programa PAC Gestão de Riscos e Resposta a Desastres.",01/01/2022,31/12/2025,2022,17118565
1300 SECRET. DE ESTADO DE INFRAESTRUTURA E MOBILIDADE,1301017 COMPRAS,11984,-,Intenção,CONVENIO: 1301001279/2022 OBJETO: MELHORAMENTO DE VIA PÚBLICA E CONSTRUÇÃO DE PONTE QUE ABRANGE OS MUNICÍPIOS DE CONSOLAÇÃO/MG E CAMBUI.: SEI: 1300010003232/2022-58,31/01/2023,30/12/2025,2022,18000000
1300 SECRET. DE ESTADO DE INFRAESTRUTURA E MOBILIDADE,1301017 COMPRAS,12042,8740,Em Concepção e Planejamento,PRESTACAO DE SERVICOS DE IMPLEMENTACAO OBRA DE CONTROLE DE CHEIAS DO CORREGO RIACHO DA PEDRA PROJETO DE TRABALHO TECNICO SOCIAL PPS EM CONTAGEM,01/11/2022,25/01/2025,2022,3700000
1300 SECRET. DE ESTADO DE INFRAESTRUTURA E MOBILIDADE,1301017 COMPRAS,12051,362022,Intenção,"PRESTACAO SERVICOS DE APOIO TECNICO AO GERENCIAMENTO E SUPERVISAO DE OBRAS, E SUPORTE ADMINISTRATIVO, TECNICO E JURIDICO EM PROCEDIMENTOS EXPROPRIATÓRIOS E DE REASSENTAMENTO DE FAMÍLIA DA UEL",23/11/2022,09/11/2025,2022,6259348
1300 SECRET. DE ESTADO DE INFRAESTRUTURA E MOBILIDADE,1301017 COMPRAS,12204,-,Intenção,"CONCESSÃO DOS SERVIÇOS DE OPERAÇÃO, CONSERVAÇÃO, MANUTENÇÃO, MONITORAÇÃO, IMPLANTAÇÃO DE MELHORIAS, AMPLIAÇÃO DE CAPACIDADE E MANUTENÇÃO DE NÍVEL DE SERVIÇO DO SISTEMA RODOVIÁRIO LOTE SUL DE MINAS.",11/11/2022,30/07/2053,2023,2011413383
1300 SECRET. DE ESTADO DE INFRAESTRUTURA E MOBILIDADE,1301017 COMPRAS,12219,-,Intenção,Melhoramento de estradas vicinais - Complementação ITAPAGIPE - CAMPINA VERDE,01/01/2023,31/12/2026,2023,26000000
1300 SECRET. DE ESTADO DE INFRAESTRUTURA E MOBILIDADE,1301017 COMPRAS,12221,-,Intenção,Melhoramento e pavimentação estradas vicinais do Estado de Minas Gerais ITURAMA,01/06/2023,31/12/2026,2023,2870210
1300 SECRET. DE ESTADO DE INFRAESTRUTURA E MOBILIDADE,1301017 COMPRAS,12222,-,Intenção,Melhoramento de estradas vicinais PARACATU II,01/06/2023,31/12/2025,2023,29100000
1300 SECRET. DE ESTADO DE INFRAESTRUTURA E MOBILIDADE,1301017 COMPRAS,12235,-,Intenção,"Execução do Plano de Trabalho Técnico-Social - PTTS, que é uma exigência do contrato de financiamento PAC FERRUGEM",01/02/2024,31/12/2025,2023,591212
1300 SECRET. DE ESTADO DE INFRAESTRUTURA E MOBILIDADE,1301017 COMPRAS,12260,-,Intenção,PAC ARRUDAS - REGULARIZAÇÃO FUNDIARIA/SERVIÇOS DE REGULARIZAÇÃO FUNDIARIA REFERENTE AS INTERVENÇÕES DO EMPREENDIMENTO PAC ARRUDAS - 192 UNIDADES HABITACIONAIS,01/02/2024,31/12/2025,2023,1500000
1300 SECRET. DE ESTADO DE INFRAESTRUTURA E MOBILIDADE,1301017 COMPRAS,12263,-,Em Concepção e Planejamento,"Prestação dos serviços de gestão, operação e manutenção da Rede Metroferroviária, compreendendo a Linha 1 expandida (Nova Eldorado–Vilarinho) e implementação da Linha 2 (linha Nova Suíça-Barreiro).",01/07/2023,12/04/2028,2023,470156273
1300 SECRET. DE ESTADO DE INFRAESTRUTURA E MOBILIDADE,1301017 COMPRAS,12291,039/2023,Em Concepção e Planejamento,"DEMOLIÇÕES DE EDIFICAÇÕES E REMOÇÕES DOS MATERIAIS DEMOLIDOS NA VILA ESPORTE CLUBE, VILA MADRE GERTRUDES E VILA SÃO PAULO, NO MUNICÍPIO DE BELO HORIZONTE-MG, E VILA ITAÚ, VILA CANAL E VILA SAMAG, NO MUNICÍPIO DE CONTAGEM-MG",09/10/2023,24/09/2025,2023,2111405
1300 SECRET. DE ESTADO DE INFRAESTRUTURA E MOBILIDADE,1301017 COMPRAS,12292,-,Em Concepção e Planejamento,"METRÔ RMBH - Concessão comum da prestação dos serviços de gestão, operação e manutenção da rede metroferroviária, compreendendo a linha 1 expandida (Novo Eldorado-Vilarinho) e implementação da Linha 2 (Linha Nova Suiça-Barreiro)",23/10/2023,30/07/2053,2023,470156273
1300 SECRET. DE ESTADO DE INFRAESTRUTURA E MOBILIDADE,1301017 COMPRAS,12391,912023,Em Concepção e Planejamento,CONTINUIDADADE DA PRESTAÇÃO DE SERVIÇOS PARA A CONTINUIDADE DA IMPLEMENTAÇÃO DO PTTS-PROJETO DE TRABALHO TÉCNICO SOCIAL DA UEL EM BELO HORIZONTE E CONTAGEM,23/02/2024,28/02/2026,2024,1043647
1300 SECRET. DE ESTADO DE INFRAESTRUTURA E MOBILIDADE,1301017 COMPRAS,12423,5862,Em Concepção e Planejamento,"CONTRATAÇÃO, DE NATUREZA CONTINUADA, DE EMPRESA PARA PRESTAÇÃO DE SERVIÇOS DE SUPERVISÃO GERAL, MONITORAMENTO DOS INDICADORES DE DESEMPENHO E AVALIAÇÃO DOS PROJETOS, DAS EXPLORAÇÕES MEDIANTE CONCESSÃO OUTORGADA E PATROCINADA DE RODOVIAS LOTE 02 - SUL DE MINAS – Concessão PATROCINADA, com 454,30 km.",10/04/2024,30/04/2025,2024,2299897
1300 SECRET. DE ESTADO DE INFRAESTRUTURA E MOBILIDADE,1301017 COMPRAS,12434,0352023,Em Concepção e Planejamento,"CONTRATAÇÃO, DE NATUREZA CONTINUADA, DE EMPRESA PARA PRESTAÇÃO DE SERVIÇOS DE SUPERVISÃO GERAL, MONITORAMENTO DOS INDICADORES DE DESEMPENHO E AVALIAÇÃO DOS PROJETOS, DAS EXPLORAÇÕES MEDIANTE CONCESSÃO OUTORGADA E PATROCINADA DE RODOVIAS LOTE 01 - TRIÂNGULO MINEIRO – CONCESSÃO OUTORGADA,COM 627,40 KM",18/04/2024,30/04/2025,2024,3450975
1300 SECRET. DE ESTADO DE INFRAESTRUTURA E MOBILIDADE,1301017 COMPRAS,12453,4790,Em Concepção e Planejamento,LOTE 1– EXECUCAO DAS OBRAS DE ESTABILIZACAO E CONTENCAO DE ENCOSTAS EM AREAS URBANAS EM ALEM PARAIBA,17/05/2024,31/07/2025,2024,8288887
1300 SECRET. DE ESTADO DE INFRAESTRUTURA E MOBILIDADE,1301017 COMPRAS,12454,4804,Em Concepção e Planejamento,LOTE 2 - EXECUCAO DAS OBRAS DE ESTABILIZACAO E CONTENCAO DE ENCOSTAS EM AREAS URBANAS EM MURIAE,17/05/2024,31/05/2025,2024,4987144
1300 SECRET. DE ESTADO DE INFRAESTRUTURA E MOBILIDADE,1301017 COMPRAS,12458,352023,Intenção,"CONTRATACAO, DE NATUREZA CONTINUADA, DE EMPRESA PARA PRESTACAO DE SERVICOS DE SUPERVISAO GERAL, MONITORAMENTO DOS INDICADORES DE DESEMPENHO E AVALIACAO DOS PROJETOS, DAS EXPLORACOES MEDIANTE CONCESSAO OUTORGADA E PATROCINADA DE RODOVIAS LOTE 03 - RODOVIA MG-424 – CONCESSAO OUTORGADA, COM 51,09 KM.",29/05/2024,30/06/2025,2024,1735538
1300 SECRET. DE ESTADO DE INFRAESTRUTURA E MOBILIDADE,1301017 COMPRAS,12475,-,Em Concepção e Planejamento,"Supervisao Geral do LOTE 04 - RODOANEL – Concessao PATROCINADA, com 70,22 km",28/06/2024,30/07/2025,2024,2137402
1300 SECRET. DE ESTADO DE INFRAESTRUTURA E MOBILIDADE,1301017 COMPRAS,12505,-,Intenção,Pavimentação do trecho Pimenta - Guapé,30/10/2024,30/12/2026,2024,60237100
1300 SECRET. DE ESTADO DE INFRAESTRUTURA E MOBILIDADE,1301017 COMPRAS,12506,-,Intenção,Pavimentação na via Rua 10 (Estrada da Amizade) que liga Coronel Fabriciano até a divisa com o município de ipatinga.,30/12/2023,30/12/2026,2024,4785929
1300 SECRET. DE ESTADO DE INFRAESTRUTURA E MOBILIDADE,1301017 COMPRAS,12507,-,Intenção,Construção de Passarela na Rodovia MG-010 Belo Horizonte,30/12/2023,30/12/2025,2024,5958665
1300 SECRET. DE ESTADO DE INFRAESTRUTURA E MOBILIDADE,1301017 COMPRAS,12508,-,Intenção,Pavimentação de estrada vicinais em Minas Gerais- Carneirinho.,30/12/2024,30/12/2026,2024,19489796
1300 SECRET. DE ESTADO DE INFRAESTRUTURA E MOBILIDADE,1301017 COMPRAS,12509,-,Intenção,"Aquisição de elementos estruturais (vigas, bueiros, mata burros, abrigos) para doação aos municipios",30/03/2025,30/12/2025,2024,7995168
1300 SECRET. DE ESTADO DE INFRAESTRUTURA E MOBILIDADE,1301606 DER,12477,-,Em Concepção e Planejamento,"MELHORAMENTO E PAVIMENTAÇÃO EM RODOVIA DE LIGAÇÃO NO TRECHO ENTRº LMG-690 (PARACATU) - ENTRº ENTRE RIBEIROS - LOTE 1 - SEGMENTO 1 (0 A 835), EXTENSÃO: 16,700 KM E SEGMENTO 2 (835 A 1250),",09/01/2024,29/10/2025,2024,26112374
1300 SECRET. DE ESTADO DE INFRAESTRUTURA E MOBILIDADE,1301608 DEER,12136,-,Em Concepção e Planejamento,DC-006/2023-Implantação do Sub-trecho: Entrº LMG-865 (Limeira do Oeste) - Entrº Estrada Mun. Antônio Cabrera Mano - (Limeira III; e construção da Ponte sobre o Rib. Reserva,20/03/2023,30/04/2025,2023,30000000
1300 SECRET. DE ESTADO DE INFRAESTRUTURA E MOBILIDADE,1301608 DEER,12324,-,Em Concepção e Planejamento,"DC 016/2023-Melhoramento e Pavimentação do ACESSO CMAA - Trevo de CANÁPOLIS, Rodovia Municipal, com 2,860 km de extensão.",14/11/2023,14/01/2025,2023,9434565
1300 SECRET. DE ESTADO DE INFRAESTRUTURA E MOBILIDADE,1301800 SETOP/DEOP,8657,940,Em Concepção e Planejamento,"Exec. Obras do Complemento da Requalif. Urb. e Ambiental do Ribeirão Arrudas”, no trecho entre o Viaduto do Barreiro e a Av. Presidente Castelo Branco, em BH e Contagem/MG.",09/06/2014,30/12/2026,2014,16019989
1300 SECRET. DE ESTADO DE INFRAESTRUTURA E MOBILIDADE,1301800 SETOP/DEOP,8705,935,Obra em Execução,"Obras de Implantaçãode Unidades Habitacionais destinadas a reassentam. familiar na área 02,02A,04,06,07 e 08 - Lote 1 - Córrego Ferrugem, nos Municiípios de Belo Horizonte e Contagem/MG.",25/06/2014,31/12/2025,2014,57556768
1320 SECRETARIA DE ESTADO DA SAUDE,1320043 UNIDADE DE COMPRAS - CONVENIO DEOP,11933,222022,Em Concepção e Planejamento,ELAB.PROJ.EXECUT.REFORMA E ADEQUACAO DO PREDIO DA SUPERINTENDENCIA REGIONAL DE SAUDE DE BARBACENA,27/07/2022,15/07/2025,2022,215000
1320 SECRETARIA DE ESTADO DA SAUDE,1320043 UNIDADE DE COMPRAS - CONVENIO DEOP,12077,452022,Obra em Execução,"CONCLUSAO DA OBRA DO HOSPITAL REGIONAL DE DIVINOPOLIS, COM A ELABO.PROJ.BASICOS E EXECUTIVOS, E DEMAIS SERVICOS CONEXOS NECESSARIOS A CONCLUSAO E OPERAAOO DO HOSPITAL",12/01/2023,13/01/2025,2023,39500000
1320 SECRETARIA DE ESTADO DA SAUDE,1320043 UNIDADE DE COMPRAS - CONVENIO DEOP,12078,022023,Em Concepção e Planejamento,"CONCLUSAO DA OBRA DO HOSPITAL REGIONAL DE CONSLEHEIRO LAFAIETE, COM A ELABO.PROJ.BASICOS E EXECUTIVOS, E DEMAIS SERVICOS CONEXOS NECESSARIOS A CONCLUSAO E OPERAAOO DO HOSPITAL",10/01/2023,01/07/2025,2023,31497673
1320 SECRETARIA DE ESTADO DA SAUDE,1320043 UNIDADE DE COMPRAS - CONVENIO DEOP,12084,042023,Em Concepção e Planejamento,"CONCLUSAO DA OBRA DO HOSPITAL REGIONAL DE SETE LAGOAS, COM A ELABO.PROJ.BASICOS E EXECUTIVOS, E DEMAIS SERVICOS CONEXOS NECESSARIOS A CONCLUSAO E OPERAAOO DO HOSPITAL",12/01/2023,22/01/2026,2023,98297172
1320 SECRETARIA DE ESTADO DA SAUDE,1320043 UNIDADE DE COMPRAS - CONVENIO DEOP,12110,422022,Em Concepção e Planejamento,ELAB.PROJ.EXECUT.AMPL..REF. DO PREDIO DA SRE DE UBERLANDIA,22/12/2022,30/11/2025,2023,158360
1320 SECRETARIA DE ESTADO DA SAUDE,1320043 UNIDADE DE COMPRAS - CONVENIO DEOP,12278,272023,Em Concepção e Planejamento,PREST.SERVICOS DE APOIO TEC.SUPERVISAO DE OBRAS E DE PROJETOS LOTE 01 - HOSP. CONSELHEIRO LAFAIETE,16/08/2023,31/03/2026,2023,2334817
1320 SECRETARIA DE ESTADO DA SAUDE,1320043 UNIDADE DE COMPRAS - CONVENIO DEOP,12279,282023,Em Concepção e Planejamento,PREST.SERVICOS DE APOIO TEC.SUPERVISAO DE OBRAS E DE PROJETOS LOTE 03 - HOSP. SETE LAGOAS,16/08/2023,30/09/2026,2023,2927035
1320 SECRETARIA DE ESTADO DA SAUDE,1320043 UNIDADE DE COMPRAS - CONVENIO DEOP,12335,472023,Em Concepção e Planejamento,PREST.SERVICOS DE APOIO TEC.SUPERVISAO DE OBRAS E DE PROJETOS LOTE 02 - HOSP. DIVINOPOLIS,06/12/2023,30/05/2026,2023,2382255
1320 SECRETARIA DE ESTADO DA SAUDE,1320043 UNIDADE DE COMPRAS - CONVENIO DEOP,12376,722023,Em Concepção e Planejamento,"ELAB.PROJ.EXECUT.REFORMA, ADEQUACAO E AMPLIACAO DO PREDIO SUPERINTENDENCIA REGIONAL TEOFILO OTONI.",08/02/2024,28/02/2025,2024,232188
1320 SECRETARIA DE ESTADO DA SAUDE,1320043 UNIDADE DE COMPRAS - CONVENIO DEOP,12393,072/2022,Em Concepção e Planejamento,"EXECUÇÃO DOS SERVIÇOS DE CONCLUSÃO DA 2ª ETAPA DA OBRA DO HOSPITAL REGIONAL DE GOVERNADOR VALADARES, EXECUÇÃO DO TREVO E DA ROTATÓRIA NA BR-116 – KM 407 E EXECUÇÃO DO ACESSO AO HOSPITAL PELA AVENIDA MINAS GERAIS",01/03/2024,11/08/2026,2024,83925146
1320 SECRETARIA DE ESTADO DA SAUDE,1321057 SES/DIR PLANEJAMENTO ORCAMENTO.,11285,01,Intenção,Reforma da estrutura física da sede administrativa da Unidade Regional de Saúde de Uberlândia.,31/05/2024,31/08/2025,2021,794000
1320 SECRETARIA DE ESTADO DA SAUDE,1321057 SES/DIR PLANEJAMENTO ORCAMENTO.,11286,02,Intenção,Reforma da estrutura física da sede administrativa da Unidade Regional de Saúde de Uberaba.,31/05/2024,31/08/2025,2021,1430451
1320 SECRETARIA DE ESTADO DA SAUDE,1321057 SES/DIR PLANEJAMENTO ORCAMENTO.,11288,04,Intenção,Reforma da estrutura física da sede administrativa da Unidade de Saúde de Teófilo Otoni.,31/05/2024,31/08/2025,2021,1628000
1320 SECRETARIA DE ESTADO DA SAUDE,1321057 SES/DIR PLANEJAMENTO ORCAMENTO.,11289,05,Intenção,Reforma da estrutura física da sede administrativa da Unidade de Saúde de Barbacena.,31/05/2024,31/08/2025,2021,1372000
1320 SECRETARIA DE ESTADO DA SAUDE,1321057 SES/DIR PLANEJAMENTO ORCAMENTO.,11291,07,Intenção,Reforma da estrutura física da sede administrativa da Unidade de Saúde de São João Del Rei.,31/05/2024,31/08/2025,2021,337413
1320 SECRETARIA DE ESTADO DA SAUDE,1321057 SES/DIR PLANEJAMENTO ORCAMENTO.,11292,08,Intenção,Reforma da estrutura física da sede administrativa da Unidade de Saúde de Ubá.,31/05/2024,31/08/2025,2021,999530
1400 CORPO DE BOMBEIROS MILITAR DE MINAS GERAIS,1401269 CSM SOFI - MOTOMEC,11535,-,Em Concepção e Planejamento,Restauração dos dois prédios do 1° Batalhão de Bombeiros Militar tombados pelo patrimônio histórico.,01/01/2022,19/10/2025,2021,3127160
1400 CORPO DE BOMBEIROS MILITAR DE MINAS GERAIS,1401408 5 COB - SOFI,12478,-,Em Concepção e Planejamento,CONSTRUÇÃO DO HANGAR DA 6ª CEOA - CBMMG - EM GOVERNADOR VALADARES,04/07/2024,31/12/2025,2024,3500000
1400 CORPO DE BOMBEIROS MILITAR DE MINAS GERAIS,1401818 CSM OBRAS BEMAD,12495,-,Intenção,CONSTRUÇÃO DA SEDE DA 6ª CIA IND,10/03/2025,30/07/2027,2024,5100000
1400 CORPO DE BOMBEIROS MILITAR DE MINAS GERAIS,1402007 6 COB - SECAO ORCAMENTARIA E FINANCEIRA,12460,009428641,Em Concepção e Planejamento,"Execução da construção de uma academia de musculação e vestiário na 2ª Cia/ 1ª Cia Ind BM no município de Passos/MG, com o emprego de mão de obra qualificada, com o fornecimento de materiais e equipamentos necessários",05/06/2024,04/06/2025,2024,246792
1400 CORPO DE BOMBEIROS MILITAR DE MINAS GERAIS,1402008 6 COB - SECAO ALMOXARIFADO,12459,-,Intenção,"Execução da construção de uma academia de musculação e vestiário na 2ª Cia/ 1ª Cia Ind BM no município de Passos/MG, com o emprego de mão de obra qualificada, com o fornecimento de materiais e equipamentos necessários",05/06/2024,04/06/2025,2024,246792
1450 SECRETARIA DE ESTADO DE JUSTICA E SEGURANCA PUBLIC,1451080 SIEL,7929,58,Intenção,construção do galpão em presidio de sete lagoas,01/01/2014,31/12/2101,2014,550000
1450 SECRETARIA DE ESTADO DE JUSTICA E SEGURANCA PUBLIC,1451606 SEINFRA/DEER,11806,-,Em Concepção e Planejamento,"ELABORAÇÃO DE PROJETOS EXECUTIVOS DE SEGURANÇA CONTRA INCÊNDIO E PÂNICO (PSCIP), PARA 13 (TREZE) UNIDADES SOCIOEDUCATIVAS DA SECRETARIA DE ESTADO DE JUSTIÇA E SEGURANÇA PÚBLICA (SEJUSP), LOCALIZADAS EM MUNICÍPIOS NO ESTADO DE MINAS GERAIS.",01/02/2022,05/05/2025,2022,300000
1450 SECRETARIA DE ESTADO DE JUSTICA E SEGURANCA PUBLIC,1451606 SEINFRA/DEER,12210,312023,Em Concepção e Planejamento,"REFORMA DA MURALHA, DA PASSARELA E DAS GUARITAS, E REFORCO ESTRUTURAL DA MURALHA DO COMPLEXO PENITENCIARIO NELSON HUNGRIA DE CONTAGEM",18/07/2023,08/07/2025,2023,12405000
1450 SECRETARIA DE ESTADO DE JUSTICA E SEGURANCA PUBLIC,1451606 SEINFRA/DEER,12313,020/2023,Obra em Execução,"Execução das obras de captação e tratamento de água (ETA), para abastecimento da Penitenciária Francisco Floriano de Paula, localizada no município de Governador Valadares, distrito de Nova Floresta, estado de Minas Gerais",14/11/2023,01/02/2026,2023,3830794
1450 SECRETARIA DE ESTADO DE JUSTICA E SEGURANCA PUBLIC,1451606 SEINFRA/DEER,12343,076/2023,Em Concepção e Planejamento,"Execução das obras de reforma e adequação do primeiro subsolo do prédio do Tribunal de Justiça do Estado de Minas Gerais - TJMG para abrigar o Centro Integrado de Atendimento ao Adolescente autor de ato Infracional de Belo Horizonte - CIA/BH, localizado no município de Belo Horizonte, Estado de MG",22/12/2023,31/07/2025,2023,981778
1450 SECRETARIA DE ESTADO DE JUSTICA E SEGURANCA PUBLIC,1451976 SEJUSP/CBMMG,12410,-,Obra em Execução,Reforma no Ginásio da ABM,25/03/2024,28/02/2025,2024,465481
1510 POLICIA CIVIL DO ESTADO DE MINAS GERAIS,1510084 SPGF/DMP/SETOR MANUTENCAO/UNID EXECUTORA,12435,1122023,Em Concepção e Planejamento,ELAB.PROJ.EXECUT.REFORMA E ADEQUACAO DO PREDIO DO ANTIGO FORUM DE CONTAGEM P/ABRIGAR UNIDADE PCMG,24/04/2024,31/01/2025,2024,307947
1510 POLICIA CIVIL DO ESTADO DE MINAS GERAIS,1510084 SPGF/DMP/SETOR MANUTENCAO/UNID EXECUTORA,12445,-,Em Concepção e Planejamento,ELAB.PROJ.EXECUT.RESTAURACAO E REFORMA GERAL ANTIGO PREDIO DO DETRAN-MG,02/05/2024,30/11/2025,2024,288848
2010 INST.DE PREVIDENCIA DOS SERVIDORES DO EST.M.GERAIS,2011020 GEASU-DEGES,6175,12,Obra em Execução,Reforma do imóvel Ipsemg em Itajubá,03/03/2016,20/12/2028,2016,600000
2010 INST.DE PREVIDENCIA DOS SERVIDORES DO EST.M.GERAIS,2011020 GEASU-DEGES,6177,14,Obra em Execução,Reforma do imóvel Ipsemg em Almenara,14/05/2013,20/12/2026,2013,260000
2010 INST.DE PREVIDENCIA DOS SERVIDORES DO EST.M.GERAIS,2011020 GEASU-DEGES,7881,21,Em Concepção e Planejamento,Reformas ala B do HGIP - 40%,13/05/2024,20/12/2026,2013,16000000
2010 INST.DE PREVIDENCIA DOS SERVIDORES DO EST.M.GERAIS,2011020 GEASU-DEGES,7885,24,Intenção,Manutenção imoveis proprios do IPSEMG,01/03/2025,20/12/2028,2014,14000000
2010 INST.DE PREVIDENCIA DOS SERVIDORES DO EST.M.GERAIS,2011020 GEASU-DEGES,9836,30,Em Concepção e Planejamento,Reforma da Quimioterapia - HGIP Projeto,01/05/2025,20/12/2026,2016,700000
2010 INST.DE PREVIDENCIA DOS SERVIDORES DO EST.M.GERAIS,2011020 GEASU-DEGES,9999,31,Em Concepção e Planejamento,Reforma da Endoscopia - HGIP,01/02/2025,01/05/2026,2017,1000000
2010 INST.DE PREVIDENCIA DOS SERVIDORES DO EST.M.GERAIS,2011020 GEASU-DEGES,10007,36,Intenção,Reforma em parte da Ala A do HGIP,01/05/2027,01/12/2028,2017,7500000
2010 INST.DE PREVIDENCIA DOS SERVIDORES DO EST.M.GERAIS,2011020 GEASU-DEGES,10013,40,Intenção,Reforma de manutenção no imóvel do Centro Regional,01/06/2025,01/09/2026,2017,300000
2010 INST.DE PREVIDENCIA DOS SERVIDORES DO EST.M.GERAIS,2011020 GEASU-DEGES,10014,41,Intenção,Reforma de manutenção no imóvel do Centro Regional,01/06/2025,01/12/2026,2017,680000
2010 INST.DE PREVIDENCIA DOS SERVIDORES DO EST.M.GERAIS,2011020 GEASU-DEGES,10015,42,Intenção,Reforma de manutenção no imóvel do Centro Regional.,01/05/2025,01/05/2026,2017,166700
2010 INST.DE PREVIDENCIA DOS SERVIDORES DO EST.M.GERAIS,2011020 GEASU-DEGES,10016,43,Intenção,Reforma de manutenção no imóvel do Centro Regional.,05/04/2027,20/12/2027,2017,1000000
2010 INST.DE PREVIDENCIA DOS SERVIDORES DO EST.M.GERAIS,2011020 GEASU-DEGES,10017,44,Intenção,Reforma em parte da Ala C do HGIP,05/04/2027,10/12/2028,2017,4600000
2010 INST.DE PREVIDENCIA DOS SERVIDORES DO EST.M.GERAIS,2011020 GEASU-DEGES,12236,72,Em Concepção e Planejamento,Reforma-manutenção das fachadas do HGIP - 25%,01/03/2025,20/12/2026,2023,2000000
2010 INST.DE PREVIDENCIA DOS SERVIDORES DO EST.M.GERAIS,2011291 IPSEMG DEOP OBRAS,12164,21/2023,Em Concepção e Planejamento,REFORMA DO PREDIO DA UNIDADE REGIONAL DO IPSEMG DE JUIZ DE FORA,12/06/2023,03/04/2025,2023,1377723
2010 INST.DE PREVIDENCIA DOS SERVIDORES DO EST.M.GERAIS,2011291 IPSEMG DEOP OBRAS,12429,1302023,Em Concepção e Planejamento,"REFORMA DA ALA B DO HOSP.GOV.ISRAEL PINHEIRO - HGIP, PSEMG, DE BELO HORIZONTE",11/04/2024,30/04/2026,2024,15507578
2090 FUNDACAO ESTADUAL DO MEIO AMBIENTE,2091149 TDCO/FEAM/DER,12349,53/2023,Em Concepção e Planejamento,"EXECUÇÃO DOS SERVIÇOS DE INTERVENÇÃO EM ÁREA CONTAMINADA POR MERCÚRIO, COM REMOÇÃO DO SOLO CONTAMINADO E DISPOSIÇÃO EM ATERRO CLASSE I, LOCALIZADA EM SERRA DA GRAMA, NO MUNICÍPIO DE DESCOBERTO, ESTADO DE MINAS GERAIS.",22/12/2023,15/12/2025,2023,4865327
2100 INSTITUTO ESTADUAL DE FLORESTAS-IEF,2101293 IEF/DEOP,12372,080/2023,Em Concepção e Planejamento,"Segunda etapa da reforma e ampliação das edificações que compõem o Parque Estadual Pico do Itambé e Fazenda São João, no município de Santo Antônio do Itambé/MG",25/01/2024,18/07/2025,2024,2219263
2200 INST. EST. DO PATRIMONIO HIST. E ARTISTICO DE MG,2201002 GLM/IEPHA,12024,1,Em Concepção e Planejamento,"O objeto do presente Contrato é a restauração arquitetônica, incluindo instalações complementares e restauração de elementos artísticos integrados da Igreja Matriz de Nossa Senhora Aparecida, localizada no distrito de Córregos, município de Conceição do Mato Dentro/MG.",28/04/2022,03/03/2025,2022,3710585
2260 FUNDACAO EZEQUIEL DIAS,2261036 ENGENHARIA E INFRAESTRUTURA,9150,9,Intenção,Projeot e obra de pavimentação e sinalização das ruas internas da FUNED.,15/01/2024,16/09/2025,2015,2000000
2260 FUNDACAO EZEQUIEL DIAS,2261036 ENGENHARIA E INFRAESTRUTURA,9151,10,Em Concepção e Planejamento,"Obras civis para adequação/revisão, atualização do projeto de Prevenção e Combate a Incêndio e Pânico, aprovado junto ao CBMMG. O valor será rateado nas 4 Diretorias. Projeto sofreá alterações devendo ser aprovado novamente.",01/02/2024,02/02/2025,2015,2400000
2260 FUNDACAO EZEQUIEL DIAS,2261036 ENGENHARIA E INFRAESTRUTURA,9848,-,Em Concepção e Planejamento,"Projeto e obra de adequação/construção de edificação da DIV DE CONTROLE DA QUALIDADE/DI. Ampliando, atualizando, e adequando, a infraestrutura que permita atender as demandas internas de análises do Controle e qualidade e capacidade.",11/03/2024,27/04/2028,2016,13500000
2260 FUNDACAO EZEQUIEL DIAS,2261036 ENGENHARIA E INFRAESTRUTURA,10870,-,Intenção,FÁBRICA DE SÓLIDOS POR VIA ÚMIDA - UNIDADE I - Será realizado o rateio entre as ações da DI.,01/12/2022,21/12/2026,2019,25000000
2260 FUNDACAO EZEQUIEL DIAS,2261036 ENGENHARIA E INFRAESTRUTURA,11402,-,Intenção,"Construção de refeitório, área para tratamento animal e área para resíduos na Fazenda experimental - Ação 4288",10/07/2024,10/08/2025,2021,2500000
2260 FUNDACAO EZEQUIEL DIAS,2261036 ENGENHARIA E INFRAESTRUTURA,12499,01,Intenção,Projeto de instalação para produção Fotovoltaica (Sede da Funed e Fazenda São Judas Tadeu),01/01/2025,31/12/2026,2024,23000000
2260 FUNDACAO EZEQUIEL DIAS,2261036 ENGENHARIA E INFRAESTRUTURA,12500,02,Intenção,Novo Prédio Administrativo da FUNED em Steel Frame (Unidade IV),01/01/2025,31/12/2026,2024,10000000
2260 FUNDACAO EZEQUIEL DIAS,2261036 ENGENHARIA E INFRAESTRUTURA,12501,03,Intenção,Instalação do sistema VRF (Variable Refrigerant Flow) no prédio central da FUNED.,01/01/2025,31/12/2025,2024,7000000
2260 FUNDACAO EZEQUIEL DIAS,2261036 ENGENHARIA E INFRAESTRUTURA,12502,04,Intenção,Execução de Obras da nova sede da Divisão de Controle de Qualidade.,01/01/2025,31/12/2027,2024,15000000
2260 FUNDACAO EZEQUIEL DIAS,2261036 ENGENHARIA E INFRAESTRUTURA,12503,05,Intenção,Execução de Obras de adequação da Unidade V da Funed,01/01/2025,31/12/2025,2024,180000
2260 FUNDACAO EZEQUIEL DIAS,2261336 UNIDADE DE COMPRAS - CONVENIO DEOP,12366,5531,Em Concepção e Planejamento,ELAB.PROJ.EXECUT.COMPLEMENT.ADEQ.REGULARIZAÇÃO DO PCIP DA FUNED- UNIDADE SEDE DE BELO HORIZONTE,05/01/2024,27/05/2025,2024,287024
2260 FUNDACAO EZEQUIEL DIAS,2261336 UNIDADE DE COMPRAS - CONVENIO DEOP,12367,6044,Em Concepção e Planejamento,ELAB.PROJ.EXECUT.COMPLEMENT.ADEQ.REGULARIZAÇÃO DO PCIP DA FUNED- FAZENDA SAO JUDAS TADEU DE BETIM,05/01/2024,26/01/2025,2024,79772
2270 FUNDACAO HOSPITALAR DO ESTADO DE MINAS GERAIS,500102 DEOP/FHEMIG/ADC/CONVENIO,12304,9396539,Em Concepção e Planejamento,"Elaboração de Projetos Executivos para a Reforma geral das alas “H” “F” e “I”, Ampliação e Adequação de outras Edificações que integram o Complexo do Hospital Júlia Kubitschek (HJK), unidade da Fundação Hospitalar do Estado de Minas Gerais (FHEMIG), localizada no município de Belo Horizonte.",21/10/2023,10/10/2026,2023,1299234
2270 FUNDACAO HOSPITALAR DO ESTADO DE MINAS GERAIS,500102 DEOP/FHEMIG/ADC/CONVENIO,12412,1002023,Em Concepção e Planejamento,ELAB.PROJ.EXECUT.ARQUIT.COMPLEMENTARES REFORMA PARCIAL DO HOSPITAL JOAO XXIII; REDE DE DISTRIBUICAO DE AGUA QUENTE E FRIA; INST.TELA DE MOSQUITEIRO E IMPLANT.SIST. PRESSURIZACAO DO HALL DOS ELEVADORES,01/04/2024,28/02/2025,2024,180670
2280 FUNDACAO DE EDUCACAO PARA TRABALHO DE MINAS GERAIS,2281330 TDCO-DER-UTRA,12215,32/2023,Em Concepção e Planejamento,"ELABORAÇÃO DE PROJETOS EXECUTIVOS PARA A REFORMA DOS PRÉDIOS QUE COMPÕEM A UTRAMIG - FUNDAÇÃO DE EDUCAÇÃO PARA O TRABALHO DE MINAS GERAIS, INSTITUIÇÃO LOCALIZADA NO MUNICÍPIO DE BELO HORIZONTE",24/07/2023,30/04/2025,2023,166755
2300 DEPARTAMENTO DE ESTRADAS DE RODAGEM,2301520 DER/DI/GAO - COMPRAS,8025,2206713,Obra em Execução,TRAB. DE OBRAS DE ARTE ESPEC. NO TRECHO ENTR LMG/690 (PARACATU) - ENTR ENTRE RIBEIROS - ENTR MG/181,23/08/2013,27/08/2025,2013,12818969
2300 DEPARTAMENTO DE ESTRADAS DE RODAGEM,2301520 DER/DI/GAO - COMPRAS,11304,-,Intenção,Araçaí - Sete Lagoas,01/10/2022,30/08/2025,2021,90500000
2300 DEPARTAMENTO DE ESTRADAS DE RODAGEM,2301520 DER/DI/GAO - COMPRAS,11305,-,Intenção,Araguari,01/10/2022,30/05/2025,2021,71000000
2300 DEPARTAMENTO DE ESTRADAS DE RODAGEM,2301520 DER/DI/GAO - COMPRAS,11318,-,Intenção,Ouro Preto,01/07/2022,30/12/2025,2021,5625000
2300 DEPARTAMENTO DE ESTRADAS DE RODAGEM,2301520 DER/DI/GAO - COMPRAS,11790,-,Obra em Execução,"DC-003/2022-Complementação da execução dos serviços de apoio a supervisão de obras rodoviárias e OAES's no trecho Caeté - Barão de Cocais e Contorno de Barão de Cocais, na Rodovia MGC-262.",03/02/2022,29/05/2025,2022,3341163
2300 DEPARTAMENTO DE ESTRADAS DE RODAGEM,2301520 DER/DI/GAO - COMPRAS,11903,-,Em Concepção e Planejamento,"DC 006-2022-COMPLEMENTAÇÃO DOS TRABALHOS DE MELHORAMENTO E PAVIMENTAÇÃO DO TRECHO ENTR. ENTRE RIBEIROS (DISTRITO PARACATU) - ENTR. MG-181, (ESTACA 1.250 A 3.271), COM 40,42 KM, NA RODOVIA LMG-680.",21/04/2022,19/04/2025,2022,65975533
2300 DEPARTAMENTO DE ESTRADAS DE RODAGEM,2301520 DER/DI/GAO - COMPRAS,11907,-,Em Concepção e Planejamento,"DC-001/2022-EXECUÇÃO DOS SERVIÇOS DE MELHORAMENTO E PAVIMENTAÇÃO DO TRECHO JANUÁRIA- TEJUCO, COM 22 KM DE EXTENSÃO, NA RODOVIA MGC-479 E MELHORAMENTO E PAVIMENTAÇÃO DO TRECHO TEJUCO PANDEIROS,COM 24,61 KM DE EXTENSÃO, NA RODOVIA MGC-479.",02/04/2022,04/04/2026,2022,45152642
2300 DEPARTAMENTO DE ESTRADAS DE RODAGEM,2301520 DER/DI/GAO - COMPRAS,11910,-,Em Concepção e Planejamento,"DC-008/2022-O APOIO A SUPERVISÃO DE OBRAS RODOVIÁRIAS NOS TRECHOS JANUÁRIA - TEJUCO, COM 22 KM DE EXTENSÃO E TEJUCO-PANDEIROS, COM 24,61 KM DE EXTENSÃO, NARODOVIA MGC/479.",19/04/2022,19/12/2025,2022,2519553
2300 DEPARTAMENTO DE ESTRADAS DE RODAGEM,2301520 DER/DI/GAO - COMPRAS,11921,-,Em Concepção e Planejamento,"PRC-22.002/2014-MELHORAMENTO E PAVIMENTAÇÃO DO TRECHO ESMERALDAS-SÃO JOSE DA VARGINHA, COM 31,78 KM DE EXTENSAO, NA RODOVIA MG/060(CAMINHOS DE MINAS",24/01/2014,31/01/2025,2022,71258356
2300 DEPARTAMENTO DE ESTRADAS DE RODAGEM,2301520 DER/DI/GAO - COMPRAS,12086,-,Em Concepção e Planejamento,"Apoio à supervisão de obras de melhoramento e pavimentação no trecho Papagaios - Pompéu, extensão de 44,78 km, na rodovia MG-060.",02/02/2023,03/03/2025,2023,2202772
2300 DEPARTAMENTO DE ESTRADAS DE RODAGEM,2301520 DER/DI/GAO - COMPRAS,12101,-,Em Concepção e Planejamento,"DC 021/2022-Melhoramento e pavimentação do trecho Entrº MGC-262 (Sabará) Entrº MG-030 (Nova Lima), extensão de12,600 km, na Rodovia MG-43",11/02/2023,11/01/2025,2023,2146927
2300 DEPARTAMENTO DE ESTRADAS DE RODAGEM,2301520 DER/DI/GAO - COMPRAS,12102,-,Em Concepção e Planejamento,"DC 021/2022-Melhoramento e pavimentação do trecho Entrº MGC-262 (Sabará) Entrº MG-030 (Nova Lima), extensão de12,600 km, na Rodovia MG-43",17/07/2022,17/06/2025,2023,24695954
2300 DEPARTAMENTO DE ESTRADAS DE RODAGEM,2301520 DER/DI/GAO - COMPRAS,12140,-,Obra em Execução,"Dc 008/2023-IMPLANTAÇÃO E PAVIMENTAÇÃO DO TRECHO SERRO (ALÇA CONTORNO BAIRRO MACHADINHO) - ENTR. MG-010, EXTENSÃO DE 1,36 KM, RECUPERAÇÃO FUNCIONAL DO PAVIMENTO NO TRECHO CONTORNO SUL DO SERRO, EXTENSÃO DE 7,8 KM, RODOVIAS MGC-259 E MG-010 E RECUPERAÇÃO FUNCIONAL DO PAVIMENTO NO TRECHO SERRO.",25/04/2023,14/03/2025,2023,28722630
2300 DEPARTAMENTO DE ESTRADAS DE RODAGEM,2301520 DER/DI/GAO - COMPRAS,12155,-,Em Concepção e Planejamento,DC-002/2023- COMPLEMENTAÇÃO DA EXECUÇÃO DOS SERVIÇOS DE APOIO A SUPERVISÃO DE OBRAS RODOVIÁRIAS NO TRECHO PAULA CÂNDIDO - ENTR. MG-124 (DIVINÉSIA).,17/02/2023,17/03/2025,2023,2256978
2300 DEPARTAMENTO DE ESTRADAS DE RODAGEM,2301520 DER/DI/GAO - COMPRAS,12156,-,Em Concepção e Planejamento,"DC-024/2022 -CONTRATO QUE ENTRE SI FAZEM O DEPARTAMENTO DE EDIFICAÇÕES E ESTRADAS DE RODAGEM DO ESTADO DE MINAS GERAIS E ABRIL CONSTRUÇÕES E SERVIÇOS LTDA, PARA O MELHORAMENTO E PAVIMENTAÇÃO DO TRECHO PAULA CÂNDIDO - ENTR. MG-124 (DIVINÉSIA), EXTENSÃO DE 16,00 KM, NA RODOVIA MG-280.",17/02/2023,17/02/2025,2023,28166021
2300 DEPARTAMENTO DE ESTRADAS DE RODAGEM,2301520 DER/DI/GAO - COMPRAS,12158,-,Em Concepção e Planejamento,"Apoio à supervisão de obras de melhoramentos e pavimentação na rodovia MG-414, trecho Araguari (distrito de Amanhece) - divisa MG/GO, extensão de 24,3 k",13/05/2023,13/12/2025,2023,3606476
2300 DEPARTAMENTO DE ESTRADAS DE RODAGEM,2301520 DER/DI/GAO - COMPRAS,12159,-,Em Concepção e Planejamento,"DC-007/2021-Supervisão de Obras Rodoviárias no trecho Marliéria - Parque Estadual do Rio Doce, com 14,000 km de extensão, na Rodovia AMG-403",20/05/2022,06/02/2025,2023,757903
2300 DEPARTAMENTO DE ESTRADAS DE RODAGEM,2301520 DER/DI/GAO - COMPRAS,12172,-,Em Concepção e Planejamento,"DC-010/2023-Recuperação Funcional do Pavimento no, trecho Congonhas do Norte - Conceição do Mato Dentro, com 43,30km de extensão 8203; Rodovia LMG-739",18/05/2023,18/05/2025,2023,55658077
2300 DEPARTAMENTO DE ESTRADAS DE RODAGEM,2301520 DER/DI/GAO - COMPRAS,12175,-,Em Concepção e Planejamento,"DC -007/2023-Melhoramentos e Pavimentação na Rodovia MG-415, trecho Morada Nova de Minas - Entrº BR-040, com 36,85km de extensão.",05/05/2023,05/02/2026,2023,58760501
2300 DEPARTAMENTO DE ESTRADAS DE RODAGEM,2301520 DER/DI/GAO - COMPRAS,12249,-,Em Concepção e Planejamento,"ELABORAÇÃO DE PROJETO DE ENGENHARIA RODOVIÁRIA PARA MELHORAMENTOS, PAVIMENTAÇÃO E OAE - LOTE 1: TRECHOS: CABECEIRA GRANDE - DIVISA MG-DF; ENTR. BR/479 (CABECEIRA DA MATA) - ENTR. LMG/628 (GARAPUAVA); NATALÂNDIA - ENTR. BR/251, E UNAÍ (CONTORNO)",29/08/2023,23/08/2025,2023,5042730
2300 DEPARTAMENTO DE ESTRADAS DE RODAGEM,2301520 DER/DI/GAO - COMPRAS,12250,-,Em Concepção e Planejamento,"ELABORAÇÃO DE PROJETO DE ENGENHARIA RODOVIÁRIA PARA MELHORAMENTOS, PAVIMENTAÇÃO E OAE - LOTE 3:TRECHOS: CAETÉ - MORRO VERMELHO - RAPOSOS; ENTR.MG-129 (CATAS ALTAS) - FONSECA - ALVINÓPOLIS; RAVENA (ENTR. BR/381) - SABARÁ; PONTE NOVA - BARRA LONGA",25/08/2023,03/05/2025,2023,6173973
2300 DEPARTAMENTO DE ESTRADAS DE RODAGEM,2301520 DER/DI/GAO - COMPRAS,12251,-,Em Concepção e Planejamento,"ELABORAÇÃO DE PROJETO DE ENGENHARIA RODOVIÁRIA PARA MELHORAMENTOS, PAVIMENTAÇÃO E OAE - LOTE 5: TRECHOS: ARAÇUAÍ - NOVO CRUZEIRO, RODOVIA LMG/678; NOVO CRUZEIRO -LADAINHA, RODOVIA MUNICIPAL, E RUBIM - RIO DO PRADO, MG 406,",24/08/2023,03/05/2025,2023,7053153
2300 DEPARTAMENTO DE ESTRADAS DE RODAGEM,2301520 DER/DI/GAO - COMPRAS,12253,-,Em Concepção e Planejamento,"ELABORAÇÃO DE PROJETO DE ENGENHARIA RODOVIÁRIA PARA MELHORAMENTOS, PAVIMENTAÇÃO E OAE - LOTE 7: TRECHO: MARILAC - NACIP RAYDAN (ENTR. P/ SÃO JOSÉ DA SAFIRA), CENTRAL DE MINAS - MENDES PIMENTEL, SÃO JOSÉ DO DIVINO - SÃO FÉLIX DE MINAS, TARUMIRIM - ITANHOMI, ALVARENGA - CONSELHEIRO PENA",25/08/2023,23/08/2025,2023,6324008
2300 DEPARTAMENTO DE ESTRADAS DE RODAGEM,2301520 DER/DI/GAO - COMPRAS,12254,-,Em Concepção e Planejamento,"ELABORAÇÃO DE PROJETO DE ENGENHARIA RODOVIÁRIA PARA MELHORAMENTOS, PAVIMENTAÇÃO E OAE - LOTE 8: TRECHOS: BOM JESUS DO GALHO - CÓRREGO NOVO, VERMELHO NOVO - ENTR. BR/116, ENTR LMG 760 -DIONÍSIO, RAUL SOARES - CAPUTIRA E CONTORNO DE RAUL SOARES, SÃO DOMINGOS DO PRATA - DOM SILVÉRIO",25/08/2023,23/08/2025,2023,7889882
2300 DEPARTAMENTO DE ESTRADAS DE RODAGEM,2301520 DER/DI/GAO - COMPRAS,12255,-,Em Concepção e Planejamento,"ELABORAÇÃO DE PROJETO DE ENGENHARIA RODOVIÁRIA PARA MELHORAMENTOS, PAVIMENTAÇÃO E OAE LOTE 9: ANEL RODOVIÁRIO DE PONTE NOVA, RODOVIA CONTORNO, ORATÓRIOS - AMPARO DO SERRA, CIPOTÂNEA - BRÁS PIRES, CIPOTÂNEA - RIO ESPERA, PORTO FIRME - PRESIDENTE BERNARDES, PRESIDENTE BERNARDES - BRÁS PIRES",24/08/2023,23/08/2025,2023,5085275
2300 DEPARTAMENTO DE ESTRADAS DE RODAGEM,2301520 DER/DI/GAO - COMPRAS,12340,-,Em Concepção e Planejamento,"DC - 015/2023-Complementação da construção de ponte sobre o rio Uberabinha, 78,00 x 14,80 m, no trecho Contorno Sul de Uberlândia, estaca 511+14",10/11/2023,10/01/2025,2023,5983123
2300 DEPARTAMENTO DE ESTRADAS DE RODAGEM,2301520 DER/DI/GAO - COMPRAS,12385,-,Obra em Execução,"Complementação do melhoramento e pavimentação no trecho Fronteira dos Vales - Entr. MG-205 (Joaíma), com 13,60 km de extensão, na Rodovia MG-105",30/12/2023,30/12/2025,2024,19945868
2300 DEPARTAMENTO DE ESTRADAS DE RODAGEM,2301520 DER/DI/GAO - COMPRAS,12404,-,Em Concepção e Planejamento,"DC-018/2023-Execução das serviço de Aumento de capacidade e Recuperação de Rodovia (aumento de capacidade) no trecho Três Pontas - Varginhas (Estaca 80 a 610), com 10,60 km de extensão, na Rodovia MG-167",27/12/2023,25/02/2025,2024,9115302
2300 DEPARTAMENTO DE ESTRADAS DE RODAGEM,2301520 DER/DI/GAO - COMPRAS,12405,-,Intenção,"DC-001/2024- Apoio à Supervisão de obras rodoviárias de Recuperação Funcional do Pavimento na Rodovia LMG-739, trecho Congonhas do Norte - Conceição do Mato Dentro, com 43,30 km",05/03/2024,05/08/2025,2024,2073540
2300 DEPARTAMENTO DE ESTRADAS DE RODAGEM,2301520 DER/DI/GAO - COMPRAS,12407,-,Em Concepção e Planejamento,"DC 026/2022-Objeto do processo: apoio à supervisão da complementação das obras de melhoramento, pavimentação no trecho Fronteira dos Vales - Entr. MG-205 (Joaíma) , com 13,60 km de extensão, na rodovia MG-105.",11/12/2023,10/02/2025,2024,1692004
2300 DEPARTAMENTO DE ESTRADAS DE RODAGEM,2301520 DER/DI/GAO - COMPRAS,12414,-,Em Concepção e Planejamento,"Complementação do Melhoramento e pavimentação do trecho Pintópolis - Urucuia (Lote 1), extensão de 21,753 km, e (Lote 2), extensão de 51,440 km, na rodovia MG-402.",14/03/2024,13/09/2026,2024,93054805
2300 DEPARTAMENTO DE ESTRADAS DE RODAGEM,2301520 DER/DI/GAO - COMPRAS,12425,-,Em Concepção e Planejamento,"Complementação dos serviços de Implantação da Interseção de Acesso a Fábrica McCain, na Rodovia BR262/MG, trecho Divisa ES/MG - Entr° BR/153 (B) / Fim da Ponte sobre o Rio Grande (Divisa MG/SP)",12/04/2024,18/01/2025,2024,6498650
2300 DEPARTAMENTO DE ESTRADAS DE RODAGEM,2301520 DER/DI/GAO - COMPRAS,12427,-,Em Concepção e Planejamento,"ELABORAÇÃO DE PROJETO DE ENGENHARIA RODOVIÁRIA DE RECUPERAÇÃO ESTRUTURAL DA PONTE SOBRE O RIO PARACATU NO TRECHO JOÃO PINHEIRO - BRASILÂNDIA DE MINAS, RODOVIA MG/181",05/04/2024,18/01/2025,2024,469486
2300 DEPARTAMENTO DE ESTRADAS DE RODAGEM,2301520 DER/DI/GAO - COMPRAS,12442,-,Em Concepção e Planejamento,"Projeto de Restauração e Aumento de Capacidade do trecho Serro - Trinta Réis, rodovia CMG-259.",17/04/2024,30/06/2026,2024,1922644
2300 DEPARTAMENTO DE ESTRADAS DE RODAGEM,2301520 DER/DI/GAO - COMPRAS,12443,-,Em Concepção e Planejamento,"DC 010/2024- Construção da Ponte sobre o Rio Matipó e Implantação de Interseção na Rodovia LMG-840, trecho Entr° BR262 (Padre Fialho) - Pedra Bonita - Dimensões: (54,10 x 10,30)m",26/04/2024,25/10/2025,2024,4819049
2300 DEPARTAMENTO DE ESTRADAS DE RODAGEM,2301520 DER/DI/GAO - COMPRAS,12455,-,Em Concepção e Planejamento,DC-008/2024-Serviços de apoio a supervisão de obras rodoviárias no trecho Morada Nova de Minas - Entr. BR/040,07/05/2024,22/05/2027,2024,3345699
2300 DEPARTAMENTO DE ESTRADAS DE RODAGEM,2301520 DER/DI/GAO - COMPRAS,12462,-,Em Concepção e Planejamento,"DC - 004/2024- Execução dos serviços de encabeçamento da Ponte sobre o Rio São Domingos na Rodovia MGC-265, trecho Entr° Mercês - Rio Pomba, com 1,050 km de extensão.",13/03/2024,09/01/2025,2024,2814931
2300 DEPARTAMENTO DE ESTRADAS DE RODAGEM,2301601 DER/DPEI,12099,-,Intenção,"APOIO À SUPERVISÃO AMBIENTAL E AOS PROCEDIMENTOS AMBIENTAIS NECESSÁRIOS À REGULARIZAÇÃO AMBIENTAL DAS OBRAS DE EDIFICAÇÕES E RODOVIÁRIAS DO DEPARTAMENTO DE EDIFICAÇÕES E ESTRADAS DE RODAGEM DE MINAS GERAIS – DER/MG. INCLUSO NO PPAG E NO PROGRAMA DE ""INFRAESTRUTURA RODOVIÁRIA""",16/02/2023,16/02/2028,2023,14747702
2300 DEPARTAMENTO DE ESTRADAS DE RODAGEM,2301601 DER/DPEI,12122,-,Em Concepção e Planejamento,"A CONTRATAÇÃO DE EMPRESA DE ENGENHARIA CONSULTIVA PARA A PRESTAÇÃO DE SERVIÇOS DE APOIO TÉCNICO AO DER/MG, NA ÁREA DE PROJETO DE ENGENHARIA RODOVIÁRIA",31/03/2023,30/11/2025,2023,19915653
2300 DEPARTAMENTO DE ESTRADAS DE RODAGEM,2301601 DER/DPEI,12125,-,Em Concepção e Planejamento,TRECHO: ENTRº MG161 (SÃO ROMÃO) - ENTRº MG-161 (PORTO DE SÃO ROMÃO) - (PONTE SOBRE O RIO SÃO FRANCISCO E VARIANTE),31/03/2023,30/03/2025,2023,3655796
2300 DEPARTAMENTO DE ESTRADAS DE RODAGEM,2301601 DER/DPEI,12326,-,Em Concepção e Planejamento,"MELHORAMENTOS, PAVIMENTAÇÃO E OAE - LOTE 10: TRECHOS: ITAMARATI DE MINAS - DESCOBERTO, RODOVIA MUNICIPAL, MAR DE ESPANHA - DIVISA MG/RJ, RODOVIA MGC/126, CATAGUASES - LARANJAL, RODOVIA MUNICIPAL, GUIDOVAL - MIRAÍ, RODOVIA CMG-236",17/11/2023,17/11/2025,2023,5820892
2300 DEPARTAMENTO DE ESTRADAS DE RODAGEM,2301762 DER/DM/GMR,10940,-,Intenção,Manutenção e Conservação (KM) - 17ª RRG - PONTE NOVA,01/01/2020,01/01/2025,2019,18676800
2300 DEPARTAMENTO DE ESTRADAS DE RODAGEM,2301762 DER/DM/GMR,10941,-,Intenção,Manutenção e Conservação (KM) - 18ª RRG,01/01/2020,01/01/2025,2019,16319130
2300 DEPARTAMENTO DE ESTRADAS DE RODAGEM,2301762 DER/DM/GMR,10942,-,Intenção,Manutenção e Conservação (KM) - 20ª CRG,01/01/2020,01/01/2025,2019,14227181
2300 DEPARTAMENTO DE ESTRADAS DE RODAGEM,2301762 DER/DM/GMR,10943,-,Intenção,Manutenção e Conservação (KM) - 24ª CRG,01/01/2020,01/01/2025,2019,10914725
2300 DEPARTAMENTO DE ESTRADAS DE RODAGEM,2301762 DER/DM/GMR,10944,-,Intenção,Manutenção e Conservação (KM) - 26ª CRG,01/01/2020,01/01/2025,2019,14773803
2300 DEPARTAMENTO DE ESTRADAS DE RODAGEM,2301762 DER/DM/GMR,10945,-,Intenção,Manutenção e Conservação (KM) - 30ª CRG,01/01/2020,01/01/2025,2019,20321809
2300 DEPARTAMENTO DE ESTRADAS DE RODAGEM,2301762 DER/DM/GMR,10946,-,Intenção,Manutenção e Conservação (KM) - 31ª RRG,01/01/2020,01/01/2025,2019,31722155
2300 DEPARTAMENTO DE ESTRADAS DE RODAGEM,2301762 DER/DM/GMR,10947,-,Intenção,Manutenção e Conservação (KM) - 34ª RRG,01/01/2020,01/01/2025,2019,13459152
2300 DEPARTAMENTO DE ESTRADAS DE RODAGEM,2301762 DER/DM/GMR,10948,-,Intenção,Recuperação Funcional - 06ª CRG Montes Claros,01/01/2020,01/01/2025,2019,13382750
2300 DEPARTAMENTO DE ESTRADAS DE RODAGEM,2301762 DER/DM/GMR,10949,-,Intenção,Recuperação Funcional - 08ª CRG Diamantina,01/01/2020,01/01/2025,2019,37310000
2300 DEPARTAMENTO DE ESTRADAS DE RODAGEM,2301762 DER/DM/GMR,10950,-,Intenção,Recuperação Funcional - 09ª CRG Curvelo,01/01/2020,01/01/2025,2019,20910000
2300 DEPARTAMENTO DE ESTRADAS DE RODAGEM,2301762 DER/DM/GMR,10951,-,Intenção,Recuperação Funcional - 32ª RRG Janaúba,01/01/2020,01/01/2025,2019,50045000
2300 DEPARTAMENTO DE ESTRADAS DE RODAGEM,2301762 DER/DM/GMR,10952,-,Intenção,Recuperação Funcional - 33ª RRG Pirapora,01/01/2020,01/01/2025,2019,14375000
2300 DEPARTAMENTO DE ESTRADAS DE RODAGEM,2301762 DER/DM/GMR,10953,-,Intenção,Recuperação Funcional - 34ª RRG Salinas,01/01/2020,01/01/2025,2019,23520000
2300 DEPARTAMENTO DE ESTRADAS DE RODAGEM,2301762 DER/DM/GMR,10954,-,Intenção,Recuperação Funcional - 37ª RRG Januária,01/01/2020,01/01/2025,2019,14960000
2300 DEPARTAMENTO DE ESTRADAS DE RODAGEM,2301762 DER/DM/GMR,10955,-,Intenção,Recuperação Funcional - 01ª CRG Belo Horizonte,01/01/2020,01/01/2025,2019,88479847
2300 DEPARTAMENTO DE ESTRADAS DE RODAGEM,2301762 DER/DM/GMR,10956,-,Intenção,Recuperação Funcional - 02ª RRG Guanhaes,01/01/2020,01/01/2025,2019,8385736
2300 DEPARTAMENTO DE ESTRADAS DE RODAGEM,2301762 DER/DM/GMR,10957,-,Intenção,Recuperação Funcional - 04ª CRG Barbacena,01/01/2020,01/01/2025,2019,4170492
2300 DEPARTAMENTO DE ESTRADAS DE RODAGEM,2301762 DER/DM/GMR,10958,-,Intenção,Recuperação Funcional - 05ª RRG Uba,01/01/2020,01/01/2025,2019,16794076
2300 DEPARTAMENTO DE ESTRADAS DE RODAGEM,2301762 DER/DM/GMR,10959,-,Intenção,Recuperação Funcional - 07ª RRG Araxá,01/01/2020,01/01/2025,2019,29253690
2300 DEPARTAMENTO DE ESTRADAS DE RODAGEM,2301762 DER/DM/GMR,10960,-,Intenção,Recuperação Funcional - 10ª CRG Varginha,01/01/2020,01/01/2025,2019,29253690
2300 DEPARTAMENTO DE ESTRADAS DE RODAGEM,2301762 DER/DM/GMR,10961,-,Intenção,Recuperação Funcional - 11ª CRG Uberlândia,01/01/2020,01/01/2025,2019,19922459
2300 DEPARTAMENTO DE ESTRADAS DE RODAGEM,2301762 DER/DM/GMR,10962,-,Intenção,Recuperação Funcional - 15ª RRG Poços de caldas,01/01/2020,01/01/2025,2019,18827459
2300 DEPARTAMENTO DE ESTRADAS DE RODAGEM,2301762 DER/DM/GMR,10963,-,Intenção,Recuperação Funcional - 16ª RRG Oliveira,01/01/2020,01/01/2025,2019,34833690
2300 DEPARTAMENTO DE ESTRADAS DE RODAGEM,2301762 DER/DM/GMR,10964,-,Intenção,Recuperação Funcional - 17ª RRG Ponte Nova,01/01/2020,01/01/2025,2019,42258690
2300 DEPARTAMENTO DE ESTRADAS DE RODAGEM,2301762 DER/DM/GMR,10965,-,Intenção,Recuperação Funcional - 18ª RRG Monte Carmelo,01/01/2020,01/01/2025,2019,49053690
2300 DEPARTAMENTO DE ESTRADAS DE RODAGEM,2301762 DER/DM/GMR,10966,-,Intenção,Recuperação Funcional - 19ª RRG Itajubá,01/01/2020,01/01/2025,2019,115723541
2300 DEPARTAMENTO DE ESTRADAS DE RODAGEM,2301762 DER/DM/GMR,10967,-,Intenção,Recuperação Funcional - 20ª CRG Formiga,01/01/2020,01/01/2025,2019,21452707
2300 DEPARTAMENTO DE ESTRADAS DE RODAGEM,2301762 DER/DM/GMR,10968,-,Intenção,Recuperação Funcional - 21ª RRG Jequitinhonha,01/01/2020,01/01/2025,2019,24243076
2300 DEPARTAMENTO DE ESTRADAS DE RODAGEM,2301762 DER/DM/GMR,10969,-,Intenção,Recuperação Funcional - 23ª CRG Governador Valadares,01/01/2020,01/01/2025,2019,13336597
2300 DEPARTAMENTO DE ESTRADAS DE RODAGEM,2301762 DER/DM/GMR,10970,-,Intenção,Recuperação Funcional - 25ª CRG Uberaba,01/01/2020,01/01/2025,2019,29253690
2300 DEPARTAMENTO DE ESTRADAS DE RODAGEM,2301762 DER/DM/GMR,10971,-,Intenção,Recuperação Funcional - 27ª RRG Pedra Azul,01/01/2020,01/01/2025,2019,29253690
2300 DEPARTAMENTO DE ESTRADAS DE RODAGEM,2301762 DER/DM/GMR,10972,-,Intenção,Recuperação Funcional - 28ª CRG Teofilo Otoni,01/01/2020,01/01/2025,2019,71737384
2300 DEPARTAMENTO DE ESTRADAS DE RODAGEM,2301762 DER/DM/GMR,10973,-,Intenção,Recuperação Funcional - 29ª CRG Manhumirim,01/01/2020,01/01/2025,2019,35973690
2300 DEPARTAMENTO DE ESTRADAS DE RODAGEM,2301762 DER/DM/GMR,10974,-,Intenção,Recuperação Funcional - 30ª CRG Juiz de Fora,01/01/2020,01/01/2025,2019,10471227
2300 DEPARTAMENTO DE ESTRADAS DE RODAGEM,2301762 DER/DM/GMR,10975,-,Intenção,Recuperação Funcional - 31ª RRG Ituiutaba,01/01/2020,01/01/2025,2019,2835366
2300 DEPARTAMENTO DE ESTRADAS DE RODAGEM,2301762 DER/DM/GMR,10976,-,Intenção,Recuperação Funcional - 35ª RRG Abaeté,01/01/2020,01/01/2025,2019,2505492
2300 DEPARTAMENTO DE ESTRADAS DE RODAGEM,2301762 DER/DM/GMR,10977,-,Intenção,Recuperação Funcional - 39ª RRG Joao Pinheiro,01/01/2020,01/01/2025,2019,8041227
2300 DEPARTAMENTO DE ESTRADAS DE RODAGEM,2301762 DER/DM/GMR,10978,-,Intenção,Recuperação Funcional - 40ª CRG Coronel Fabriciano,01/01/2020,01/01/2025,2019,9841227
2300 DEPARTAMENTO DE ESTRADAS DE RODAGEM,2301762 DER/DM/GMR,11026,DM-22.010/19,Obra em Execução,"Execuçãodos serviços de manutenção rodoviária de natureza continuada para conservação rotineira e periódica, serviços de urgência e pequenos melhoramentos, bem como reparações do corpo estradal e seus dispositivos, na Linha Verde e Complexo Viário da Cidade Administrativa (1ª CRG do DEER/MG).",03/01/2020,26/01/2025,2020,46288964
2300 DEPARTAMENTO DE ESTRADAS DE RODAGEM,2301762 DER/DM/GMR,11039,DM-22.003/2020,Obra em Execução,"DM-22.003/2020 - execucao dos serviços de manutencao rodoviaria de natureza continuada para conservacao rotineira e periodica, serviços de urgencia e pequenos melhoramentos, bem como reparacoes do corpo estradal e seus dispositivosda 30ª URG - Juiz de Fora do DER/MG.",07/03/2020,17/03/2025,2020,33055490
2300 DEPARTAMENTO DE ESTRADAS DE RODAGEM,2301762 DER/DM/GMR,11043,DM-22.004/2020,Obra em Execução,"Execução dos serviços de manutenção rodoviária de natureza continuada para conservação rotineira e periódica, serviços de urgência e pequenos melhoramentos, bem como reparações do corpo estradal e seus dispositivos restrita ao âmbito da 18ª URG - Monte Carmelo do DER/MG.",13/03/2020,18/03/2025,2020,41749862
2300 DEPARTAMENTO DE ESTRADAS DE RODAGEM,2301762 DER/DM/GMR,11044,DM-22.007/2020,Obra em Execução,"Execução dos serviços de manutenção rodoviária de natureza continuada para conservação rotineira e periódica, serviços de urgência e pequenos melhoramentos, bem como reparações do corpo estradal e seus dispositivos. A execução está restrita ao âmbito de circunscrição da 34ª URG - Salinas do DER/MG.",19/03/2020,31/03/2025,2020,18349212
2300 DEPARTAMENTO DE ESTRADAS DE RODAGEM,2301762 DER/DM/GMR,11045,DM-22.008/2020,Obra em Execução,"Execução dos serviços de manutenção rodoviária de natureza continuada para conservação rotineira e periódica, serviços de urgência e pequenos melhoramentos, bem como reparações do corpo estradal e seus dispositivos restrita ao âmbito de circunscrição da 26ª URG - Paracatu do DER/MG.",19/03/2020,31/03/2025,2020,22110571
2300 DEPARTAMENTO DE ESTRADAS DE RODAGEM,2301762 DER/DM/GMR,11047,DM-22.012/2020,Obra em Execução,"Execução dos serviços de manutenção rodoviária de natureza continuada para conservação rotineira e periódica, serviços de urgência e pequenos melhoramentos, bem como reparações do corpo estradal e seus dispositivos, sob circunscrição da 24ª URG do DER/MG.",21/03/2020,23/03/2025,2020,23444245
2300 DEPARTAMENTO DE ESTRADAS DE RODAGEM,2301762 DER/DM/GMR,11048,DM-22.009/2020,Obra em Execução,"DM-22.009/2020 - Exec. dos serviços de manutenção rodoviária de natureza continuada para conservação rotineira e periódica, serviços de urgência e pequenos melhoramentos, bem como reparações do corpo estradal e seus dispositivos. A execução dos serviços está restrita a 17ªURG - Ponte Nova do DER/MG",21/03/2020,05/04/2025,2020,47962997
2300 DEPARTAMENTO DE ESTRADAS DE RODAGEM,2301762 DER/DM/GMR,11049,DM-22.005/2020,Obra em Execução,"Execução dos serviços de manutenção rodoviária de natureza continuada para conservação rotineira e periódica, serviços de urgência e pequenos melhoramentos, bem como reparações do corpo estradal e seus dispositivos sob circunscrição da 31ª URG do DER/MG.",21/03/2020,05/04/2025,2020,23104189
2300 DEPARTAMENTO DE ESTRADAS DE RODAGEM,2301762 DER/DM/GMR,11055,DM-22.011/2020,Obra em Execução,"Execução dos serviços de manutenção rodoviária de natureza continuada para conservação rotineira e periódica, serviços de urgência e pequenos melhoramentos, bem como reparações do corpo estradal e seus dispositivos sob ao âmbito de circunscrição da 20ª URG do DER/MG.",21/03/2020,06/04/2025,2020,32221694
2300 DEPARTAMENTO DE ESTRADAS DE RODAGEM,2301762 DER/DM/GMR,11383,Rec.Func. 29URG,Obra em Execução,"Recuperação funcional do pavimento na rodovia MG-108, trecho Lajinha - Mutum",01/12/2021,31/01/2025,2021,8293441
2300 DEPARTAMENTO DE ESTRADAS DE RODAGEM,2301762 DER/DM/GMR,11823,DM-009/2022,Obra em Execução,"serviços de Manutenção rodoviária de natureza continuada para conservação rotineira e periódica, serviços de urgência e pequenos melhoramentos, bem como reparação do corpo estradal e seus dispositivos sob circunscrição da 29ª URG - Manhumirim",01/04/2022,04/04/2025,2022,29723604
2300 DEPARTAMENTO DE ESTRADAS DE RODAGEM,2301762 DER/DM/GMR,11987,Pts. Crít. 1ª,Intenção,Pontos Críticos - 1ª URG do DER/MG.,01/01/2023,30/04/2025,2022,40000000
2300 DEPARTAMENTO DE ESTRADAS DE RODAGEM,2301762 DER/DM/GMR,11988,Pts. Crít. 17ª,Intenção,Pontos Críticos - 17ª URG do DER/MG.,01/01/2023,30/04/2025,2022,40000000
2300 DEPARTAMENTO DE ESTRADAS DE RODAGEM,2301762 DER/DM/GMR,11989,Pts. Crít. 29ª,Intenção,Pontos Críticos - 29ª URG do DER/MG.,01/01/2023,30/04/2025,2022,35000000
2300 DEPARTAMENTO DE ESTRADAS DE RODAGEM,2301762 DER/DM/GMR,11990,Pts. Crít. 40ª,Intenção,Pontos Críticos - 40ª URG do DER/MG.,01/01/2023,30/04/2025,2022,35000000
2300 DEPARTAMENTO DE ESTRADAS DE RODAGEM,2301762 DER/DM/GMR,11991,Drenagem,Intenção,Limpeza de bueiro com hidrojateamento,01/01/2023,01/03/2025,2022,3600000
2300 DEPARTAMENTO DE ESTRADAS DE RODAGEM,2301762 DER/DM/GMR,11992,Drenagem,Intenção,Limpeza de bueiro com hidrojateamento,01/01/2023,01/03/2025,2022,3600000
2300 DEPARTAMENTO DE ESTRADAS DE RODAGEM,2301762 DER/DM/GMR,11993,Drenagem,Intenção,Limpeza de bueiro com hidrojateamento,01/01/2023,01/03/2025,2022,3600000
2300 DEPARTAMENTO DE ESTRADAS DE RODAGEM,2301762 DER/DM/GMR,11994,Drenagem,Intenção,Limpeza de bueiro com hidrojateamento,01/01/2023,01/03/2025,2022,3600000
2300 DEPARTAMENTO DE ESTRADAS DE RODAGEM,2301762 DER/DM/GMR,11995,Drenagem,Intenção,Limpeza de bueiro com hidrojateamento,01/01/2023,01/03/2025,2022,3600000
2300 DEPARTAMENTO DE ESTRADAS DE RODAGEM,2301762 DER/DM/GMR,11996,Drenagem,Intenção,Limpeza de bueiro com hidrojateamento,01/01/2023,01/03/2025,2022,3600000
2300 DEPARTAMENTO DE ESTRADAS DE RODAGEM,2301762 DER/DM/GMR,11997,Drenagem,Intenção,Limpeza de bueiro com hidrojateamento,01/01/2023,01/03/2025,2022,3600000
2300 DEPARTAMENTO DE ESTRADAS DE RODAGEM,2301762 DER/DM/GMR,11998,Drenagem,Intenção,Limpeza de bueiro com hidrojateamento,01/01/2023,01/03/2025,2022,3600000
2300 DEPARTAMENTO DE ESTRADAS DE RODAGEM,2301762 DER/DM/GMR,11999,Drenagem,Intenção,Limpeza de bueiro com hidrojateamento,01/01/2023,01/03/2025,2022,3600000
2300 DEPARTAMENTO DE ESTRADAS DE RODAGEM,2301762 DER/DM/GMR,12000,Drenagem,Intenção,Limpeza de bueiro com hidrojateamento,01/01/2023,01/03/2025,2022,3600000
2300 DEPARTAMENTO DE ESTRADAS DE RODAGEM,2301762 DER/DM/GMR,12113,DM-002/2023,Obra em Execução,"Recuperação Funcional do Pavimento na Rodovia MG-418, trecho Divisa BA/MG - Teófilo Otoni - subtrecho Divisa BA/MG - km 87 (Lote 1) e Rodovia LMG-719, trecho Nanuque - Divisa MG/ES",16/03/2023,16/03/2025,2023,25866417
2300 DEPARTAMENTO DE ESTRADAS DE RODAGEM,2301762 DER/DM/GMR,12194,DM-003/2023,Em Concepção e Planejamento,Recuperação de pontos críticos e passivo ambiental em trecho sob circunscrição da seguinte URG: LOTE 01: 40ª URG - CORONEL FABRICIANO,14/07/2023,13/07/2026,2023,22242891
2300 DEPARTAMENTO DE ESTRADAS DE RODAGEM,2301762 DER/DM/GMR,12196,DM-004/2023,Em Concepção e Planejamento,Recuperação de pontos críticos e passivo ambiental em trechos sob circunscrição da seguinte URG: LOTE 02: 29ª URG - MANHUMIRIM,14/07/2023,13/07/2026,2023,22571024
2300 DEPARTAMENTO DE ESTRADAS DE RODAGEM,2301762 DER/DM/GMR,12197,DM-005/2023,Em Concepção e Planejamento,Recuperação de pontos críticos e passivo ambiental em trechos sob circunscrição da seguinte URG: LOTE 03: 17ª URG - PONTE NOVA,13/07/2023,14/07/2026,2023,21301916
2300 DEPARTAMENTO DE ESTRADAS DE RODAGEM,2301762 DER/DM/GMR,12316,DM-017/2023,Em Concepção e Planejamento,"Recuperação funcional do pavimento na rodovia MG-164, trecho Bom Despacho - Martinho Campos e rodovia AMG-900, trecho Entrº BR/352 Albert Isaacson. A execução do serviço descrito está restrita ao âmbito de circunscrição da 35ª URG do DER-MG – Abaeté.",01/07/2023,26/02/2025,2023,27748875
2300 DEPARTAMENTO DE ESTRADAS DE RODAGEM,2301762 DER/DM/GMR,12318,DM-019/202,Em Concepção e Planejamento,"Recuperação funcional do pavimento na rodovia MG-311, trechos Pescador - Nova Módica e Nova Módica - São José do Divino. A execução dos serviços descritos está restrita ao âmbito de circunscrição da 23ª URG do DER-MG – Governador Valadares.",01/07/2023,26/02/2025,2023,14504451
2300 DEPARTAMENTO DE ESTRADAS DE RODAGEM,2301762 DER/DM/GMR,12325,DM-013/2023,Obra em Execução,"Recuperação funcional do pavimento na rodovia MG-188, trecho Paracatu - Guarda-Mor. A execução do serviço descrito está restrita ao âmbito de circunscrição da 26ª URG do DER-MG ? Paracatu.",29/11/2023,28/05/2025,2023,18380550
2300 DEPARTAMENTO DE ESTRADAS DE RODAGEM,2301762 DER/DM/GMR,12346,DM-026/2023,Em Concepção e Planejamento,"SERVIÇOS DE MANUTENÇÃO RODOVIÁRIA, CONSERVAÇÃO ROTINEIRA E PERIÓDICA, SERVIÇOS DE URGÊNCIA E PEQUENOS MELHORAMENTOS, BEM COMO REPARAÇÕES DO CORPO ESTRADAL E SEUS DISPOSITIVOS. A EXECUÇÃO DOS SERVIÇOS DESCRITOS ESTÁ RESTRITA AO ÂMBITO DE CIRCUNSCRIÇÃO DA 27ª UNIDADE REGIONAL PEDRA AZUL, DO DER-MG",22/12/2023,21/12/2025,2023,16978528
2300 DEPARTAMENTO DE ESTRADAS DE RODAGEM,2301762 DER/DM/GMR,12347,DM-027/2023,Cancelado,"SERVIÇOS DE MANUTENÇÃO RODOVIÁRIA, CONSERVAÇÃO ROTINEIRA E PERIÓDICA, SERVIÇOS DE URGÊNCIA E PEQUENOS MELHORAMENTOS, BEM COMO REPARAÇÕES DO CORPO ESTRADAL E SEUS DISPOSITIVOS. A EXECUÇÃO DOS SERVIÇOS DESCRITOS ESTÁ RESTRITA AO ÂMBITO DE CIRCUNSCRIÇÃO DA 32ª UNIDADE REGIONAL JANAÚBA, DO DER-MG",22/12/2023,21/12/2025,2023,15871866
2300 DEPARTAMENTO DE ESTRADAS DE RODAGEM,2301762 DER/DM/GMR,12360,-,Em Concepção e Planejamento,"SERVIÇOS DE MANUTENÇÃO RODOVIÁRIA, CONSERVAÇÃO ROTINEIRA E PERIÓDICA, SERVIÇOS DE URGÊNCIA E PEQUENOS MELHORAMENTOS, BEM COMO REPARAÇÕES DO CORPO ESTRADAL E SEUS DISPOSITIVOS. A EXECUÇÃO DOS SERVIÇOS DESCRITOS ESTÁ RESTRITA AO ÂMBITO DE CIRCUNSCRIÇÃO DA 22ª UNIDADE REGIONAL ARAÇUAÍ, DO DER-MG",28/12/2023,27/12/2025,2023,12892384
2300 DEPARTAMENTO DE ESTRADAS DE RODAGEM,2301762 DER/DM/GMR,12361,DM-029/2023,Em Concepção e Planejamento,"SERVIÇOS DE MANUTENÇÃO RODOVIÁRIA, CONSERVAÇÃO ROTINEIRA E PERIÓDICA, SERVIÇOS DE URGÊNCIA E PEQUENOS MELHORAMENTOS, BEM COMO REPARAÇÕES DO CORPO ESTRADAL E SEUS DISPOSITIVOS. A EXECUÇÃO DOS SERVIÇOS DESCRITOS ESTÁ RESTRITA AO ÂMBITO DE CIRCUNSCRIÇÃO DA 38ª UNIDADE REGIONAL CAPELINHA",28/12/2023,27/12/2025,2023,12514495
2300 DEPARTAMENTO DE ESTRADAS DE RODAGEM,2301762 DER/DM/GMR,12364,DM-023/2023,Obra em Execução,"RECUPERAÇÃO FUNCIONAL DO PAVIMENTO NA RODOVIA MG-428, TRECHO ENTRº BR-262 ( ARAXÁ) - DIVISA MG/SP. A EXECUÇÃO DOS SERVIÇOS DESCRITOS ESTÁ RESTRITA AO ÂMBITO DE CIRCUNSCRIÇÃO DA 7ª URG DO DER-MG – ARAXÁ",28/12/2023,27/12/2025,2023,43231851
2300 DEPARTAMENTO DE ESTRADAS DE RODAGEM,2301762 DER/DM/GMR,12365,DM-030/2023,Em Concepção e Planejamento,"SERVIÇOS DE MANUTENÇÃO RODOVIÁRIA, CONSERVAÇÃO ROTINEIRA E PERIÓDICA, SERVIÇOS DE URGÊNCIA E PEQUENOS MELHORAMENTOS, BEM COMO REPARAÇÕES DO CORPO ESTRADAL E SEUS DISPOSITIVOS. A EXECUÇÃO DOS SERVIÇOS DESCRITOS ESTÁ RESTRITA AO ÂMBITO DE CIRCUNSCRIÇÃO DA 40ª URG DO DER-MG",28/12/2023,27/12/2025,2023,12252807
2300 DEPARTAMENTO DE ESTRADAS DE RODAGEM,2301762 DER/DM/GMR,12370,DM-028/2023,Em Concepção e Planejamento,"LOTE 5: EXECUÇÃO, EM REGIME DE EMPREITADA, POR PREÇOS UNITÁRIOS, DOS SERVIÇOS DE MANUTENÇÃO RODOVIÁRIA, CONSERVAÇÃO ROTINEIRA E PERIÓDICA, SERVIÇOS DE URGÊNCIA E PEQUENOS MELHORAMENTOS, BEM COMO REPARAÇÕES DO CORPO ESTRADAL E SEUS DISPOSITIVOS SOB CIRCUNSCRIÇÃO DA 37ª URG - JANUÁRIA DO DER-MG",04/01/2024,03/01/2026,2024,13619980
2300 DEPARTAMENTO DE ESTRADAS DE RODAGEM,2301762 DER/DM/GMR,12379,DM-031/2023,Obra em Execução,"RECUPERAÇÃO FUNCIONAL NA RODOVIA AMG-0520, TRECHO ARACITABA - ENTRº MG-452 (P/ OLIVEIRA FORTES) E NA RODOVIA MG-452, TRECHO OLIVEIRA FORTES - PAIVA/ IMPLANTAÇÃO DE VARIANTES NA MG-452 (KM 14,5) E (KM 17)/ RECUPERAÇÃO DE TALUDE DE ATERRO COM MURO (KM 12,5) / SUBSTITUIÇÃO DE BUEIRO NO KM 24. (05ªURG)",06/01/2024,05/01/2026,2024,16984130
2300 DEPARTAMENTO DE ESTRADAS DE RODAGEM,2301762 DER/DM/GMR,12380,DM-001/2024,Em Concepção e Planejamento,"MANUTENÇÃO RODOVIÁRIA, CONSERVAÇÃO ROTINEIRA E PERIÓDICA, SERVIÇOS DE URGÊNCIA E PEQUENOS MELHORAMENTOS, BEM COMO REPARAÇÕES DO CORPO ESTRADAL E SEUS DISPOSITIVOS. A EXECUÇÃO DOS SERVIÇOS DESCRITOS ESTÁ RESTRITA AO ÂMBITO DE CIRCUNSCRIÇÃO DA 32ª UNIDADE REGIONAL JANAÚBA, DO DER-MG. (LOTE 04)",01/11/2023,01/02/2026,2024,14700835
2300 DEPARTAMENTO DE ESTRADAS DE RODAGEM,2301762 DER/DM/GMR,12381,DM-032/2023,Em Concepção e Planejamento,"RECUPERAÇÃO FUNCIONAL DO PAVIMENTO NA RODOVIA MGC-122, TRECHO NOVA PORTEIRINHA - JANAÚBA - ENTRº BR-251 E NA RODOVIA AMG-900, TRECHO ENTRº MGC-122 - CAPITÃO ENÉAS",01/11/2023,01/02/2026,2024,43983527
2300 DEPARTAMENTO DE ESTRADAS DE RODAGEM,2301762 DER/DM/GMR,12383,DM-002/2024,Em Concepção e Planejamento,"MANUTENÇÃO RODOVIÁRIA, CONSERVAÇÃO ROTINEIRA E PERIÓDICA, SERVIÇOS DE URGÊNCIA E PEQUENOS MELHORAMENTOS, BEM COMO REPARAÇÕES DO CORPO ESTRADAL E SEUS DISPOSITIVOS. A EXECUÇÃO DOS SERVIÇOS DESCRITOS ESTÁ RESTRITA AO ÂMBITO DE CIRCUNSCRIÇÃO DA 12ª URG DO DER-MG (LOTE 01)",01/11/2023,14/02/2026,2024,15787335
2300 DEPARTAMENTO DE ESTRADAS DE RODAGEM,2301762 DER/DM/GMR,12392,DM-003/2024,Em Concepção e Planejamento,"Recuperação funcional do pavimento da rodovia LMG-601, trecho Entrº LMG-634 p/ Almenara - Mata Verde / Estabilidade de taludes nos KMs: 28,30 - 36,10 - 42,80 - 51,60 - 58,30 - 58,50 - 58,80 e 59,20. A execução dos serviços descritos está restrita ao âmbito de circunscrição da 27ª URG do DER-MG",01/10/2023,22/02/2026,2024,46770711
2300 DEPARTAMENTO DE ESTRADAS DE RODAGEM,2301762 DER/DM/GMR,12402,DM-005/2024,Em Concepção e Planejamento,"SERVIÇOS DE MANUTENÇÃO RODOVIÁRIA, CONSERVAÇÃO ROTINEIRA E PERIÓDICA, SERVIÇOS DE URGÊNCIA E PEQUENOS MELHORAMENTOS, BEM COMO REPARAÇÕES DO CORPO ESTRADAL E SEUS DISPOSITIVOS. A EXECUÇÃO DOS SERVIÇOS DESCRITOS ESTÁ RESTRITA AO ÂMBITO DE CIRCUNSCRIÇÃO DA 25ª URG, DO DER-MG. (LOTE 05)",01/12/2023,17/03/2026,2024,33128884
2300 DEPARTAMENTO DE ESTRADAS DE RODAGEM,2301762 DER/DM/GMR,12403,DM-006/2024,Em Concepção e Planejamento,"Correção de traçado e reconstrução de drenagem pluvial na rodovia MGC-367, km 325,3; Pavimentação do perímetro urbano de Virgem da Lapa, do km 324 ao km 325 + 500; Recuperação de erosões e retaludamento de aterro na rodovia MG-114 - km 36 e 42, trecho Virgem da Lapa - Entrº LMG-677. 22ª URG do DER.",01/12/2023,13/09/2025,2024,5949066
2300 DEPARTAMENTO DE ESTRADAS DE RODAGEM,2301762 DER/DM/GMR,12416,DM-010/2024,Em Concepção e Planejamento,"DM-010/2024 - SERVIÇOS DE MANUTENÇÃO RODOVIÁRIA, CONSERVAÇÃO ROTINEIRA E PERIÓDICA, SERVIÇOS DE URGÊNCIA E PEQUENOS MELHORAMENTOS, BEM COMO REPARAÇÕES DO CORPO ESTRADAL E SEUS DISPOSITIVOS. A EXECUÇÃO DOS SERVIÇOS DESCRITOS ESTÁ RESTRITA AO ÂMBITO DE CIRCUNSCRIÇÃO DA 23ª URG, DO DER-MG. (LOTE 04)",01/12/2023,04/04/2027,2024,35181085
2300 DEPARTAMENTO DE ESTRADAS DE RODAGEM,2301762 DER/DM/GMR,12417,DM-011/2024,Em Concepção e Planejamento,"DM-011/2024 - SERVIÇOS DE MANUTENÇÃO RODOVIÁRIA, CONSERVAÇÃO ROTINEIRA E PERIÓDICA, SERVIÇOS DE URGÊNCIA E PEQUENOS MELHORAMENTOS, BEM COMO REPARAÇÕES DO CORPO ESTRADAL E SEUS DISPOSITIVOS. A EXECUÇÃO DOS SERVIÇOS DESCRITOS ESTÁ RESTRITA AO ÂMBITO DE CIRCUNSCRIÇÃO DA 33ª URG, DO DER-MG. (LOTE 06)",01/01/2024,05/04/2027,2024,25098045
2300 DEPARTAMENTO DE ESTRADAS DE RODAGEM,2301762 DER/DM/GMR,12418,DM-007/2024,Em Concepção e Planejamento,"SERVIÇOS DE MANUTENÇÃO RODOVIÁRIA, CONSERVAÇÃO ROTINEIRA E PERIÓDICA, SERVIÇOS DE URGÊNCIA E PEQUENOS MELHORAMENTOS, BEM COMO REPARAÇÕES DO CORPO ESTRADAL E SEUS DISPOSITIVOS. A EXECUÇÃO DOS SERVIÇOS DESCRITOS ESTÁ RESTRITA AO ÂMBITO DE CIRCUNSCRIÇÃO DA 04ª URG BARBACENA, DO DER-MG. (LOTE 01)",01/12/2023,08/04/2027,2024,41801981
2300 DEPARTAMENTO DE ESTRADAS DE RODAGEM,2301762 DER/DM/GMR,12419,DM-008/2024,Em Concepção e Planejamento,"SERVIÇOS DE MANUTENÇÃO RODOVIÁRIA, CONSERVAÇÃO ROTINEIRA E PERIÓDICA, SERVIÇOS DE URGÊNCIA E PEQUENOS MELHORAMENTOS, BEM COMO REPARAÇÕES DO CORPO ESTRADAL E SEUS DISPOSITIVOS. A EXECUÇÃO DOS SERVIÇOS DESCRITOS ESTÁ RESTRITA AO ÂMBITO DE CIRCUNSCRIÇÃO DA 07ª URG BARBACENA, DO DER-MG. (LOTE 02)",01/12/2023,08/04/2027,2024,31307062
2300 DEPARTAMENTO DE ESTRADAS DE RODAGEM,2301762 DER/DM/GMR,12420,DM-009/2024,Em Concepção e Planejamento,"DM-009/2024 - SERVIÇOS DE MANUTENÇÃO RODOVIÁRIA, CONSERVAÇÃO ROTINEIRA E PERIÓDICA, SERVIÇOS DE URGÊNCIA E PEQUENOS MELHORAMENTOS, BEM COMO REPARAÇÕES DO CORPO ESTRADAL E SEUS DISPOSITIVOS. A EXECUÇÃO DOS SERVIÇOS DESCRITOS ESTÁ RESTRITA AO ÂMBITO DE CIRCUNSCRIÇÃO DA 14ª URG, DO DER-MG. (LOTE 03)",01/12/2023,09/04/2027,2024,30648355
2300 DEPARTAMENTO DE ESTRADAS DE RODAGEM,2301762 DER/DM/GMR,12421,DM-012/2024,Em Concepção e Planejamento,"DM-012/2024 - SERVIÇOS DE MANUTENÇÃO RODOVIÁRIA, CONSERVAÇÃO ROTINEIRA E PERIÓDICA, SERVIÇOS DE URGÊNCIA E PEQUENOS MELHORAMENTOS, BEM COMO REPARAÇÕES DO CORPO ESTRADAL E SEUS DISPOSITIVOS. A EXECUÇÃO DOS SERVIÇOS DESCRITOS ESTÁ RESTRITA AO ÂMBITO DE CIRCUNSCRIÇÃO DA 35ª URG, DO DER-MG. (LOTE 07)",01/12/2023,09/04/2027,2024,29715773
2300 DEPARTAMENTO DE ESTRADAS DE RODAGEM,2301762 DER/DM/GMR,12433,DM-013/2024,Em Concepção e Planejamento,"RECUPERAÇÃO FUNCIONAL DO PAVIMENTO NA RODOVIA MGC- 496 E ATERRO SOBRE SOLO MOLE NO KM 102, TRECHO ENTRº BR-365 (PIRAPORA) - ENTRº BR-135 (CORINTO). A EXECUÇÃO DOS SERVIÇOS DESCRITOS ESTÁ RESTRITA AO ÂMBITO DE CIRCUNSCRIÇÃO DA 33ª URG DO DER-MG – PIRAPORA.",01/12/2023,16/04/2026,2024,67381497
2300 DEPARTAMENTO DE ESTRADAS DE RODAGEM,2301762 DER/DM/GMR,12436,DM-014/2024,Em Concepção e Planejamento,"DM-014/2024 - SERVIÇOS DE MANUTENÇÃO RODOVIÁRIA, CONSERVAÇÃO ROTINEIRA E PERIÓDICA, SERVIÇOS DE URGÊNCIA E PEQUENOS MELHORAMENTOS, BEM COMO REPARAÇÕES DO CORPO ESTRADAL E SEUS DISPOSITIVOS. A EXECUÇÃO DOS SERVIÇOS DESCRITOS ESTÁ RESTRITA AO ÂMBITO DE CIRCUNSCRIÇÃO DA 03ª URG, DO DER-MG. (LOTE 01)",01/01/2024,23/04/2027,2024,37310857
2300 DEPARTAMENTO DE ESTRADAS DE RODAGEM,2301762 DER/DM/GMR,12437,DM-018/2024,Em Concepção e Planejamento,"DM-018/2024 - SERVIÇOS DE MANUTENÇÃO RODOVIÁRIA, CONSERVAÇÃO ROTINEIRA E PERIÓDICA, SERVIÇOS DE URGÊNCIA E PEQUENOS MELHORAMENTOS, BEM COMO REPARAÇÕES DO CORPO ESTRADAL E SEUS DISPOSITIVOS. A EXECUÇÃO DOS SERVIÇOS DESCRITOS ESTÁ RESTRITA AO ÂMBITO DE CIRCUNSCRIÇÃO DA 36ª URG, DO DER-MG. (LOTE 07)",01/01/2024,23/04/2027,2024,37153802
2300 DEPARTAMENTO DE ESTRADAS DE RODAGEM,2301762 DER/DM/GMR,12438,DM-016/2024,Em Concepção e Planejamento,"SERVIÇOS DE MANUTENÇÃO RODOVIÁRIA, CONSERVAÇÃO ROTINEIRA E PERIÓDICA, SERVIÇOS DE URGÊNCIA E PEQUENOS MELHORAMENTOS, BEM COMO REPARAÇÕES DO CORPO ESTRADAL E SEUS DISPOSITIVOS. A EXECUÇÃO DOS SERVIÇOS DESCRITOS ESTÁ RESTRITA AO ÂMBITO DE CIRCUNSCRIÇÃO DA 13ª URG, DO DER-MG. (LOTE 03)",01/01/2024,24/04/2027,2024,33479428
2300 DEPARTAMENTO DE ESTRADAS DE RODAGEM,2301762 DER/DM/GMR,12439,DM-019/2024,Em Concepção e Planejamento,"REVITALIZAÇÃO DA SINALIZAÇÃO HORIZONTAL, VERTICAL E DISPOSITIVOS DE SEGURANÇA VIÁRIA. TRECHOS: MG-010; LMG-800; MARGINAIS (LD/LE); MG-424",01/01/2024,25/04/2026,2024,8049000
2300 DEPARTAMENTO DE ESTRADAS DE RODAGEM,2301762 DER/DM/GMR,12440,DM-015/2024,Em Concepção e Planejamento,"MANUTENÇÃO RODOVIÁRIA, CONSERVAÇÃO ROTINEIRA E PERIÓDICA, SERVIÇOS DE URGÊNCIA E PEQUENOS MELHORAMENTOS, BEM COMO REPARAÇÕES DO CORPO ESTRADAL E SEUS DISPOSITIVOS. A EXECUÇÃO DOS SERVIÇOS DESCRITOS ESTÁ RESTRITA AO ÂMBITO DE CIRCUNSCRIÇÃO DA 06ª URG DO DER-MG.",01/01/2024,29/04/2027,2024,33230907
2300 DEPARTAMENTO DE ESTRADAS DE RODAGEM,2301762 DER/DM/GMR,12441,DM-017/2024,Em Concepção e Planejamento,"MANUTENÇÃO RODOVIÁRIA, CONSERVAÇÃO ROTINEIRA E PERIÓDICA, SERVIÇOS DE URGÊNCIA E PEQUENOS MELHORAMENTOS, BEM COMO REPARAÇÕES DO CORPO ESTRADAL E SEUS DISPOSITIVOS. A EXECUÇÃO DOS SERVIÇOS DESCRITOS ESTÁ RESTRITA AO ÂMBITO DE CIRCUNSCRIÇÃO DA 21ª URG DO DER-MG.",01/01/2024,29/04/2027,2024,32023158
2300 DEPARTAMENTO DE ESTRADAS DE RODAGEM,2301762 DER/DM/GMR,12448,DM-020/2024,Em Concepção e Planejamento,"MANUTENÇÃO RODOVIÁRIA, CONSERVAÇÃO ROTINEIRA E PERIÓDICA, SERVIÇOS DE URGÊNCIA E PEQUENOS MELHORAMENTOS, BEM COMO REPARAÇÕES DO CORPO ESTRADAL E SEUS DISPOSITIVOS. A EXECUÇÃO DOS SERVIÇOS DESCRITOS ESTÁ RESTRITA AO ÂMBITO DE CIRCUNSCRIÇÃO DA 28ª URG DO DER-MG.",01/01/2024,13/05/2027,2024,34984519
2300 DEPARTAMENTO DE ESTRADAS DE RODAGEM,2301762 DER/DM/GMR,12449,DM-022/2024,Em Concepção e Planejamento,"MANUTENÇÃO RODOVIÁRIA, CONSERVAÇÃO ROTINEIRA E PERIÓDICA, SERVIÇOS DE URGÊNCIA E PEQUENOS MELHORAMENTOS, BEM COMO REPARAÇÕES DO CORPO ESTRADAL E SEUS DISPOSITIVOS. A EXECUÇÃO DOS SERVIÇOS DESCRITOS ESTÁ RESTRITA AO ÂMBITO DE CIRCUNSCRIÇÃO DA 16ª URG DO DER-MG.",01/01/2024,14/05/2027,2024,42788656
2310 UNIVERSIDADE ESTADUAL DE MONTES CLAROS,2311135 EGENHARIA E ARQUITETURA/PRPGF,6971,302013,Obra em Execução,Construção de escolas em atendimento ao Plano de Ações Articuladas PAR na cidade de Unaí-MG,02/01/2013,07/04/2025,2013,16736272
2320 FUNDACAO CENTRO DE HEMATOLOGIA E HEMOTERAPIA DE MG,2320312 COMPRAS/SEINFRA/HEMOMINAS,11819,0032022,Em Concepção e Planejamento,"ELAB.PROJ.EXECUT.CONST.NOVA SEDE DO HEMONUCLEO SAO JOAO DEL REI,DA METODOLOGIA BIM",04/03/2022,30/03/2025,2022,500000
2320 FUNDACAO CENTRO DE HEMATOLOGIA E HEMOTERAPIA DE MG,2320312 COMPRAS/SEINFRA/HEMOMINAS,11820,112022,Em Concepção e Planejamento,CONSTRUCAO DO HEMONUCLEO DE PONTE NOVA,25/03/2022,24/09/2025,2022,8276614
2320 FUNDACAO CENTRO DE HEMATOLOGIA E HEMOTERAPIA DE MG,2320312 COMPRAS/SEINFRA/HEMOMINAS,12496,1,Intenção,Execução de reforma da unidade de Ituiutaba,01/01/2024,31/12/2025,2024,470239
2320 FUNDACAO CENTRO DE HEMATOLOGIA E HEMOTERAPIA DE MG,2320312 COMPRAS/SEINFRA/HEMOMINAS,12497,2,Intenção,REFORMA DE UNIDADE DE ATENÇÃO ESPECIALIZADA EM SAÚDE,01/06/2024,10/10/2025,2024,578886
2320 FUNDACAO CENTRO DE HEMATOLOGIA E HEMOTERAPIA DE MG,2320312 COMPRAS/SEINFRA/HEMOMINAS,12498,3,Intenção,Pojetos executivos para várias unidades da Fundação Hemominas,01/01/2024,31/12/2025,2024,4514798
